/*
SQLyog Ultimate v11.11 (64 bit)
MySQL - 5.5.5-10.1.21-MariaDB : Database - ajbs
*********************************************************************
*/


/*!40101 SET NAMES utf8 */;

/*!40101 SET SQL_MODE=''*/;

/*!40014 SET @OLD_UNIQUE_CHECKS=@@UNIQUE_CHECKS, UNIQUE_CHECKS=0 */;
/*!40014 SET @OLD_FOREIGN_KEY_CHECKS=@@FOREIGN_KEY_CHECKS, FOREIGN_KEY_CHECKS=0 */;
/*!40101 SET @OLD_SQL_MODE=@@SQL_MODE, SQL_MODE='NO_AUTO_VALUE_ON_ZERO' */;
/*!40111 SET @OLD_SQL_NOTES=@@SQL_NOTES, SQL_NOTES=0 */;

/*Table structure for table `districts` */

DROP TABLE IF EXISTS `districts`;

CREATE TABLE `districts` (
  `id` char(7) COLLATE utf8_unicode_ci NOT NULL,
  `regency_id` char(4) COLLATE utf8_unicode_ci NOT NULL,
  `name` varchar(255) COLLATE utf8_unicode_ci NOT NULL,
  PRIMARY KEY (`id`),
  KEY `districts_id_index` (`regency_id`),
  CONSTRAINT `districts_regency_id_foreign` FOREIGN KEY (`regency_id`) REFERENCES `regencies` (`id`)
) ENGINE=InnoDB DEFAULT CHARSET=utf8 COLLATE=utf8_unicode_ci;

/*Data for the table `districts` */

insert  into `districts`(`id`,`regency_id`,`name`) values ('1101010','1101','TEUPAH SELATAN'),('1101020','1101','SIMEULUE TIMUR'),('1101021','1101','TEUPAH BARAT'),('1101022','1101','TEUPAH TENGAH'),('1101030','1101','SIMEULUE TENGAH'),('1101031','1101','TELUK DALAM'),('1101032','1101','SIMEULUE CUT'),('1101040','1101','SALANG'),('1101050','1101','SIMEULUE BARAT'),('1101051','1101','ALAFAN'),('1102010','1102','PULAU BANYAK'),('1102011','1102','PULAU BANYAK BARAT'),('1102020','1102','SINGKIL'),('1102021','1102','SINGKIL UTARA'),('1102022','1102','KUALA BARU'),('1102030','1102','SIMPANG KANAN'),('1102031','1102','GUNUNG MERIAH'),('1102032','1102','DANAU PARIS'),('1102033','1102','SURO'),('1102042','1102','SINGKOHOR'),('1102043','1102','KOTA BAHARU'),('1103010','1103','TRUMON'),('1103011','1103','TRUMON TIMUR'),('1103012','1103','TRUMON TENGAH'),('1103020','1103','BAKONGAN'),('1103021','1103','BAKONGAN TIMUR'),('1103022','1103','KOTA BAHAGIA'),('1103030','1103','KLUET SELATAN'),('1103031','1103','KLUET TIMUR'),('1103040','1103','KLUET UTARA'),('1103041','1103','PASIE RAJA'),('1103042','1103','KLUET TENGAH'),('1103050','1103','TAPAK TUAN'),('1103060','1103','SAMA DUA'),('1103070','1103','SAWANG'),('1103080','1103','MEUKEK'),('1103090','1103','LABUHAN HAJI'),('1103091','1103','LABUHAN HAJI TIMUR'),('1103092','1103','LABUHAN HAJI BARAT'),('1104010','1104','LAWE ALAS'),('1104011','1104','BABUL RAHMAH'),('1104012','1104','TANOH ALAS'),('1104020','1104','LAWE SIGALA-GALA'),('1104021','1104','BABUL MAKMUR'),('1104022','1104','SEMADAM'),('1104023','1104','LAUSER'),('1104030','1104','BAMBEL'),('1104031','1104','BUKIT TUSAM'),('1104032','1104','LAWE SUMUR'),('1104040','1104','BABUSSALAM'),('1104041','1104','LAWE BULAN'),('1104050','1104','BADAR'),('1104051','1104','DARUL HASANAH'),('1104052','1104','KETAMBE'),('1104053','1104','DELENG POKHKISEN'),('1105080','1105','SERBA JADI'),('1105081','1105','SIMPANG JERNIH'),('1105082','1105','PEUNARON'),('1105090','1105','BIREM BAYEUN'),('1105100','1105','RANTAU SELAMAT'),('1105101','1105','SUNGAI RAYA'),('1105110','1105','PEUREULAK'),('1105111','1105','PEUREULAK TIMUR'),('1105112','1105','PEUREULAK BARAT'),('1105120','1105','RANTO PEUREULAK'),('1105130','1105','IDI RAYEUK'),('1105131','1105','PEUDAWA'),('1105132','1105','BANDA ALAM'),('1105133','1105','IDI TUNONG'),('1105134','1105','DARUL IHSAN'),('1105135','1105','IDI TIMUR'),('1105140','1105','DARUL AMAN'),('1105150','1105','NURUSSALAM'),('1105151','1105','DARUL FALAH'),('1105160','1105','JULOK'),('1105161','1105','INDRA MAKMUR'),('1105170','1105','PANTE BIDARI'),('1105180','1105','SIMPANG ULIM'),('1105181','1105','MADAT'),('1106010','1106','LINGE'),('1106011','1106','ATU LINTANG'),('1106012','1106','JAGONG JEGET'),('1106020','1106','BINTANG'),('1106031','1106','LUT TAWAR'),('1106032','1106','KEBAYAKAN'),('1106040','1106','PEGASING'),('1106041','1106','BIES'),('1106050','1106','BEBESEN'),('1106051','1106','KUTE PANANG'),('1106060','1106','SILIH NARA'),('1106061','1106','KETOL'),('1106062','1106','CELALA'),('1106063','1106','RUSIP ANTARA'),('1107050','1107','JOHAN PAHLAWAN'),('1107060','1107','SAMATIGA'),('1107061','1107','BUBON'),('1107062','1107','ARONGAN LAMBALEK'),('1107070','1107','WOYLA'),('1107071','1107','WOYLA BARAT'),('1107072','1107','WOYLA TIMUR'),('1107080','1107','KAWAY XVI'),('1107081','1107','MEUREUBO'),('1107082','1107','PANTAI CEUREMEN'),('1107083','1107','PANTON REU'),('1107090','1107','SUNGAI MAS'),('1108010','1108','LHOONG'),('1108020','1108','LHOKNGA'),('1108021','1108','LEUPUNG'),('1108030','1108','INDRAPURI'),('1108031','1108','KUTA COT GLIE'),('1108040','1108','SEULIMEUM'),('1108041','1108','KOTA JANTHO'),('1108042','1108','LEMBAH SEULAWAH'),('1108050','1108','MESJID RAYA'),('1108060','1108','DARUSSALAM'),('1108061','1108','BAITUSSALAM'),('1108070','1108','KUTA BARO'),('1108080','1108','MONTASIK'),('1108081','1108','BLANG BINTANG'),('1108090','1108','INGIN JAYA'),('1108091','1108','KRUENG BARONA JAYA'),('1108100','1108','SUKA MAKMUR'),('1108101','1108','KUTA MALAKA'),('1108102','1108','SIMPANG TIGA'),('1108110','1108','DARUL IMARAH'),('1108111','1108','DARUL KAMAL'),('1108120','1108','PEUKAN BADA'),('1108130','1108','PULO ACEH'),('1109010','1109','GEUMPANG'),('1109011','1109','MANE'),('1109070','1109','GLUMPANG TIGA'),('1109071','1109','GLUMPANG BARO'),('1109080','1109','MUTIARA'),('1109081','1109','MUTIARA TIMUR'),('1109090','1109','TIRO/TRUSEB'),('1109100','1109','TANGSE'),('1109111','1109','KEUMALA'),('1109112','1109','TITEUE'),('1109120','1109','SAKTI'),('1109130','1109','MILA'),('1109140','1109','PADANG TIJI'),('1109150','1109','DELIMA'),('1109151','1109','GRONG GRONG'),('1109160','1109','INDRAJAYA'),('1109170','1109','PEUKAN BARO'),('1109180','1109','KEMBANG TANJONG'),('1109190','1109','SIMPANG TIGA'),('1109200','1109','KOTA SIGLI'),('1109210','1109','PIDIE'),('1109220','1109','BATEE'),('1109230','1109','MUARA TIGA'),('1110010','1110','SAMALANGA'),('1110011','1110','SIMPANG MAMPLAM'),('1110020','1110','PANDRAH'),('1110030','1110','JEUNIEB'),('1110031','1110','PEULIMBANG'),('1110040','1110','PEUDADA'),('1110050','1110','JULI'),('1110060','1110','JEUMPA'),('1110061','1110','KOTA JUANG'),('1110062','1110','KUALA'),('1110070','1110','JANGKA'),('1110080','1110','PEUSANGAN'),('1110081','1110','PEUSANGAN SELATAN'),('1110082','1110','PEUSANGAN SIBLAH KRUENG'),('1110090','1110','MAKMUR'),('1110100','1110','GANDA PURA'),('1110101','1110','KUTA BLANG'),('1111010','1111','SAWANG'),('1111020','1111','NISAM'),('1111021','1111','NISAM ANTARA'),('1111022','1111','BANDA BARO'),('1111030','1111','KUTA MAKMUR'),('1111031','1111','SIMPANG KERAMAT'),('1111040','1111','SYAMTALIRA BAYU'),('1111041','1111','GEUREUDONG PASE'),('1111050','1111','MEURAH MULIA'),('1111060','1111','MATANGKULI'),('1111061','1111','PAYA BAKONG'),('1111062','1111','PIRAK TIMU'),('1111070','1111','COT GIREK'),('1111080','1111','TANAH JAMBO AYE'),('1111081','1111','LANGKAHAN'),('1111090','1111','SEUNUDDON'),('1111100','1111','BAKTIYA'),('1111101','1111','BAKTIYA BARAT'),('1111110','1111','LHOKSUKON'),('1111120','1111','TANAH LUAS'),('1111121','1111','NIBONG'),('1111130','1111','SAMUDERA'),('1111140','1111','SYAMTALIRA ARON'),('1111150','1111','TANAH PASIR'),('1111151','1111','LAPANG'),('1111160','1111','MUARA BATU'),('1111170','1111','DEWANTARA'),('1112010','1112','MANGGENG'),('1112011','1112','LEMBAH SABIL'),('1112020','1112','TANGAN-TANGAN'),('1112021','1112','SETIA'),('1112030','1112','BLANG PIDIE'),('1112031','1112','JEUMPA'),('1112040','1112','SUSOH'),('1112050','1112','KUALA BATEE'),('1112060','1112','BABAH ROT'),('1113010','1113','KUTA PANJANG'),('1113011','1113','BLANG JERANGO'),('1113020','1113','BLANGKEJEREN'),('1113021','1113','PUTRI BETUNG'),('1113022','1113','DABUN GELANG'),('1113023','1113','BLANG PEGAYON'),('1113030','1113','PINING'),('1113040','1113','RIKIT GAIB'),('1113041','1113','PANTAN CUACA'),('1113050','1113','TERANGUN'),('1113051','1113','TRIPE JAYA'),('1114010','1114','TAMIANG HULU'),('1114011','1114','BANDAR PUSAKA'),('1114020','1114','KEJURUAN MUDA'),('1114021','1114','TENGGULUN'),('1114030','1114','RANTAU'),('1114040','1114','KOTA KUALA SIMPANG'),('1114050','1114','SERUWAY'),('1114060','1114','BENDAHARA'),('1114061','1114','BANDA MULIA'),('1114070','1114','KARANG BARU'),('1114071','1114','SEKERAK'),('1114080','1114','MANYAK PAYED'),('1115010','1115','DARUL MAKMUR'),('1115011','1115','TRIPA MAKMUR'),('1115020','1115','KUALA'),('1115021','1115','KUALA PESISIR'),('1115022','1115','TADU RAYA'),('1115030','1115','BEUTONG'),('1115031','1115','BEUTONG ATEUH BANGGALANG'),('1115040','1115','SEUNAGAN'),('1115041','1115','SUKA MAKMUE'),('1115050','1115','SEUNAGAN TIMUR'),('1116010','1116','TEUNOM'),('1116011','1116','PASIE RAYA'),('1116020','1116','PANGA'),('1116030','1116','KRUENG SABEE'),('1116040','1116','SETIA BAKTI'),('1116050','1116','SAMPOINIET'),('1116051','1116','DARUL HIKMAH'),('1116060','1116','JAYA'),('1116061','1116','INDRA JAYA'),('1117010','1117','TIMANG GAJAH'),('1117011','1117','GAJAH PUTIH'),('1117020','1117','PINTU RIME GAYO'),('1117030','1117','BUKIT'),('1117040','1117','WIH PESAM'),('1117050','1117','BANDAR'),('1117051','1117','BENER KELIPAH'),('1117060','1117','SYIAH UTAMA'),('1117061','1117','MESIDAH'),('1117070','1117','PERMATA'),('1118010','1118','MEUREUDU'),('1118020','1118','MEURAH DUA'),('1118030','1118','BANDAR DUA'),('1118040','1118','JANGKA BUYA'),('1118050','1118','ULIM'),('1118060','1118','TRIENGGADENG'),('1118070','1118','PANTERAJA'),('1118080','1118','BANDAR BARU'),('1171010','1171','MEURAXA'),('1171011','1171','JAYA BARU'),('1171012','1171','BANDA RAYA'),('1171020','1171','BAITURRAHMAN'),('1171021','1171','LUENG BATA'),('1171030','1171','KUTA ALAM'),('1171031','1171','KUTA RAJA'),('1171040','1171','SYIAH KUALA'),('1171041','1171','ULEE KARENG'),('1172010','1172','SUKAJAYA'),('1172020','1172','SUKAKARYA'),('1173010','1173','LANGSA TIMUR'),('1173011','1173','LANGSA LAMA'),('1173020','1173','LANGSA BARAT'),('1173021','1173','LANGSA BARO'),('1173030','1173','LANGSA KOTA'),('1174010','1174','BLANG MANGAT'),('1174020','1174','MUARA DUA'),('1174021','1174','MUARA SATU'),('1174030','1174','BANDA SAKTI'),('1175010','1175','SIMPANG KIRI'),('1175020','1175','PENANGGALAN'),('1175030','1175','RUNDENG'),('1175040','1175','SULTAN DAULAT'),('1175050','1175','LONGKIB'),('1201060','1201','IDANO GAWO'),('1201061','1201','BAWOLATO'),('1201062','1201','ULUGAWO'),('1201070','1201','GIDO'),('1201071','1201','SOGAEADU'),('1201081','1201','MA U'),('1201082','1201','SOMOLO - MOLO'),('1201130','1201','HILIDUHO'),('1201131','1201','HILI SERANGKAI'),('1201132','1201','BOTOMUZOI'),('1202010','1202','BATAHAN'),('1202011','1202','SINUNUKAN'),('1202020','1202','BATANG NATAL'),('1202021','1202','LINGGA BAYU'),('1202022','1202','RANTO BAEK'),('1202030','1202','KOTANOPAN'),('1202031','1202','ULU PUNGKUT'),('1202032','1202','TAMBANGAN'),('1202033','1202','LEMBAH SORIK MARAPI'),('1202034','1202','PUNCAK SORIK MARAPI'),('1202040','1202','MUARA SIPONGI'),('1202041','1202','PAKANTAN'),('1202050','1202','PANYABUNGAN'),('1202051','1202','PANYABUNGAN SELATAN'),('1202052','1202','PANYABUNGAN BARAT'),('1202053','1202','PANYABUNGAN UTARA'),('1202054','1202','PANYABUNGAN TIMUR'),('1202055','1202','HUTA BARGOT'),('1202060','1202','NATAL'),('1202070','1202','MUARA BATANG GADIS'),('1202080','1202','SIABU'),('1202081','1202','BUKIT MALINTANG'),('1202082','1202','NAGA JUANG'),('1203010','1203','BATANG ANGKOLA'),('1203011','1203','SAYUR MATINGGI'),('1203012','1203','TANO TOMBANGAN ANGKOLA'),('1203070','1203','ANGKOLA TIMUR'),('1203080','1203','ANGKOLA SELATAN'),('1203090','1203','ANGKOLA  BARAT'),('1203091','1203','ANGKOLA SANGKUNUR'),('1203100','1203','BATANG TORU'),('1203101','1203','MARANCAR'),('1203102','1203','MUARA BATANG TORU'),('1203110','1203','SIPIROK'),('1203120','1203','ARSE'),('1203160','1203','SAIPAR DOLOK HOLE'),('1203161','1203','AEK BILAH'),('1204010','1204','PINANG SORI'),('1204011','1204','BADIRI'),('1204020','1204','SIBABANGUN'),('1204021','1204','LUMUT'),('1204022','1204','SUKABANGUN'),('1204030','1204','PANDAN'),('1204031','1204','TUKKA'),('1204032','1204','SARUDIK'),('1204040','1204','TAPIAN NAULI'),('1204041','1204','SITAHUIS'),('1204050','1204','KOLANG'),('1204060','1204','SORKAM'),('1204061','1204','SORKAM BARAT'),('1204062','1204','PASARIBU TOBING'),('1204070','1204','BARUS'),('1204071','1204','SOSOR GADONG'),('1204072','1204','ANDAM DEWI'),('1204073','1204','BARUS UTARA'),('1204080','1204','MANDUAMAS'),('1204081','1204','SIRANDORUNG'),('1205030','1205','PARMONANGAN'),('1205040','1205','ADIANKOTING'),('1205050','1205','SIPOHOLON'),('1205060','1205','TARUTUNG'),('1205061','1205','SIATAS BARITA'),('1205070','1205','PAHAE JULU'),('1205080','1205','PAHAE JAE'),('1205081','1205','PURBATUA'),('1205082','1205','SIMANGUMBAN'),('1205090','1205','PANGARIBUAN'),('1205100','1205','GAROGA'),('1205110','1205','SIPAHUTAR'),('1205120','1205','SIBORONGBORONG'),('1205130','1205','PAGARAN'),('1205180','1205','MUARA'),('1206030','1206','BALIGE'),('1206031','1206','TAMPAHAN'),('1206040','1206','LAGUBOTI'),('1206050','1206','HABINSARAN'),('1206051','1206','BORBOR'),('1206052','1206','NASSAU'),('1206060','1206','SILAEN'),('1206061','1206','SIGUMPAR'),('1206070','1206','PORSEA'),('1206071','1206','PINTU POHAN MERANTI'),('1206072','1206','SIANTAR NARUMONDA'),('1206073','1206','PARMAKSIAN'),('1206080','1206','LUMBAN JULU'),('1206081','1206','ULUAN'),('1206082','1206','AJIBATA'),('1206083','1206','BONATUA LUNASI'),('1207050','1207','BILAH HULU'),('1207070','1207','PANGKATAN'),('1207080','1207','BILAH BARAT'),('1207130','1207','BILAH HILIR'),('1207140','1207','PANAI HULU'),('1207150','1207','PANAI TENGAH'),('1207160','1207','PANAI HILIR'),('1207210','1207','RANTAU SELATAN'),('1207220','1207','RANTAU UTARA'),('1208010','1208','BANDAR PASIR MANDOGE'),('1208020','1208','BANDAR PULAU'),('1208021','1208','AEK SONGSONGAN'),('1208022','1208','RAHUNING'),('1208030','1208','PULAU RAKYAT'),('1208031','1208','AEK KUASAN'),('1208032','1208','AEK LEDONG'),('1208040','1208','SEI KEPAYANG'),('1208041','1208','SEI KEPAYANG BARAT'),('1208042','1208','SEI KEPAYANG TIMUR'),('1208050','1208','TANJUNG BALAI'),('1208060','1208','SIMPANG EMPAT'),('1208061','1208','TELUK DALAM'),('1208070','1208','AIR BATU'),('1208071','1208','SEI DADAP'),('1208080','1208','BUNTU PANE'),('1208081','1208','TINGGI RAJA'),('1208082','1208','SETIA JANJI'),('1208090','1208','MERANTI'),('1208091','1208','PULO BANDRING'),('1208092','1208','RAWANG PANCA ARGA'),('1208100','1208','AIR JOMAN'),('1208101','1208','SILAU LAUT'),('1208160','1208','KISARAN BARAT'),('1208170','1208','KISARAN TIMUR'),('1209010','1209','SILIMAKUTA'),('1209011','1209','PEMATANG SILIMAHUTA'),('1209020','1209','PURBA'),('1209021','1209','HARANGGAOL HORISON'),('1209030','1209','DOLOK PARDAMEAN'),('1209040','1209','SIDAMANIK'),('1209041','1209','PEMATANG SIDAMANIK'),('1209050','1209','GIRSANG SIPANGAN BOLON'),('1209060','1209','TANAH JAWA'),('1209061','1209','HATONDUHAN'),('1209070','1209','DOLOK PANRIBUAN'),('1209080','1209','JORLANG HATARAN'),('1209090','1209','PANEI'),('1209091','1209','PANOMBEAN PANEI'),('1209100','1209','RAYA'),('1209110','1209','DOLOK SILAU'),('1209120','1209','SILAU KAHEAN'),('1209130','1209','RAYA KAHEAN'),('1209140','1209','TAPIAN DOLOK'),('1209150','1209','DOLOK BATU NANGGAR'),('1209160','1209','SIANTAR'),('1209161','1209','GUNUNG MALELA'),('1209162','1209','GUNUNG MALIGAS'),('1209170','1209','HUTABAYU RAJA'),('1209171','1209','JAWA MARAJA BAH JAMBI'),('1209180','1209','PEMATANG BANDAR'),('1209181','1209','BANDAR HULUAN'),('1209190','1209','BANDAR'),('1209191','1209','BANDAR MASILAM'),('1209200','1209','BOSAR MALIGAS'),('1209210','1209','UJUNG PADANG'),('1210030','1210','SIDIKALANG'),('1210031','1210','BERAMPU'),('1210032','1210','SITINJO'),('1210040','1210','PARBULUAN'),('1210050','1210','SUMBUL'),('1210051','1210','SILAHI SABUNGAN'),('1210060','1210','SILIMA PUNGGA-PUNGGA'),('1210061','1210','LAE PARIRA'),('1210070','1210','SIEMPAT NEMPU'),('1210080','1210','SIEMPAT NEMPU HULU'),('1210090','1210','SIEMPAT NEMPU HILIR'),('1210100','1210','TIGA LINGGA'),('1210101','1210','GUNUNG SITEMBER'),('1210110','1210','PEGAGAN HILIR'),('1210120','1210','TANAH PINEM'),('1211010','1211','MARDINGDING'),('1211020','1211','LAUBALENG'),('1211030','1211','TIGA BINANGA'),('1211040','1211','JUHAR'),('1211050','1211','MUNTE'),('1211060','1211','KUTA BULUH'),('1211070','1211','PAYUNG'),('1211071','1211','TIGANDERKET'),('1211080','1211','SIMPANG EMPAT'),('1211081','1211','NAMAN TERAN'),('1211082','1211','MERDEKA'),('1211090','1211','KABANJAHE'),('1211100','1211','BERASTAGI'),('1211110','1211','TIGAPANAH'),('1211111','1211','DOLAT RAYAT'),('1211120','1211','MEREK'),('1211130','1211','BARUSJAHE'),('1212010','1212','GUNUNG MERIAH'),('1212020','1212','SINEMBAH TANJUNG MUDA HULU'),('1212030','1212','SIBOLANGIT'),('1212040','1212','KUTALIMBARU'),('1212050','1212','PANCUR BATU'),('1212060','1212','NAMO RAMBE'),('1212070','1212','BIRU-BIRU'),('1212080','1212','SINEMBAH TANJUNG MUDA HILIR'),('1212090','1212','BANGUN PURBA'),('1212190','1212','GALANG'),('1212200','1212','TANJUNG MORAWA'),('1212210','1212','PATUMBAK'),('1212220','1212','DELI TUA'),('1212230','1212','SUNGGAL'),('1212240','1212','HAMPARAN PERAK'),('1212250','1212','LABUHAN DELI'),('1212260','1212','PERCUT SEI TUAN'),('1212270','1212','BATANG KUIS'),('1212280','1212','PANTAI LABU'),('1212290','1212','BERINGIN'),('1212300','1212','LUBUK PAKAM'),('1212310','1212','PAGAR MERBAU'),('1213010','1213','BOHOROK'),('1213011','1213','SIRAPIT'),('1213020','1213','SALAPIAN'),('1213021','1213','KUTAMBARU'),('1213030','1213','SEI BINGAI'),('1213040','1213','KUALA'),('1213050','1213','SELESAI'),('1213060','1213','BINJAI'),('1213070','1213','STABAT'),('1213080','1213','WAMPU'),('1213090','1213','BATANG SERANGAN'),('1213100','1213','SAWIT SEBERANG'),('1213110','1213','PADANG TUALANG'),('1213120','1213','HINAI'),('1213130','1213','SECANGGANG'),('1213140','1213','TANJUNG PURA'),('1213150','1213','GEBANG'),('1213160','1213','BABALAN'),('1213170','1213','SEI LEPAN'),('1213180','1213','BRANDAN BARAT'),('1213190','1213','BESITANG'),('1213200','1213','PANGKALAN SUSU'),('1213201','1213','PEMATANG JAYA'),('1214010','1214','HIBALA'),('1214011','1214','TANAH MASA'),('1214020','1214','PULAU-PULAU BATU'),('1214021','1214','PULAU-PULAU BATU TIMUR'),('1214022','1214','SIMUK'),('1214023','1214','PULAU-PULAU BATU BARAT'),('1214024','1214','PULAU-PULAU BATU UTARA'),('1214030','1214','TELUK DALAM'),('1214031','1214','FANAYAMA'),('1214032','1214','TOMA'),('1214033','1214','MANIAMOLO'),('1214034','1214','MAZINO'),('1214035','1214','LUAHAGUNDRE MANIAMOLO'),('1214036','1214','ONOLALU'),('1214040','1214','AMANDRAYA'),('1214041','1214','ARAMO'),('1214042','1214','ULUSUSUA'),('1214050','1214','LAHUSA'),('1214051','1214','SIDUAORI'),('1214052','1214','SOMAMBAWA'),('1214060','1214','GOMO'),('1214061','1214','SUSUA'),('1214062','1214','MAZO'),('1214063','1214','UMBUNASI'),('1214064','1214','IDANOTAE'),('1214065','1214','ULUIDANOTAE'),('1214066','1214','BORONADU'),('1214070','1214','LOLOMATUA'),('1214071','1214','ULUNOYO'),('1214072','1214','HURUNA'),('1214080','1214','LOLOWA\'U'),('1214081','1214','HILIMEGAI'),('1214082','1214','OOU'),('1214083','1214','ONOHAZUMBA'),('1214084','1214','HILISALAWAAHE'),('1215010','1215','PAKKAT'),('1215020','1215','ONAN GANJANG'),('1215030','1215','SIJAMA POLANG'),('1215040','1215','DOLOK SANGGUL'),('1215050','1215','LINTONG NIHUTA'),('1215060','1215','PARANGINAN'),('1215070','1215','BAKTI RAJA'),('1215080','1215','POLLUNG'),('1215090','1215','PARLILITAN'),('1215100','1215','TARA BINTANG'),('1216010','1216','SALAK'),('1216011','1216','SITELLU TALI URANG JEHE'),('1216012','1216','PAGINDAR'),('1216013','1216','SITELLU TALI URANG JULU'),('1216014','1216','PERGETTENG-GETTENG SENGKUT'),('1216020','1216','KERAJAAN'),('1216021','1216','TINADA'),('1216022','1216','SIEMPAT RUBE'),('1217010','1217','SIANJUR MULA MULA'),('1217020','1217','HARIAN'),('1217030','1217','SITIO-TIO'),('1217040','1217','ONAN RUNGGU'),('1217050','1217','NAINGGOLAN'),('1217060','1217','PALIPI'),('1217070','1217','RONGGUR NIHUTA'),('1217080','1217','PANGURURAN'),('1217090','1217','SIMANINDO'),('1218010','1218','KOTARIH'),('1218011','1218','SILINDA'),('1218012','1218','BINTANG BAYU'),('1218020','1218','DOLOK MASIHUL'),('1218021','1218','SERBAJADI'),('1218030','1218','SIPISPIS'),('1218040','1218','DOLOK MERAWAN'),('1218050','1218','TEBINGTINGGI'),('1218051','1218','TEBING SYAHBANDAR'),('1218060','1218','BANDAR KHALIPAH'),('1218070','1218','TANJUNG BERINGIN'),('1218080','1218','SEI RAMPAH'),('1218081','1218','SEI BAMBAN'),('1218090','1218','TELUK MENGKUDU'),('1218100','1218','PERBAUNGAN'),('1218101','1218','PEGAJAHAN'),('1218110','1218','PANTAI CERMIN'),('1219010','1219','SEI BALAI'),('1219020','1219','TANJUNG TIRAM'),('1219030','1219','TALAWI'),('1219040','1219','LIMAPULUH'),('1219050','1219','AIR PUTIH'),('1219060','1219','SEI SUKA'),('1219070','1219','MEDANG DERAS'),('1220010','1220','BATANG ONANG'),('1220020','1220','PADANG BOLAK JULU'),('1220030','1220','PORTIBI'),('1220040','1220','PADANG BOLAK'),('1220050','1220','SIMANGAMBAT'),('1220060','1220','HALONGONAN'),('1220070','1220','DOLOK'),('1220080','1220','DOLOK SIGOMPULON'),('1220090','1220','HULU SIHAPAS'),('1221010','1221','SOSOPAN'),('1221020','1221','ULU BARUMUN'),('1221030','1221','BARUMUN'),('1221031','1221','BARUMUN SELATAN'),('1221040','1221','LUBUK BARUMUN'),('1221050','1221','SOSA'),('1221060','1221','BATANG LUBU SUTAM'),('1221070','1221','HUTA RAJA TINGGI'),('1221080','1221','HURISTAK'),('1221090','1221','BARUMUN TENGAH'),('1221091','1221','AEK NABARA BARUMUN'),('1221092','1221','SIHAPAS BARUMUN'),('1222010','1222','SUNGAI KANAN'),('1222020','1222','TORGAMBA'),('1222030','1222','KOTA PINANG'),('1222040','1222','SILANGKITANG'),('1222050','1222','KAMPUNG RAKYAT'),('1223010','1223','NA IX-X'),('1223020','1223','MARBAU'),('1223030','1223','AEK KUO'),('1223040','1223','AEK NATAS'),('1223050','1223','KUALUH SELATAN'),('1223060','1223','KUALUH HILIR'),('1223070','1223','KUALUH HULU'),('1223080','1223','KUALUH LEIDONG'),('1224010','1224','TUGALA OYO'),('1224020','1224','ALASA'),('1224030','1224','ALASA TALU MUZOI'),('1224040','1224','NAMOHALU ESIWA'),('1224050','1224','SITOLU ORI'),('1224060','1224','TUHEMBERUA'),('1224070','1224','SAWO'),('1224080','1224','LOTU'),('1224090','1224','LAHEWA TIMUR'),('1224100','1224','AFULU'),('1224110','1224','LAHEWA'),('1225010','1225','SIROMBU'),('1225020','1225','LAHOMI'),('1225030','1225','ULU MORO O'),('1225040','1225','LOLOFITU MOI'),('1225050','1225','MANDREHE UTARA'),('1225060','1225','MANDREHE'),('1225070','1225','MANDREHE BARAT'),('1225080','1225','MORO O'),('1271010','1271','SIBOLGA UTARA'),('1271020','1271','SIBOLGA KOTA'),('1271030','1271','SIBOLGA SELATAN'),('1271031','1271','SIBOLGA SAMBAS'),('1272010','1272','DATUK BANDAR'),('1272011','1272','DATUK BANDAR TIMUR'),('1272020','1272','TANJUNG BALAI SELATAN'),('1272030','1272','TANJUNG BALAI UTARA'),('1272040','1272','SEI TUALANG RASO'),('1272050','1272','TELUK NIBUNG'),('1273010','1273','SIANTAR MARIHAT'),('1273011','1273','SIANTAR MARIMBUN'),('1273020','1273','SIANTAR SELATAN'),('1273030','1273','SIANTAR BARAT'),('1273040','1273','SIANTAR UTARA'),('1273050','1273','SIANTAR TIMUR'),('1273060','1273','SIANTAR MARTOBA'),('1273061','1273','SIANTAR SITALASARI'),('1274010','1274','PADANG HULU'),('1274011','1274','TEBING TINGGI KOTA'),('1274020','1274','RAMBUTAN'),('1274021','1274','BAJENIS'),('1274030','1274','PADANG HILIR'),('1275010','1275','MEDAN TUNTUNGAN'),('1275020','1275','MEDAN JOHOR'),('1275030','1275','MEDAN AMPLAS'),('1275040','1275','MEDAN DENAI'),('1275050','1275','MEDAN AREA'),('1275060','1275','MEDAN KOTA'),('1275070','1275','MEDAN MAIMUN'),('1275080','1275','MEDAN POLONIA'),('1275090','1275','MEDAN BARU'),('1275100','1275','MEDAN SELAYANG'),('1275110','1275','MEDAN SUNGGAL'),('1275120','1275','MEDAN HELVETIA'),('1275130','1275','MEDAN PETISAH'),('1275140','1275','MEDAN BARAT'),('1275150','1275','MEDAN TIMUR'),('1275160','1275','MEDAN PERJUANGAN'),('1275170','1275','MEDAN TEMBUNG'),('1275180','1275','MEDAN DELI'),('1275190','1275','MEDAN LABUHAN'),('1275200','1275','MEDAN MARELAN'),('1275210','1275','MEDAN BELAWAN'),('1276010','1276','BINJAI SELATAN'),('1276020','1276','BINJAI KOTA'),('1276030','1276','BINJAI TIMUR'),('1276040','1276','BINJAI UTARA'),('1276050','1276','BINJAI BARAT'),('1277010','1277','PADANGSIDIMPUAN TENGGARA'),('1277020','1277','PADANGSIDIMPUAN SELATAN'),('1277030','1277','PADANGSIDIMPUAN BATUNADUA'),('1277040','1277','PADANGSIDIMPUAN UTARA'),('1277050','1277','PADANGSIDIMPUAN HUTAIMBARU'),('1277051','1277','PADANGSIDIMPUAN ANGKOLA JULU'),('1278010','1278','GUNUNGSITOLI IDANOI'),('1278020','1278','GUNUNGSITOLI SELATAN'),('1278030','1278','GUNUNGSITOLI BARAT'),('1278040','1278','GUNUNG SITOLI'),('1278050','1278','GUNUNGSITOLI ALO OA'),('1278060','1278','GUNUNGSITOLI UTARA'),('1301011','1301','PAGAI SELATAN'),('1301012','1301','SIKAKAP'),('1301013','1301','PAGAI UTARA'),('1301021','1301','SIPORA SELATAN'),('1301022','1301','SIPORA UTARA'),('1301030','1301','SIBERUT SELATAN'),('1301031','1301','SEBERUT BARAT DAYA'),('1301032','1301','SIBERUT TENGAH'),('1301040','1301','SIBERUT UTARA'),('1301041','1301','SIBERUT BARAT'),('1302011','1302','SILAUT'),('1302012','1302','LUNANG'),('1302020','1302','BASA AMPEK BALAI TAPAN'),('1302021','1302','RANAH AMPEK HULU TAPAN'),('1302030','1302','PANCUNG SOAL'),('1302031','1302','AIRPURA'),('1302040','1302','LINGGO SARI BAGANTI'),('1302050','1302','RANAH PESISIR'),('1302060','1302','LENGAYANG'),('1302070','1302','SUTERA'),('1302080','1302','BATANG KAPAS'),('1302090','1302','IV JURAI'),('1302100','1302','BAYANG'),('1302101','1302','IV  NAGARI BAYANG UTARA'),('1302110','1302','KOTO XI TARUSAN'),('1303040','1303','PANTAI CERMIN'),('1303050','1303','LEMBAH GUMANTI'),('1303051','1303','HILIRAN GUMANTI'),('1303060','1303','PAYUNG SEKAKI'),('1303061','1303','TIGO LURAH'),('1303070','1303','LEMBANG JAYA'),('1303071','1303','DANAU KEMBAR'),('1303080','1303','GUNUNG TALANG'),('1303090','1303','BUKIT SUNDI'),('1303100','1303','IX KOTO SUNGAI LASI'),('1303110','1303','KUBUNG'),('1303120','1303','X KOTO DIATAS'),('1303130','1303','X KOTO SINGKARAK'),('1303140','1303','JUNJUNG SIRIH'),('1304050','1304','KAMANG BARU'),('1304060','1304','TANJUNG GADANG'),('1304070','1304','SIJUNJUNG'),('1304071','1304','LUBUK TAROK'),('1304080','1304','IV NAGARI'),('1304090','1304','KUPITAN'),('1304100','1304','KOTO TUJUH'),('1304110','1304','SUMPUR KUDUS'),('1305010','1305','SEPULUH KOTO'),('1305020','1305','BATIPUH'),('1305021','1305','BATIPUH SELATAN'),('1305030','1305','PARIANGAN'),('1305040','1305','RAMBATAN'),('1305050','1305','LIMA KAUM'),('1305060','1305','TANJUNG EMAS'),('1305070','1305','PADANG GANTING'),('1305080','1305','LINTAU BUO'),('1305081','1305','LINTAU BUO UTARA'),('1305090','1305','SUNGAYANG'),('1305100','1305','SUNGAI TARAB'),('1305110','1305','SALIMPAUNG'),('1305111','1305','TANJUNG BARU'),('1306010','1306','BATANG ANAI'),('1306020','1306','LUBUK ALUNG'),('1306021','1306','SINTUK TOBOH GADANG'),('1306030','1306','ULAKAN TAPAKIS'),('1306040','1306','NAN SABARIS'),('1306050','1306','2 X 11 ENAM LINGKUNG'),('1306051','1306','ENAM LINGKUNG'),('1306052','1306','2 X 11 KAYU TANAM'),('1306060','1306','VII KOTO SUNGAI SARIAK'),('1306061','1306','PATAMUAN'),('1306062','1306','PADANG SAGO'),('1306070','1306','V KOTO KP DALAM'),('1306071','1306','V KOTO TIMUR'),('1306080','1306','SUNGAI LIMAU'),('1306081','1306','BATANG GASAN'),('1306090','1306','SUNGAI GERINGGING'),('1306100','1306','IV KOTO AUR MALINTANG'),('1307010','1307','TANJUNG MUTIARA'),('1307020','1307','LUBUK BASUNG'),('1307021','1307','AMPEK NAGARI'),('1307030','1307','TANJUNG RAYA'),('1307040','1307','MATUR'),('1307050','1307','IV KOTO'),('1307051','1307','MALALAK'),('1307061','1307','BANUHAMPU'),('1307062','1307','SUNGAI PUA'),('1307070','1307','AMPEK ANGKEK'),('1307071','1307','CANDUANG'),('1307080','1307','BASO'),('1307090','1307','TILATANG KAMANG'),('1307091','1307','KAMANG MAGEK'),('1307100','1307','PALEMBAYAN'),('1307110','1307','PALUPUH'),('1308010','1308','PAYAKUMBUH'),('1308011','1308','AKABILURU'),('1308020','1308','LUAK'),('1308021','1308','LAREH SAGO HALABAN'),('1308022','1308','SITUJUAH LIMO NAGARI'),('1308030','1308','HARAU'),('1308040','1308','GUGUAK'),('1308041','1308','MUNGKA'),('1308050','1308','SULIKI'),('1308051','1308','BUKIK BARISAN'),('1308060','1308','GUNUANG OMEH'),('1308070','1308','KAPUR IX'),('1308080','1308','PANGKALAN KOTO BARU'),('1309070','1309','BONJOL'),('1309071','1309','TIGO NAGARI'),('1309072','1309','SIMPANG ALAHAN MATI'),('1309080','1309','LUBUK SIKAPING'),('1309100','1309','DUA KOTO'),('1309110','1309','PANTI'),('1309111','1309','PADANG GELUGUR'),('1309121','1309','RAO'),('1309122','1309','MAPAT TUNGGUL'),('1309123','1309','MAPAT TUNGGUL SELATAN'),('1309124','1309','RAO SELATAN'),('1309125','1309','RAO UTARA'),('1310010','1310','SANGIR'),('1310020','1310','SANGIR JUJUAN'),('1310021','1310','SANGIR BALAI JANGGO'),('1310030','1310','SANGIR BATANG HARI'),('1310040','1310','SUNGAI PAGU'),('1310041','1310','PAUAH DUO'),('1310050','1310','KOTO PARIK GADANG DIATEH'),('1311010','1311','SUNGAI RUMBAI'),('1311011','1311','KOTO BESAR'),('1311012','1311','ASAM JUJUHAN'),('1311020','1311','KOTO BARU'),('1311021','1311','KOTO SALAK'),('1311022','1311','TIUMANG'),('1311023','1311','PADANG LAWEH'),('1311030','1311','SITIUNG'),('1311031','1311','TIMPEH'),('1311040','1311','PULAU PUNJUNG'),('1311041','1311','IX KOTO'),('1312010','1312','SUNGAI BEREMAS'),('1312020','1312','RANAH BATAHAN'),('1312030','1312','KOTO BALINGKA'),('1312040','1312','SUNGAI AUR'),('1312050','1312','LEMBAH MALINTANG'),('1312060','1312','GUNUNG TULEH'),('1312070','1312','TALAMAU'),('1312080','1312','PASAMAN'),('1312090','1312','LUHAK NAN DUO'),('1312100','1312','SASAK RANAH PASISIE'),('1312110','1312','KINALI'),('1371010','1371','BUNGUS TELUK KABUNG'),('1371020','1371','LUBUK KILANGAN'),('1371030','1371','LUBUK BEGALUNG'),('1371040','1371','PADANG SELATAN'),('1371050','1371','PADANG TIMUR'),('1371060','1371','PADANG BARAT'),('1371070','1371','PADANG UTARA'),('1371080','1371','NANGGALO'),('1371090','1371','KURANJI'),('1371100','1371','PAUH'),('1371110','1371','KOTO TANGAH'),('1372010','1372','LUBUK SIKARAH'),('1372020','1372','TANJUNG HARAPAN'),('1373010','1373','SILUNGKANG'),('1373020','1373','LEMBAH SEGAR'),('1373030','1373','BARANGIN'),('1373040','1373','TALAWI'),('1374010','1374','PADANG PANJANG BARAT'),('1374020','1374','PADANG PANJANG TIMUR'),('1375010','1375','GUGUK PANJANG'),('1375020','1375','MANDIANGIN KOTO SELAYAN'),('1375030','1375','AUR BIRUGO TIGO BALEH'),('1376010','1376','PAYAKUMBUH BARAT'),('1376011','1376','PAYAKUMBUH SELATAN'),('1376020','1376','PAYAKUMBUH TIMUR'),('1376030','1376','PAYAKUMBUH UTARA'),('1376031','1376','LAMPOSI TIGO NAGORI'),('1377010','1377','PARIAMAN SELATAN'),('1377020','1377','PARIAMAN TENGAH'),('1377021','1377','PARIAMAN TIMUR'),('1377030','1377','PARIAMAN UTARA'),('1401010','1401','KUANTAN MUDIK'),('1401011','1401','HULU KUANTAN'),('1401012','1401','GUNUNG TOAR'),('1401013','1401','PUCUK RANTAU'),('1401020','1401','SINGINGI'),('1401021','1401','SINGINGI HILIR'),('1401030','1401','KUANTAN TENGAH'),('1401031','1401','SENTAJO RAYA'),('1401040','1401','BENAI'),('1401050','1401','KUANTAN HILIR'),('1401051','1401','PANGEAN'),('1401052','1401','LOGAS TANAH DARAT'),('1401053','1401','KUANTAN HILIR SEBERANG'),('1401060','1401','CERENTI'),('1401061','1401','INUMAN'),('1402010','1402','PERANAP'),('1402011','1402','BATANG PERANAP'),('1402020','1402','SEBERIDA'),('1402021','1402','BATANG CENAKU'),('1402022','1402','BATANG GANSAL'),('1402030','1402','KELAYANG'),('1402031','1402','RAKIT KULIM'),('1402040','1402','PASIR PENYU'),('1402041','1402','LIRIK'),('1402042','1402','SUNGAI LALA'),('1402043','1402','LUBUK BATU JAYA'),('1402050','1402','RENGAT BARAT'),('1402060','1402','RENGAT'),('1402061','1402','KUALA CENAKU'),('1403010','1403','KERITANG'),('1403011','1403','KEMUNING'),('1403020','1403','RETEH'),('1403021','1403','SUNGAI BATANG'),('1403030','1403','ENOK'),('1403040','1403','TANAH MERAH'),('1403050','1403','KUALA INDRAGIRI'),('1403051','1403','CONCONG'),('1403060','1403','TEMBILAHAN'),('1403061','1403','TEMBILAHAN HULU'),('1403070','1403','TEMPULING'),('1403071','1403','KEMPAS'),('1403080','1403','BATANG TUAKA'),('1403090','1403','GAUNG ANAK SERKA'),('1403100','1403','GAUNG'),('1403110','1403','MANDAH'),('1403120','1403','KATEMAN'),('1403121','1403','PELANGIRAN'),('1403122','1403','TELUK BELENGKONG'),('1403123','1403','PULAU BURUNG'),('1404010','1404','LANGGAM'),('1404011','1404','PANGKALAN KERINCI'),('1404012','1404','BANDAR SEIKIJANG'),('1404020','1404','PANGKALAN KURAS'),('1404021','1404','UKUI'),('1404022','1404','PANGKALAN LESUNG'),('1404030','1404','BUNUT'),('1404031','1404','PELALAWAN'),('1404032','1404','BANDAR PETALANGAN'),('1404040','1404','KUALA KAMPAR'),('1404041','1404','KERUMUTAN'),('1404042','1404','TELUK MERANTI'),('1405010','1405','MINAS'),('1405011','1405','SUNGAI MANDAU'),('1405012','1405','KANDIS'),('1405020','1405','SIAK'),('1405021','1405','KERINCI KANAN'),('1405022','1405','TUALANG'),('1405023','1405','DAYUN'),('1405024','1405','LUBUK DALAM'),('1405025','1405','KOTO GASIB'),('1405026','1405','MEMPURA'),('1405030','1405','SUNGAI APIT'),('1405031','1405','BUNGA RAYA'),('1405032','1405','SABAK AUH'),('1405033','1405','PUSAKO'),('1406010','1406','KAMPAR KIRI'),('1406011','1406','KAMPAR KIRI HULU'),('1406012','1406','KAMPAR KIRI HILIR'),('1406013','1406','GUNUNG SAHILAN'),('1406014','1406','KAMPAR KIRI TENGAH'),('1406020','1406','XIII KOTO KAMPAR'),('1406021','1406','KOTO KAMPAR HULU'),('1406030','1406','KUOK'),('1406031','1406','SALO'),('1406040','1406','TAPUNG'),('1406041','1406','TAPUNG HULU'),('1406042','1406','TAPUNG HILIR'),('1406050','1406','BANGKINANG KOTA'),('1406051','1406','BANGKINANG'),('1406060','1406','KAMPAR'),('1406061','1406','KAMPAR TIMUR'),('1406062','1406','RUMBIO JAYA'),('1406063','1406','KAMPAR UTARA'),('1406070','1406','TAMBANG'),('1406080','1406','SIAK HULU'),('1406081','1406','PERHENTIAN RAJA'),('1407010','1407','ROKAN IV KOTO'),('1407011','1407','PENDALIAN IV KOTO'),('1407020','1407','TANDUN'),('1407021','1407','KABUN'),('1407022','1407','UJUNG BATU'),('1407030','1407','RAMBAH SAMO'),('1407040','1407','RAMBAH'),('1407041','1407','RAMBAH HILIR'),('1407042','1407','BANGUN PURBA'),('1407050','1407','TAMBUSAI'),('1407051','1407','TAMBUSAI UTARA'),('1407060','1407','KEPENUHAN'),('1407061','1407','KEPENUHAN HULU'),('1407070','1407','KUNTO DARUSSALAM'),('1407071','1407','PAGARAN TAPAH DARUSSALAM'),('1407072','1407','BONAI DARUSSALAM'),('1408010','1408','MANDAU'),('1408011','1408','PINGGIR'),('1408020','1408','BUKIT BATU'),('1408021','1408','SIAK KECIL'),('1408030','1408','RUPAT'),('1408031','1408','RUPAT UTARA'),('1408040','1408','BENGKALIS'),('1408050','1408','BANTAN'),('1409010','1409','TANAH PUTIH'),('1409011','1409','PUJUD'),('1409012','1409','TANAH PUTIH TANJUNG MELAWAN'),('1409013','1409','RANTAU KOPAR'),('1409014','1409','TANJUNG MEDAN'),('1409020','1409','BAGAN SINEMBAH'),('1409021','1409','SIMPANG KANAN'),('1409022','1409','BAGAN SINEMBAH RAYA'),('1409023','1409','BALAI JAYA'),('1409030','1409','KUBU'),('1409031','1409','PASIR LIMAU KAPAS'),('1409032','1409','KUBU BABUSSALAM'),('1409040','1409','BANGKO'),('1409041','1409','SINABOI'),('1409042','1409','BATU HAMPAR'),('1409043','1409','PEKAITAN'),('1409050','1409','RIMBA MELINTANG'),('1409051','1409','BANGKO PUSAKO'),('1410010','1410','TEBING TINGGI BARAT'),('1410020','1410','TEBING TINGGI'),('1410021','1410','TEBING TINGGI TIMUR'),('1410030','1410','RANGSANG'),('1410031','1410','RANGSANG PESISIR'),('1410040','1410','RANGSANG BARAT'),('1410050','1410','MERBAU'),('1410051','1410','PULAU MERBAU'),('1410052','1410','TASIK PUTRI PUYU'),('1471010','1471','TAMPAN'),('1471011','1471','PAYUNG SEKAKI'),('1471020','1471','BUKIT RAYA'),('1471021','1471','MARPOYAN DAMAI'),('1471022','1471','TENAYAN RAYA'),('1471030','1471','LIMAPULUH'),('1471040','1471','SAIL'),('1471050','1471','PEKANBARU KOTA'),('1471060','1471','SUKAJADI'),('1471070','1471','SENAPELAN'),('1471080','1471','RUMBAI'),('1471081','1471','RUMBAI PESISIR'),('1473010','1473','BUKIT KAPUR'),('1473011','1473','MEDANG KAMPAI'),('1473012','1473','SUNGAI SEMBILAN'),('1473020','1473','DUMAI BARAT'),('1473021','1473','DUMAI SELATAN'),('1473030','1473','DUMAI TIMUR'),('1473031','1473','DUMAI KOTA'),('1501010','1501','GUNUNG RAYA'),('1501011','1501','BUKIT KERMAN'),('1501020','1501','BATANG MERANGIN'),('1501030','1501','KELILING DANAU'),('1501040','1501','DANAU KERINCI'),('1501050','1501','SITINJAU LAUT'),('1501070','1501','AIR HANGAT'),('1501071','1501','AIR HANGAT TIMUR'),('1501072','1501','DEPATI VII'),('1501073','1501','AIR HANGAT BARAT'),('1501080','1501','GUNUNG KERINCI'),('1501081','1501','SIULAK'),('1501082','1501','SIULAK MUKAI'),('1501090','1501','KAYU ARO'),('1501091','1501','GUNUNG TUJUH'),('1501092','1501','KAYU ARO BARAT'),('1502010','1502','JANGKAT'),('1502011','1502','SUNGAI TENANG'),('1502020','1502','MUARA SIAU'),('1502021','1502','LEMBAH MASURAI'),('1502022','1502','TIANG PUMPUNG'),('1502030','1502','PAMENANG'),('1502031','1502','PAMENANG BARAT'),('1502032','1502','RENAH PAMENANG'),('1502033','1502','PAMENANG SELATAN'),('1502040','1502','BANGKO'),('1502041','1502','BANGKO BARAT'),('1502042','1502','NALO TANTAN'),('1502043','1502','BATANG MASUMAI'),('1502050','1502','SUNGAI MANAU'),('1502051','1502','RENAH PEMBARAP'),('1502052','1502','PANGKALAN JAMBU'),('1502060','1502','TABIR'),('1502061','1502','TABIR ULU'),('1502062','1502','TABIR SELATAN'),('1502063','1502','TABIR ILIR'),('1502064','1502','TABIR TIMUR'),('1502065','1502','TABIR LINTAS'),('1502066','1502','MARGO TABIR'),('1502067','1502','TABIR BARAT'),('1503010','1503','BATANG ASAI'),('1503020','1503','LIMUN'),('1503021','1503','CERMIN NAN GEDANG'),('1503030','1503','PELAWAN'),('1503031','1503','SINGKUT'),('1503040','1503','SAROLANGUN'),('1503041','1503','BATHIN VIII'),('1503050','1503','PAUH'),('1503051','1503','AIR HITAM'),('1503060','1503','MANDIANGIN'),('1504010','1504','MERSAM'),('1504011','1504','MARO SEBO ULU'),('1504020','1504','BATIN XXIV'),('1504030','1504','MUARA TEMBESI'),('1504040','1504','MUARA BULIAN'),('1504041','1504','BAJUBANG'),('1504042','1504','MARO SEBO ILIR'),('1504050','1504','PEMAYUNG'),('1505010','1505','MESTONG'),('1505011','1505','SUNGAI BAHAR'),('1505012','1505','BAHAR SELATAN'),('1505013','1505','BAHAR UTARA'),('1505020','1505','KUMPEH ULU'),('1505021','1505','SUNGAI GELAM'),('1505030','1505','KUMPEH'),('1505040','1505','MARO SEBO'),('1505041','1505','TAMAN RAJO'),('1505050','1505','JAMBI LUAR KOTA'),('1505060','1505','SEKERNAN'),('1506010','1506','MENDAHARA'),('1506011','1506','MENDAHARA ULU'),('1506012','1506','GERAGAI'),('1506020','1506','DENDANG'),('1506031','1506','MUARA SABAK BARAT'),('1506032','1506','MUARA SABAK TIMUR'),('1506033','1506','KUALA JAMBI'),('1506040','1506','RANTAU RASAU'),('1506041','1506','BERBAK'),('1506050','1506','NIPAH PANJANG'),('1506060','1506','SADU'),('1507010','1507','TUNGKAL ULU'),('1507011','1507','MERLUNG'),('1507012','1507','BATANG ASAM'),('1507013','1507','TEBING TINGGI'),('1507014','1507','RENAH MENDALUH'),('1507015','1507','MUARA PAPALIK'),('1507020','1507','PENGABUAN'),('1507021','1507','SENYERANG'),('1507030','1507','TUNGKAL ILIR'),('1507031','1507','BRAM ITAM'),('1507032','1507','SEBERANG KOTA'),('1507040','1507','BETARA'),('1507041','1507','KUALA BETARA'),('1508010','1508','TEBO ILIR'),('1508011','1508','MUARA TABIR'),('1508020','1508','TEBO TENGAH'),('1508021','1508','SUMAY'),('1508022','1508','TENGAH ILIR'),('1508030','1508','RIMBO BUJANG'),('1508031','1508','RIMBO ULU'),('1508032','1508','RIMBO ILIR'),('1508040','1508','TEBO ULU'),('1508041','1508','VII KOTO'),('1508042','1508','SERAI SERUMPUN'),('1508043','1508','VII KOTO ILIR'),('1509010','1509','PELEPAT'),('1509011','1509','PELEPAT ILIR'),('1509021','1509','BATHIN II BABEKO'),('1509022','1509','RIMBO TENGAH'),('1509023','1509','BUNGO DANI'),('1509024','1509','PASAR MUARA BUNGO'),('1509025','1509','BATHIN III'),('1509030','1509','RANTAU PANDAN'),('1509031','1509','MUKO-MUKO BATHIN VII'),('1509032','1509','BATHIN III ULU'),('1509040','1509','TANAH SEPENGGAL'),('1509041','1509','TANAH SEPENGGAL LINTAS'),('1509050','1509','TANAH TUMBUH'),('1509051','1509','LIMBUR LUBUK MENGKUANG'),('1509052','1509','BATHIN II PELAYANG'),('1509060','1509','JUJUHAN'),('1509061','1509','JUJUHAN ILIR'),('1571010','1571','KOTA BARU'),('1571011','1571','ALAM BARAJO'),('1571020','1571','JAMBI SELATAN'),('1571021','1571','PAAL MERAH'),('1571030','1571','JELUTUNG'),('1571040','1571','PASAR JAMBI'),('1571050','1571','TELANAIPURA'),('1571051','1571','DANAU SIPIN'),('1571060','1571','DANAU TELUK'),('1571070','1571','PELAYANGAN'),('1571080','1571','JAMBI TIMUR'),('1572010','1572','TANAH KAMPUNG'),('1572020','1572','KUMUN DEBAI'),('1572030','1572','SUNGAI PENUH'),('1572031','1572','PONDOK TINGGGI'),('1572032','1572','SUNGAI BUNGKAL'),('1572040','1572','HAMPARAN RAWANG'),('1572050','1572','PESISIR BUKIT'),('1572051','1572','KOTO BARU'),('1601052','1601','LENGKITI'),('1601070','1601','SOSOH BUAY RAYAP'),('1601080','1601','PENGANDONAN'),('1601081','1601','SEMIDANG AJI'),('1601082','1601','ULU OGAN'),('1601083','1601','MUARA JAYA'),('1601090','1601','PENINJAUAN'),('1601091','1601','LUBUK BATANG'),('1601092','1601','SINAR PENINJAUAN'),('1601093','1601','KEDATON PENINJAUAN RAYA'),('1601130','1601','BATU RAJA TIMUR'),('1601131','1601','LUBUK RAJA'),('1601140','1601','BATU RAJA BARAT'),('1602010','1602','LEMPUING'),('1602011','1602','LEMPUING JAYA'),('1602020','1602','MESUJI'),('1602021','1602','SUNGAI MENANG'),('1602022','1602','MESUJI MAKMUR'),('1602023','1602','MESUJI RAYA'),('1602030','1602','TULUNG SELAPAN'),('1602031','1602','CENGAL'),('1602040','1602','PEDAMARAN'),('1602041','1602','PEDAMARAN TIMUR'),('1602050','1602','TANJUNG LUBUK'),('1602051','1602','TELUK GELAM'),('1602060','1602','KOTA KAYU AGUNG'),('1602120','1602','SIRAH PULAU PADANG'),('1602121','1602','JEJAWI'),('1602130','1602','PAMPANGAN'),('1602131','1602','PANGKALAN LAPAM'),('1602140','1602','AIR SUGIHAN'),('1603010','1603','SEMENDO DARAT LAUT'),('1603011','1603','SEMENDO DARAT ULU'),('1603012','1603','SEMENDO DARAT TENGAH'),('1603020','1603','TANJUNG AGUNG'),('1603031','1603','RAMBANG'),('1603032','1603','LUBAI'),('1603033','1603','LUBAI ULU'),('1603040','1603','LAWANG KIDUL'),('1603050','1603','MUARA ENIM'),('1603051','1603','UJAN MAS'),('1603060','1603','GUNUNG MEGANG'),('1603061','1603','BENAKAT'),('1603062','1603','BELIMBING'),('1603070','1603','RAMBANG DANGKU'),('1603090','1603','GELUMBANG'),('1603091','1603','LEMBAK'),('1603092','1603','SUNGAI ROTAN'),('1603093','1603','MUARA BELIDA'),('1603094','1603','KELEKAR'),('1603095','1603','BELIDA DARAT'),('1604011','1604','TANJUNG SAKTI PUMI'),('1604012','1604','TANJUNG SAKTI PUMU'),('1604040','1604','KOTA AGUNG'),('1604041','1604','MULAK ULU'),('1604042','1604','TANJUNG TEBAT'),('1604050','1604','PULAU PINANG'),('1604051','1604','PAGAR GUNUNG'),('1604052','1604','GUMAY ULU'),('1604060','1604','JARAI'),('1604061','1604','PAJAR BULAN'),('1604062','1604','MUARA PAYANG'),('1604063','1604','SUKAMERINDU'),('1604111','1604','KIKIM BARAT'),('1604112','1604','KIKIM TIMUR'),('1604113','1604','KIKIM SELATAN'),('1604114','1604','KIKIM TENGAH'),('1604120','1604','LAHAT'),('1604121','1604','GUMAY TALANG'),('1604122','1604','PSEKSU'),('1604131','1604','MERAPI BARAT'),('1604132','1604','MERAPI TIMUR'),('1604133','1604','MERAPI SELATAN'),('1605030','1605','SUKU TENGAH LAKITAN ULU'),('1605031','1605','SELANGIT'),('1605032','1605','SUMBER HARTA'),('1605040','1605','TUGUMULYO'),('1605041','1605','PURWODADI'),('1605050','1605','MUARA BELITI'),('1605051','1605','TIANG PUMPUNG KEPUNGUT'),('1605060','1605','JAYALOKA'),('1605061','1605','SUKA KARYA'),('1605070','1605','MUARA KELINGI'),('1605071','1605','BULANG TENGAH SUKU ULU'),('1605072','1605','TUAH NEGERI'),('1605080','1605','MUARA LAKITAN'),('1605090','1605','MEGANG SAKTI'),('1606010','1606','SANGA DESA'),('1606020','1606','BABAT TOMAN'),('1606021','1606','BATANGHARI LEKO'),('1606022','1606','PLAKAT TINGGI'),('1606023','1606','LAWANG WETAN'),('1606030','1606','SUNGAI KERUH'),('1606040','1606','SEKAYU'),('1606041','1606','LAIS'),('1606090','1606','SUNGAI LILIN'),('1606091','1606','KELUANG'),('1606092','1606','BABAT SUPAT'),('1606100','1606','BAYUNG LENCIR'),('1606101','1606','LALAN'),('1606102','1606','TUNGKAL JAYA'),('1607010','1607','RANTAU BAYUR'),('1607020','1607','BETUNG'),('1607021','1607','SUAK TAPEH'),('1607030','1607','PULAU RIMAU'),('1607031','1607','TUNGKAL ILIR'),('1607040','1607','BANYUASIN III'),('1607041','1607','SEMBAWA'),('1607050','1607','TALANG KELAPA'),('1607051','1607','TANJUNG LAGO'),('1607060','1607','BANYUASIN I'),('1607061','1607','AIR KUMBANG'),('1607070','1607','RAMBUTAN'),('1607080','1607','MUARA PADANG'),('1607081','1607','MUARA SUGIHAN'),('1607090','1607','MAKARTI JAYA'),('1607091','1607','AIR SALEH'),('1607100','1607','BANYUASIN II'),('1607110','1607','MUARA TELANG'),('1607111','1607','SUMBER MARGA TELANG'),('1608010','1608','MEKAKAU ILIR'),('1608020','1608','BANDING AGUNG'),('1608021','1608','WARKUK RANAU SELATAN'),('1608022','1608','BUAY PEMATANG RIBU RANAU TENGAH'),('1608030','1608','BUAY PEMACA'),('1608040','1608','SIMPANG'),('1608041','1608','BUANA PEMACA'),('1608050','1608','MUARADUA'),('1608051','1608','BUAY RAWAN'),('1608060','1608','BUAY SANDANG AJI'),('1608061','1608','TIGA DIHAJI'),('1608070','1608','BUAY RUNJUNG'),('1608071','1608','RUNJUNG AGUNG'),('1608080','1608','KISAM TINGGI'),('1608090','1608','MUARADUA KISAM'),('1608091','1608','KISAM ILIR'),('1608100','1608','PULAU BERINGIN'),('1608101','1608','SINDANG DANAU'),('1608102','1608','SUNGAI ARE'),('1609010','1609','MARTAPURA'),('1609011','1609','BUNGA MAYANG'),('1609012','1609','JAYA PURA'),('1609020','1609','BUAY PEMUKA PELIUNG'),('1609030','1609','BUAY MADANG'),('1609031','1609','BUAY MADANG TIMUR'),('1609032','1609','BUAY PEMUKA BANGSA RAJA'),('1609040','1609','MADANG SUKU II'),('1609041','1609','MADANG SUKU III'),('1609050','1609','MADANG SUKU I'),('1609051','1609','BELITANG MADANG RAYA'),('1609060','1609','BELITANG'),('1609061','1609','BELITANG JAYA'),('1609070','1609','BELITANG III'),('1609080','1609','BELITANG II'),('1609081','1609','BELITANG MULYA'),('1609090','1609','SEMENDAWAI SUKU III'),('1609091','1609','SEMENDAWAI TIMUR'),('1609100','1609','CEMPAKA'),('1609101','1609','SEMENDAWAI BARAT'),('1610010','1610','MUARA KUANG'),('1610011','1610','RAMBANG KUANG'),('1610012','1610','LUBUK KELIAT'),('1610020','1610','TANJUNG BATU'),('1610021','1610','PAYARAMAN'),('1610030','1610','RANTAU ALAI'),('1610031','1610','KANDIS'),('1610040','1610','TANJUNG RAJA'),('1610041','1610','RANTAU PANJANG'),('1610042','1610','SUNGAI PINANG'),('1610050','1610','PEMULUTAN'),('1610051','1610','PEMULUTAN SELATAN'),('1610052','1610','PEMULUTAN BARAT'),('1610060','1610','INDRALAYA'),('1610061','1610','INDRALAYA UTARA'),('1610062','1610','INDRALAYA SELATAN'),('1611010','1611','MUARA PINANG'),('1611020','1611','LINTANG KANAN'),('1611030','1611','PENDOPO'),('1611031','1611','PENDOPO BARAT'),('1611040','1611','PASEMAH AIR KERUH'),('1611050','1611','ULU MUSI'),('1611051','1611','SIKAP DALAM'),('1611060','1611','TALANG PADANG'),('1611070','1611','TEBING TINGGI'),('1611071','1611','SALING'),('1612010','1612','TALANG UBI'),('1612020','1612','TANAH ABANG'),('1612030','1612','ABAB'),('1612040','1612','PENUKAL'),('1612050','1612','PENUKAL UTARA'),('1613010','1613','ULU RAWAS'),('1613020','1613','KARANG JAYA'),('1613030','1613','RAWAS ULU'),('1613040','1613','RUPIT'),('1613050','1613','KARANG DAPO'),('1613060','1613','RAWAS ILIR'),('1613070','1613','NIBUNG'),('1671010','1671','ILIR BARAT II'),('1671011','1671','GANDUS'),('1671020','1671','SEBERANG ULU I'),('1671021','1671','KERTAPATI'),('1671030','1671','SEBERANG ULU II'),('1671031','1671','PLAJU'),('1671040','1671','ILIR BARAT I'),('1671041','1671','BUKIT KECIL'),('1671050','1671','ILIR TIMUR I'),('1671051','1671','KEMUNING'),('1671060','1671','ILIR TIMUR II'),('1671061','1671','KALIDONI'),('1671070','1671','SAKO'),('1671071','1671','SEMATANG BORANG'),('1671080','1671','SUKARAMI'),('1671081','1671','ALANG ALANG LEBAR'),('1672010','1672','RAMBANG KAPAK TENGAH'),('1672020','1672','PRABUMULIH TIMUR'),('1672021','1672','PRABUMULIH SELATAN'),('1672030','1672','PRABUMULIH BARAT'),('1672031','1672','PRABUMULIH UTARA'),('1672040','1672','CAMBAI'),('1673010','1673','DEMPO SELATAN'),('1673011','1673','DEMPO TENGAH'),('1673020','1673','DEMPO UTARA'),('1673030','1673','PAGAR ALAM SELATAN'),('1673040','1673','PAGAR ALAM UTARA'),('1674011','1674','LUBUK LINGGAU BARAT I'),('1674012','1674','LUBUK LINGGAU BARAT II'),('1674021','1674','LUBUK LINGGAU SELATAN I'),('1674022','1674','LUBUK LINGGAU SELATAN II'),('1674031','1674','LUBUK LINGGAU TIMUR I'),('1674032','1674','LUBUK LINGGAU TIMUR II'),('1674041','1674','LUBUK LINGGAU UTARA I'),('1674042','1674','LUBUK LINGGAU UTARA II'),('1701040','1701','MANNA'),('1701041','1701','KOTA MANNA'),('1701042','1701','KEDURANG'),('1701043','1701','BUNGA MAS'),('1701044','1701','PASAR MANNA'),('1701045','1701','KEDURANG ILIR'),('1701050','1701','SEGINIM'),('1701051','1701','AIR NIPIS'),('1701060','1701','PINO'),('1701061','1701','PINORAYA'),('1701062','1701','ULU MANNA'),('1702020','1702','KOTA PADANG'),('1702021','1702','SINDANG BELITI ILIR'),('1702030','1702','PADANG ULAK TANDING'),('1702031','1702','SINDANG KELINGI'),('1702032','1702','BINDU RIANG'),('1702033','1702','SINDANG BELITI ULU'),('1702034','1702','SINDANG DATARAN'),('1702040','1702','CURUP'),('1702041','1702','BERMANI ULU'),('1702042','1702','SELUPU REJANG'),('1702043','1702','CURUP SELATAN'),('1702044','1702','CURUP TENGAH'),('1702045','1702','BERMANI ULU RAYA'),('1702046','1702','CURUP UTARA'),('1702047','1702','CURUP TIMUR'),('1703010','1703','ENGGANO'),('1703050','1703','KERKAP'),('1703051','1703','AIR NAPAL'),('1703052','1703','AIR BESI'),('1703053','1703','HULU PALIK'),('1703054','1703','TANJUNG AGUNG PALIK'),('1703060','1703','ARGA MAKMUR'),('1703061','1703','ARMA JAYA'),('1703070','1703','LAIS'),('1703071','1703','BATIK NAU'),('1703072','1703','GIRI MULYA'),('1703073','1703','AIR PADANG'),('1703080','1703','PADANG JAYA'),('1703090','1703','KETAHUN'),('1703091','1703','NAPAL PUTIH'),('1703092','1703','ULOK KUPAI'),('1703093','1703','PINANG RAYA'),('1703100','1703','PUTRI HIJAU'),('1703101','1703','MARGA SAKTI SEBELAT'),('1704010','1704','NASAL'),('1704020','1704','MAJE'),('1704030','1704','KAUR SELATAN'),('1704031','1704','TETAP'),('1704040','1704','KAUR TENGAH'),('1704041','1704','LUAS'),('1704042','1704','MUARA SAHUNG'),('1704050','1704','KINAL'),('1704051','1704','SEMIDANG GUMAY'),('1704060','1704','TANJUNG KEMUNING'),('1704061','1704','KELAM TENGAH'),('1704070','1704','KAUR UTARA'),('1704071','1704','PADANG GUCI HILIR'),('1704072','1704','LUNGKANG KULE'),('1704073','1704','PADANG GUCI HULU'),('1705010','1705','SEMIDANG ALAS MARAS'),('1705020','1705','SEMIDANG ALAS'),('1705030','1705','TALO'),('1705031','1705','ILIR TALO'),('1705032','1705','TALO KECIL'),('1705033','1705','ULU TALO'),('1705040','1705','SELUMA'),('1705041','1705','SELUMA SELATAN'),('1705042','1705','SELUMA BARAT'),('1705043','1705','SELUMA TIMUR'),('1705044','1705','SELUMA UTARA'),('1705050','1705','SUKARAJA'),('1705051','1705','AIR PERIUKAN'),('1705052','1705','LUBUK SANDI'),('1706010','1706','IPUH'),('1706011','1706','AIR RAMI'),('1706012','1706','MALIN DEMAN'),('1706020','1706','PONDOK SUGUH'),('1706021','1706','SUNGAI RUMBAI'),('1706022','1706','TERAMANG JAYA'),('1706030','1706','TERAS TERUNJAM'),('1706031','1706','PENARIK'),('1706032','1706','SELAGAN RAYA'),('1706040','1706','KOTA MUKOMUKO'),('1706041','1706','AIR DIKIT'),('1706042','1706','XIV KOTO'),('1706050','1706','LUBUK PINANG'),('1706051','1706','AIR MANJUNTO'),('1706052','1706','V KOTO'),('1707010','1707','RIMBO PENGADANG'),('1707011','1707','TOPOS'),('1707020','1707','LEBONG SELATAN'),('1707021','1707','BINGIN KUNING'),('1707030','1707','LEBONG TENGAH'),('1707031','1707','LEBONG SAKTI'),('1707040','1707','LEBONG ATAS'),('1707041','1707','PADANG BANO'),('1707042','1707','PELABAI'),('1707050','1707','LEBONG UTARA'),('1707051','1707','AMEN'),('1707052','1707','URAM JAYA'),('1707053','1707','PINANG BELAPIS'),('1708010','1708','MUARA KEMUMU'),('1708020','1708','BERMANI ILIR'),('1708030','1708','SEBERANG MUSI'),('1708040','1708','TEBAT KARAI'),('1708050','1708','KEPAHIANG'),('1708060','1708','KABA WETAN'),('1708070','1708','UJAN MAS'),('1708080','1708','MERIGI'),('1709010','1709','TALANG EMPAT'),('1709020','1709','KARANG TINGGI'),('1709030','1709','TABA PENANJUNG'),('1709031','1709','MERIGI KELINDANG'),('1709040','1709','PAGAR JATI'),('1709041','1709','MERIGI SAKTI'),('1709050','1709','PONDOK KELAPA'),('1709051','1709','PONDOK KUBANG'),('1709060','1709','PEMATANG TIGA'),('1709061','1709','BANG HAJI'),('1771010','1771','SELEBAR'),('1771011','1771','KAMPUNG MELAYU'),('1771020','1771','GADING CEMPAKA'),('1771021','1771','RATU AGUNG'),('1771022','1771','RATU SAMBAN'),('1771023','1771','SINGARAN PATI'),('1771030','1771','TELUK SEGARA'),('1771031','1771','SUNGAI SERUT'),('1771040','1771','MUARA BANGKA HULU'),('1801040','1801','BALIK BUKIT'),('1801041','1801','SUKAU'),('1801042','1801','LUMBOK SEMINUNG'),('1801050','1801','BELALAU'),('1801051','1801','SEKINCAU'),('1801052','1801','SUOH'),('1801053','1801','BATU BRAK'),('1801054','1801','PAGAR DEWA'),('1801055','1801','BATU KETULIS'),('1801056','1801','BANDAR NEGERI SUOH'),('1801060','1801','SUMBER JAYA'),('1801061','1801','WAY TENONG'),('1801062','1801','GEDUNG SURIAN'),('1801063','1801','KEBUN TEBU'),('1801064','1801','AIR HITAM'),('1802010','1802','WONOSOBO'),('1802011','1802','SEMAKA'),('1802012','1802','BANDAR NEGERI SEMUONG'),('1802020','1802','KOTA AGUNG'),('1802021','1802','PEMATANG SAWA'),('1802022','1802','KOTA AGUNG TIMUR'),('1802023','1802','KOTA AGUNG BARAT'),('1802030','1802','PULAU PANGGUNG'),('1802031','1802','ULUBELU'),('1802032','1802','AIR NANINGAN'),('1802040','1802','TALANG PADANG'),('1802041','1802','SUMBEREJO'),('1802042','1802','GISTING'),('1802043','1802','GUNUNG ALIP'),('1802050','1802','PUGUNG'),('1802101','1802','BULOK'),('1802110','1802','CUKUH BALAK'),('1802111','1802','KELUMBAYAN'),('1802112','1802','LIMAU'),('1802113','1802','KELUMBAYAN BARAT'),('1803060','1803','NATAR'),('1803070','1803','JATI AGUNG'),('1803080','1803','TANJUNG BINTANG'),('1803081','1803','TANJUNG SARI'),('1803090','1803','KATIBUNG'),('1803091','1803','MERBAU MATARAM'),('1803092','1803','WAY SULAN'),('1803100','1803','SIDOMULYO'),('1803101','1803','CANDIPURO'),('1803102','1803','WAY PANJI'),('1803110','1803','KALIANDA'),('1803111','1803','RAJABASA'),('1803120','1803','PALAS'),('1803121','1803','SRAGI'),('1803130','1803','PENENGAHAN'),('1803131','1803','KETAPANG'),('1803132','1803','BAKAUHENI'),('1804010','1804','METRO KIBANG'),('1804020','1804','BATANGHARI'),('1804030','1804','SEKAMPUNG'),('1804040','1804','MARGATIGA'),('1804050','1804','SEKAMPUNG UDIK'),('1804060','1804','JABUNG'),('1804061','1804','PASIR SAKTI'),('1804062','1804','WAWAY KARYA'),('1804063','1804','MARGA SEKAMPUNG'),('1804070','1804','LABUHAN MARINGGAI'),('1804071','1804','MATARAM BARU'),('1804072','1804','BANDAR SRIBAWONO'),('1804073','1804','MELINTING'),('1804074','1804','GUNUNG PELINDUNG'),('1804080','1804','WAY JEPARA'),('1804081','1804','BRAJA SLEBAH'),('1804082','1804','LABUHAN RATU'),('1804090','1804','SUKADANA'),('1804091','1804','BUMI AGUNG'),('1804092','1804','BATANGHARI NUBAN'),('1804100','1804','PEKALONGAN'),('1804110','1804','RAMAN UTARA'),('1804120','1804','PURBOLINGGO'),('1804121','1804','WAY BUNGUR'),('1805010','1805','PADANG RATU'),('1805011','1805','SELAGAI LINGGA'),('1805012','1805','PUBIAN'),('1805013','1805','ANAK TUHA'),('1805014','1805','ANAK RATU AJI'),('1805020','1805','KALIREJO'),('1805021','1805','SENDANG AGUNG'),('1805030','1805','BANGUNREJO'),('1805040','1805','GUNUNG SUGIH'),('1805041','1805','BEKRI'),('1805042','1805','BUMI RATU NUBAN'),('1805050','1805','TRIMURJO'),('1805060','1805','PUNGGUR'),('1805061','1805','KOTA GAJAH'),('1805070','1805','SEPUTIH RAMAN'),('1805080','1805','TERBANGGI BESAR'),('1805081','1805','SEPUTIH AGUNG'),('1805082','1805','WAY PENGUBUAN'),('1805090','1805','TERUSAN NUNYAI'),('1805100','1805','SEPUTIH MATARAM'),('1805101','1805','BANDAR MATARAM'),('1805110','1805','SEPUTIH BANYAK'),('1805111','1805','WAY SEPUTIH'),('1805120','1805','RUMBIA'),('1805121','1805','BUMI NABUNG'),('1805122','1805','PUTRA RUMBIA'),('1805130','1805','SEPUTIH SURABAYA'),('1805131','1805','BANDAR SURABAYA'),('1806010','1806','BUKIT KEMUNING'),('1806011','1806','ABUNG TINGGI'),('1806020','1806','TANJUNG RAJA'),('1806030','1806','ABUNG BARAT'),('1806031','1806','ABUNG TENGAH'),('1806032','1806','ABUNG  KUNANG'),('1806033','1806','ABUNG PEKURUN'),('1806040','1806','KOTABUMI'),('1806041','1806','KOTABUMI UTARA'),('1806042','1806','KOTABUMI SELATAN'),('1806050','1806','ABUNG SELATAN'),('1806051','1806','ABUNG SEMULI'),('1806052','1806','BLAMBANGAN PAGAR'),('1806060','1806','ABUNG TIMUR'),('1806061','1806','ABUNG SURAKARTA'),('1806070','1806','SUNGKAI SELATAN'),('1806071','1806','MUARA SUNGKAI'),('1806072','1806','BUNGA MAYANG'),('1806073','1806','SUNGKAI  BARAT'),('1806074','1806','SUNGKAI JAYA'),('1806080','1806','SUNGKAI UTARA'),('1806081','1806','HULUSUNGKAI'),('1806082','1806','SUNGKAI TENGAH'),('1807010','1807','BANJIT'),('1807020','1807','BARADATU'),('1807021','1807','GUNUNG LABUHAN'),('1807030','1807','KASUI'),('1807031','1807','REBANG TANGKAS'),('1807040','1807','BLAMBANGAN UMPU'),('1807041','1807','WAY TUBA'),('1807042','1807','NEGERI AGUNG'),('1807050','1807','BAHUGA'),('1807051','1807','BUAY  BAHUGA'),('1807052','1807','BUMI AGUNG'),('1807060','1807','PAKUAN RATU'),('1807061','1807','NEGARA BATIN'),('1807062','1807','NEGERI BESAR'),('1808030','1808','BANJAR AGUNG'),('1808031','1808','BANJAR MARGO'),('1808032','1808','BANJAR BARU'),('1808040','1808','GEDUNG AJI'),('1808041','1808','PENAWAR AJI'),('1808042','1808','MERAKSA AJI'),('1808050','1808','MENGGALA'),('1808051','1808','PENAWAR TAMA'),('1808052','1808','RAWAJITU SELATAN'),('1808053','1808','GEDUNG MENENG'),('1808054','1808','RAWAJITU TIMUR'),('1808055','1808','RAWA PITU'),('1808056','1808','GEDUNG AJI BARU'),('1808057','1808','DENTE TELADAS'),('1808058','1808','MENGGALA TIMUR'),('1809010','1809','PUNDUH PIDADA'),('1809011','1809','MARGA PUNDUH'),('1809020','1809','PADANG CERMIN'),('1809021','1809','TELUK PANDAN'),('1809022','1809','WAY RATAI'),('1809030','1809','KEDONDONG'),('1809031','1809','WAY KHILAU'),('1809040','1809','WAY LIMA'),('1809050','1809','GEDUNG TATAAN'),('1809060','1809','NEGERI KATON'),('1809070','1809','TEGINENENG'),('1810010','1810','PARDASUKA'),('1810020','1810','AMBARAWA'),('1810030','1810','PAGELARAN'),('1810031','1810','PAGELARAN UTARA'),('1810040','1810','PRINGSEWU'),('1810050','1810','GADING REJO'),('1810060','1810','SUKOHARJO'),('1810070','1810','BANYUMAS'),('1810080','1810','ADI LUWIH'),('1811010','1811','WAY SERDANG'),('1811020','1811','SIMPANG PEMATANG'),('1811030','1811','PANCA JAYA'),('1811040','1811','TANJUNG RAYA'),('1811050','1811','MESUJI'),('1811060','1811','MESUJI TIMUR'),('1811070','1811','RAWAJITU UTARA'),('1812010','1812','TULANG BAWANG UDIK'),('1812020','1812','TUMI JAJAR'),('1812030','1812','TULANG BAWANG TENGAH'),('1812040','1812','PAGAR DEWA'),('1812050','1812','LAMBU KIBANG'),('1812060','1812','GUNUNG TERANG'),('1812070','1812','GUNUNG AGUNG'),('1812080','1812','WAY KENANGA'),('1813010','1813','LEMONG'),('1813020','1813','PESISIR UTARA'),('1813030','1813','PULAU PISANG'),('1813040','1813','KARYA PENGGAWA'),('1813050','1813','WAY KRUI'),('1813060','1813','PESISIR TENGAH'),('1813070','1813','KRUI SELATAN'),('1813080','1813','PESISIR SELATAN'),('1813090','1813','NGAMBUR'),('1813100','1813','BENGKUNAT'),('1813110','1813','BENGKUNAT BELIMBING'),('1871010','1871','TELUK BETUNG BARAT'),('1871011','1871','TELUKBETUNG TIMUR'),('1871020','1871','TELUK BETUNG SELATAN'),('1871021','1871','BUMI WARAS'),('1871030','1871','PANJANG'),('1871040','1871','TANJUNG KARANG TIMUR'),('1871041','1871','KEDAMAIAN'),('1871050','1871','TELUK BETUNG UTARA'),('1871060','1871','TANJUNG KARANG PUSAT'),('1871061','1871','ENGGAL'),('1871070','1871','TANJUNG KARANG BARAT'),('1871071','1871','KEMILING'),('1871072','1871','LANGKAPURA'),('1871080','1871','KEDATON'),('1871081','1871','RAJABASA'),('1871082','1871','TANJUNG SENANG'),('1871083','1871','LABUHAN RATU'),('1871090','1871','SUKARAME'),('1871091','1871','SUKABUMI'),('1871092','1871','WAY HALIM'),('1872011','1872','METRO SELATAN'),('1872012','1872','METRO BARAT'),('1872021','1872','METRO TIMUR'),('1872022','1872','METRO PUSAT'),('1872023','1872','METRO UTARA'),('1901070','1901','MENDO BARAT'),('1901080','1901','MERAWANG'),('1901081','1901','PUDING BESAR'),('1901090','1901','SUNGAI LIAT'),('1901091','1901','PEMALI'),('1901092','1901','BAKAM'),('1901130','1901','BELINYU'),('1901131','1901','RIAU SILIP'),('1902010','1902','MEMBALONG'),('1902060','1902','TANJUNG PANDAN'),('1902061','1902','BADAU'),('1902062','1902','SIJUK'),('1902063','1902','SELAT NASIK'),('1903010','1903','KELAPA'),('1903020','1903','TEMPILANG'),('1903030','1903','MENTOK'),('1903040','1903','SIMPANG TERITIP'),('1903050','1903','JEBUS'),('1903051','1903','PARITTIGA'),('1904010','1904','KOBA'),('1904011','1904','LUBUK BESAR'),('1904020','1904','PANGKALAN BARU'),('1904021','1904','NAMANG'),('1904030','1904','SUNGAI SELAN'),('1904040','1904','SIMPANG KATIS'),('1905010','1905','PAYUNG'),('1905011','1905','PULAU BESAR'),('1905020','1905','SIMPANG RIMBA'),('1905030','1905','TOBOALI'),('1905031','1905','TUKAK SADAI'),('1905040','1905','AIR GEGAS'),('1905050','1905','LEPAR PONGOK'),('1905051','1905','KEPULAUAN PONGOK'),('1906010','1906','DENDANG'),('1906011','1906','SIMPANG PESAK'),('1906020','1906','GANTUNG'),('1906021','1906','SIMPANG RENGGIANG'),('1906030','1906','MANGGAR'),('1906031','1906','DAMAR'),('1906040','1906','KELAPA KAMPIT'),('1971010','1971','RANGKUI'),('1971020','1971','BUKIT INTAN'),('1971021','1971','GIRIMAYA'),('1971030','1971','PANGKAL BALAM'),('1971031','1971','GABEK'),('1971040','1971','TAMAN SARI'),('1971041','1971','GERUNGGANG'),('2101010','2101','MORO'),('2101011','2101','DURAI'),('2101020','2101','KUNDUR'),('2101021','2101','KUNDUR UTARA'),('2101022','2101','KUNDUR BARAT'),('2101023','2101','UNGAR'),('2101024','2101','BELAT'),('2101030','2101','KARIMUN'),('2101031','2101','BURU'),('2101032','2101','MERAL'),('2101033','2101','TEBING'),('2101034','2101','MERAL BARAT'),('2102040','2102','TELUK BINTAN'),('2102050','2102','BINTAN UTARA'),('2102051','2102','TELUK SEBONG'),('2102052','2102','SERI KUALA LOBAM'),('2102060','2102','BINTAN TIMUR'),('2102061','2102','GUNUNG KIJANG'),('2102062','2102','MANTANG'),('2102063','2102','BINTAN PESISIR'),('2102064','2102','TOAPAYA'),('2102070','2102','TAMBELAN'),('2103030','2103','MIDAI'),('2103040','2103','BUNGURAN BARAT'),('2103041','2103','BUNGURAN UTARA'),('2103042','2103','PULAU LAUT'),('2103043','2103','PULAU TIGA'),('2103050','2103','BUNGURAN TIMUR'),('2103051','2103','BUNGURAN TIMUR LAUT'),('2103052','2103','BUNGURAN TENGAH'),('2103053','2103','BUNGURAN SELATAN'),('2103060','2103','SERASAN'),('2103061','2103','SUBI'),('2103062','2103','SERASAN TIMUR'),('2104010','2104','SINGKEP BARAT'),('2104011','2104','KEPULAUAN POSEK'),('2104020','2104','SINGKEP'),('2104021','2104','SINGKEP SELATAN'),('2104022','2104','SINGKEP PESISIR'),('2104030','2104','LINGGA'),('2104031','2104','SELAYAR'),('2104032','2104','LINGGA TIMUR'),('2104040','2104','LINGGA UTARA'),('2104050','2104','SENAYANG'),('2105010','2105','JEMAJA'),('2105020','2105','JEMAJA TIMUR'),('2105030','2105','SIANTAN SELATAN'),('2105040','2105','SIANTAN'),('2105050','2105','SIANTAN TIMUR'),('2105060','2105','SIANTAN TENGAH'),('2105070','2105','PALMATAK'),('2171010','2171','BELAKANG PADANG'),('2171020','2171','BULANG'),('2171030','2171','GALANG'),('2171040','2171','SEI BEDUK'),('2171041','2171','SAGULUNG'),('2171050','2171','NONGSA'),('2171051','2171','BATAM KOTA'),('2171060','2171','SEKUPANG'),('2171061','2171','BATU AJI'),('2171070','2171','LUBUK BAJA'),('2171080','2171','BATU AMPAR'),('2171081','2171','BENGKONG'),('2172010','2172','BUKIT BESTARI'),('2172020','2172','TANJUNGPINANG TIMUR'),('2172030','2172','TANJUNGPINANG KOTA'),('2172040','2172','TANJUNGPINANG BARAT'),('3101010','3101','KEPULAUAN SERIBU SELATAN'),('3101020','3101','KEPULAUAN SERIBU UTARA'),('3171010','3171','JAGAKARSA'),('3171020','3171','PASAR MINGGU'),('3171030','3171','CILANDAK'),('3171040','3171','PESANGGRAHAN'),('3171050','3171','KEBAYORAN LAMA'),('3171060','3171','KEBAYORAN BARU'),('3171070','3171','MAMPANG PRAPATAN'),('3171080','3171','PANCORAN'),('3171090','3171','TEBET'),('3171100','3171','SETIA BUDI'),('3172010','3172','PASAR REBO'),('3172020','3172','CIRACAS'),('3172030','3172','CIPAYUNG'),('3172040','3172','MAKASAR'),('3172050','3172','KRAMAT JATI'),('3172060','3172','JATINEGARA'),('3172070','3172','DUREN SAWIT'),('3172080','3172','CAKUNG'),('3172090','3172','PULO GADUNG'),('3172100','3172','MATRAMAN'),('3173010','3173','TANAH ABANG'),('3173020','3173','MENTENG'),('3173030','3173','SENEN'),('3173040','3173','JOHAR BARU'),('3173050','3173','CEMPAKA PUTIH'),('3173060','3173','KEMAYORAN'),('3173070','3173','SAWAH BESAR'),('3173080','3173','GAMBIR'),('3174010','3174','KEMBANGAN'),('3174020','3174','KEBON JERUK'),('3174030','3174','PALMERAH'),('3174040','3174','GROGOL PETAMBURAN'),('3174050','3174','TAMBORA'),('3174060','3174','TAMAN SARI'),('3174070','3174','CENGKARENG'),('3174080','3174','KALI DERES'),('3175010','3175','PENJARINGAN'),('3175020','3175','PADEMANGAN'),('3175030','3175','TANJUNG PRIOK'),('3175040','3175','KOJA'),('3175050','3175','KELAPA GADING'),('3175060','3175','CILINCING'),('3201010','3201','NANGGUNG'),('3201020','3201','LEUWILIANG'),('3201021','3201','LEUWISADENG'),('3201030','3201','PAMIJAHAN'),('3201040','3201','CIBUNGBULANG'),('3201050','3201','CIAMPEA'),('3201051','3201','TENJOLAYA'),('3201060','3201','DRAMAGA'),('3201070','3201','CIOMAS'),('3201071','3201','TAMANSARI'),('3201080','3201','CIJERUK'),('3201081','3201','CIGOMBONG'),('3201090','3201','CARINGIN'),('3201100','3201','CIAWI'),('3201110','3201','CISARUA'),('3201120','3201','MEGAMENDUNG'),('3201130','3201','SUKARAJA'),('3201140','3201','BABAKAN MADANG'),('3201150','3201','SUKAMAKMUR'),('3201160','3201','CARIU'),('3201161','3201','TANJUNGSARI'),('3201170','3201','JONGGOL'),('3201180','3201','CILEUNGSI'),('3201181','3201','KELAPA NUNGGAL'),('3201190','3201','GUNUNG PUTRI'),('3201200','3201','CITEUREUP'),('3201210','3201','CIBINONG'),('3201220','3201','BOJONG GEDE'),('3201221','3201','TAJUR HALANG'),('3201230','3201','KEMANG'),('3201231','3201','RANCA BUNGUR'),('3201240','3201','PARUNG'),('3201241','3201','CISEENG'),('3201250','3201','GUNUNG SINDUR'),('3201260','3201','RUMPIN'),('3201270','3201','CIGUDEG'),('3201271','3201','SUKAJAYA'),('3201280','3201','JASINGA'),('3201290','3201','TENJO'),('3201300','3201','PARUNG PANJANG'),('3202010','3202','CIEMAS'),('3202020','3202','CIRACAP'),('3202021','3202','WALURAN'),('3202030','3202','SURADE'),('3202031','3202','CIBITUNG'),('3202040','3202','JAMPANG KULON'),('3202041','3202','CIMANGGU'),('3202050','3202','KALI BUNDER'),('3202060','3202','TEGAL BULEUD'),('3202070','3202','CIDOLOG'),('3202080','3202','SAGARANTEN'),('3202081','3202','CIDADAP'),('3202082','3202','CURUGKEMBAR'),('3202090','3202','PABUARAN'),('3202100','3202','LENGKONG'),('3202110','3202','PALABUHANRATU'),('3202111','3202','SIMPENAN'),('3202120','3202','WARUNG KIARA'),('3202121','3202','BANTARGADUNG'),('3202130','3202','JAMPANG TENGAH'),('3202131','3202','PURABAYA'),('3202140','3202','CIKEMBAR'),('3202150','3202','NYALINDUNG'),('3202160','3202','GEGER BITUNG'),('3202170','3202','SUKARAJA'),('3202171','3202','KEBONPEDES'),('3202172','3202','CIREUNGHAS'),('3202173','3202','SUKALARANG'),('3202180','3202','SUKABUMI'),('3202190','3202','KADUDAMPIT'),('3202200','3202','CISAAT'),('3202201','3202','GUNUNGGURUH'),('3202210','3202','CIBADAK'),('3202211','3202','CICANTAYAN'),('3202212','3202','CARINGIN'),('3202220','3202','NAGRAK'),('3202221','3202','CIAMBAR'),('3202230','3202','CICURUG'),('3202240','3202','CIDAHU'),('3202250','3202','PARAKAN SALAK'),('3202260','3202','PARUNG KUDA'),('3202261','3202','BOJONG GENTENG'),('3202270','3202','KALAPA NUNGGAL'),('3202280','3202','CIKIDANG'),('3202290','3202','CISOLOK'),('3202291','3202','CIKAKAK'),('3202300','3202','KABANDUNGAN'),('3203010','3203','AGRABINTA'),('3203011','3203','LELES'),('3203020','3203','SINDANGBARANG'),('3203030','3203','CIDAUN'),('3203040','3203','NARINGGUL'),('3203050','3203','CIBINONG'),('3203051','3203','CIKADU'),('3203060','3203','TANGGEUNG'),('3203061','3203','PASIRKUDA'),('3203070','3203','KADUPANDAK'),('3203071','3203','CIJATI'),('3203080','3203','TAKOKAK'),('3203090','3203','SUKANAGARA'),('3203100','3203','PAGELARAN'),('3203110','3203','CAMPAKA'),('3203111','3203','CAMPAKA MULYA'),('3203120','3203','CIBEBER'),('3203130','3203','WARUNGKONDANG'),('3203131','3203','GEKBRONG'),('3203140','3203','CILAKU'),('3203150','3203','SUKALUYU'),('3203160','3203','BOJONGPICUNG'),('3203161','3203','HAURWANGI'),('3203170','3203','CIRANJANG'),('3203180','3203','MANDE'),('3203190','3203','KARANGTENGAH'),('3203200','3203','CIANJUR'),('3203210','3203','CUGENANG'),('3203220','3203','PACET'),('3203221','3203','CIPANAS'),('3203230','3203','SUKARESMI'),('3203240','3203','CIKALONGKULON'),('3204010','3204','CIWIDEY'),('3204011','3204','RANCABALI'),('3204020','3204','PASIRJAMBU'),('3204030','3204','CIMAUNG'),('3204040','3204','PANGALENGAN'),('3204050','3204','KERTASARI'),('3204060','3204','PACET'),('3204070','3204','IBUN'),('3204080','3204','PASEH'),('3204090','3204','CIKANCUNG'),('3204100','3204','CICALENGKA'),('3204101','3204','NAGREG'),('3204110','3204','RANCAEKEK'),('3204120','3204','MAJALAYA'),('3204121','3204','SOLOKAN JERUK'),('3204130','3204','CIPARAY'),('3204140','3204','BALEENDAH'),('3204150','3204','ARJASARI'),('3204160','3204','BANJARAN'),('3204161','3204','CANGKUANG'),('3204170','3204','PAMEUNGPEUK'),('3204180','3204','KATAPANG'),('3204190','3204','SOREANG'),('3204191','3204','KUTAWARINGIN'),('3204250','3204','MARGAASIH'),('3204260','3204','MARGAHAYU'),('3204270','3204','DAYEUHKOLOT'),('3204280','3204','BOJONGSOANG'),('3204290','3204','CILEUNYI'),('3204300','3204','CILENGKRANG'),('3204310','3204','CIMENYAN'),('3205010','3205','CISEWU'),('3205011','3205','CARINGIN'),('3205020','3205','TALEGONG'),('3205030','3205','BUNGBULANG'),('3205031','3205','MEKARMUKTI'),('3205040','3205','PAMULIHAN'),('3205050','3205','PAKENJENG'),('3205060','3205','CIKELET'),('3205070','3205','PAMEUNGPEUK'),('3205080','3205','CIBALONG'),('3205090','3205','CISOMPET'),('3205100','3205','PEUNDEUY'),('3205110','3205','SINGAJAYA'),('3205111','3205','CIHURIP'),('3205120','3205','CIKAJANG'),('3205130','3205','BANJARWANGI'),('3205140','3205','CILAWU'),('3205150','3205','BAYONGBONG'),('3205151','3205','CIGEDUG'),('3205160','3205','CISURUPAN'),('3205161','3205','SUKARESMI'),('3205170','3205','SAMARANG'),('3205171','3205','PASIRWANGI'),('3205181','3205','TAROGONG KIDUL'),('3205182','3205','TAROGONG KALER'),('3205190','3205','GARUT KOTA'),('3205200','3205','KARANGPAWITAN'),('3205210','3205','WANARAJA'),('3205211','3205','SUCINARAJA'),('3205212','3205','PANGATIKAN'),('3205220','3205','SUKAWENING'),('3205221','3205','KARANGTENGAH'),('3205230','3205','BANYURESMI'),('3205240','3205','LELES'),('3205250','3205','LEUWIGOONG'),('3205260','3205','CIBATU'),('3205261','3205','KERSAMANAH'),('3205270','3205','CIBIUK'),('3205280','3205','KADUNGORA'),('3205290','3205','BLUBUR LIMBANGAN'),('3205300','3205','SELAAWI'),('3205310','3205','MALANGBONG'),('3206010','3206','CIPATUJAH'),('3206020','3206','KARANGNUNGGAL'),('3206030','3206','CIKALONG'),('3206040','3206','PANCATENGAH'),('3206050','3206','CIKATOMAS'),('3206060','3206','CIBALONG'),('3206061','3206','PARUNGPONTENG'),('3206070','3206','BANTARKALONG'),('3206071','3206','BOJONGASIH'),('3206072','3206','CULAMEGA'),('3206080','3206','BOJONGGAMBIR'),('3206090','3206','SODONGHILIR'),('3206100','3206','TARAJU'),('3206110','3206','SALAWU'),('3206111','3206','PUSPAHIANG'),('3206120','3206','TANJUNGJAYA'),('3206130','3206','SUKARAJA'),('3206140','3206','SALOPA'),('3206141','3206','JATIWARAS'),('3206150','3206','CINEAM'),('3206151','3206','KARANGJAYA'),('3206160','3206','MANONJAYA'),('3206161','3206','GUNUNGTANJUNG'),('3206190','3206','SINGAPARNA'),('3206191','3206','SUKARAME'),('3206192','3206','MANGUNREJA'),('3206200','3206','CIGALONTANG'),('3206210','3206','LEUWISARI'),('3206211','3206','SARIWANGI'),('3206212','3206','PADAKEMBANG'),('3206221','3206','SUKARATU'),('3206230','3206','CISAYONG'),('3206231','3206','SUKAHENING'),('3206240','3206','RAJAPOLAH'),('3206250','3206','JAMANIS'),('3206260','3206','CIAWI'),('3206261','3206','KADIPATEN'),('3206270','3206','PAGERAGEUNG'),('3206271','3206','SUKARESIK'),('3207100','3207','BANJARSARI'),('3207110','3207','LAKBOK'),('3207111','3207','PURWADADI'),('3207120','3207','PAMARICAN'),('3207130','3207','CIDOLOG'),('3207140','3207','CIMARAGAS'),('3207150','3207','CIJEUNGJING'),('3207160','3207','CISAGA'),('3207170','3207','TAMBAKSARI'),('3207180','3207','RANCAH'),('3207190','3207','RAJADESA'),('3207200','3207','SUKADANA'),('3207210','3207','CIAMIS'),('3207211','3207','BAREGBEG'),('3207220','3207','CIKONENG'),('3207221','3207','SINDANGKASIH'),('3207230','3207','CIHAURBEUTI'),('3207240','3207','SADANANYA'),('3207250','3207','CIPAKU'),('3207260','3207','JATINAGARA'),('3207270','3207','PANAWANGAN'),('3207280','3207','KAWALI'),('3207281','3207','LUMBUNG'),('3207290','3207','PANJALU'),('3207291','3207','SUKAMANTRI'),('3207300','3207','PANUMBANGAN'),('3208010','3208','DARMA'),('3208020','3208','KADUGEDE'),('3208021','3208','NUSAHERANG'),('3208030','3208','CINIRU'),('3208031','3208','HANTARA'),('3208040','3208','SELAJAMBE'),('3208050','3208','SUBANG'),('3208051','3208','CILEBAK'),('3208060','3208','CIWARU'),('3208061','3208','KARANGKANCANA'),('3208070','3208','CIBINGBIN'),('3208071','3208','CIBEUREUM'),('3208080','3208','LURAGUNG'),('3208081','3208','CIMAHI'),('3208090','3208','CIDAHU'),('3208091','3208','KALIMANGGIS'),('3208100','3208','CIAWIGEBANG'),('3208101','3208','CIPICUNG'),('3208110','3208','LEBAKWANGI'),('3208111','3208','MALEBER'),('3208120','3208','GARAWANGI'),('3208121','3208','SINDANGAGUNG'),('3208130','3208','KUNINGAN'),('3208140','3208','CIGUGUR'),('3208150','3208','KRAMATMULYA'),('3208160','3208','JALAKSANA'),('3208161','3208','JAPARA'),('3208170','3208','CILIMUS'),('3208171','3208','CIGANDAMEKAR'),('3208180','3208','MANDIRANCAN'),('3208181','3208','PANCALANG'),('3208190','3208','PASAWAHAN'),('3209010','3209','WALED'),('3209011','3209','PASALEMAN'),('3209020','3209','CILEDUG'),('3209021','3209','PABUARAN'),('3209030','3209','LOSARI'),('3209031','3209','PABEDILAN'),('3209040','3209','BABAKAN'),('3209041','3209','GEBANG'),('3209050','3209','KARANGSEMBUNG'),('3209051','3209','KARANGWARENG'),('3209060','3209','LEMAHABANG'),('3209061','3209','SUSUKANLEBAK'),('3209070','3209','SEDONG'),('3209080','3209','ASTANAJAPURA'),('3209081','3209','PANGENAN'),('3209090','3209','MUNDU'),('3209100','3209','BEBER'),('3209101','3209','GREGED'),('3209111','3209','TALUN'),('3209120','3209','SUMBER'),('3209121','3209','DUKUPUNTANG'),('3209130','3209','PALIMANAN'),('3209140','3209','PLUMBON'),('3209141','3209','DEPOK'),('3209150','3209','WERU'),('3209151','3209','PLERED'),('3209161','3209','TENGAH TANI'),('3209162','3209','KEDAWUNG'),('3209171','3209','GUNUNGJATI'),('3209180','3209','KAPETAKAN'),('3209181','3209','SURANENGGALA'),('3209190','3209','KLANGENAN'),('3209191','3209','JAMBLANG'),('3209200','3209','ARJAWINANGUN'),('3209201','3209','PANGURAGAN'),('3209210','3209','CIWARINGIN'),('3209211','3209','GEMPOL'),('3209220','3209','SUSUKAN'),('3209230','3209','GEGESIK'),('3209231','3209','KALIWEDI'),('3210010','3210','LEMAHSUGIH'),('3210020','3210','BANTARUJEG'),('3210021','3210','MALAUSMA'),('3210030','3210','CIKIJING'),('3210031','3210','CINGAMBUL'),('3210040','3210','TALAGA'),('3210041','3210','BANJARAN'),('3210050','3210','ARGAPURA'),('3210060','3210','MAJA'),('3210070','3210','MAJALENGKA'),('3210080','3210','CIGASONG'),('3210090','3210','SUKAHAJI'),('3210091','3210','SINDANG'),('3210100','3210','RAJAGALUH'),('3210110','3210','SINDANGWANGI'),('3210120','3210','LEUWIMUNDING'),('3210130','3210','PALASAH'),('3210140','3210','JATIWANGI'),('3210150','3210','DAWUAN'),('3210151','3210','KASOKANDEL'),('3210160','3210','PANYINGKIRAN'),('3210170','3210','KADIPATEN'),('3210180','3210','KERTAJATI'),('3210190','3210','JATITUJUH'),('3210200','3210','LIGUNG'),('3210210','3210','SUMBERJAYA'),('3211010','3211','JATINANGOR'),('3211020','3211','CIMANGGUNG'),('3211030','3211','TANJUNGSARI'),('3211031','3211','SUKASARI'),('3211032','3211','PAMULIHAN'),('3211040','3211','RANCAKALONG'),('3211050','3211','SUMEDANG SELATAN'),('3211060','3211','SUMEDANG UTARA'),('3211061','3211','GANEAS'),('3211070','3211','SITURAJA'),('3211071','3211','CISITU'),('3211080','3211','DARMARAJA'),('3211090','3211','CIBUGEL'),('3211100','3211','WADO'),('3211101','3211','JATINUNGGAL'),('3211111','3211','JATIGEDE'),('3211120','3211','TOMO'),('3211130','3211','UJUNG JAYA'),('3211140','3211','CONGGEANG'),('3211150','3211','PASEH'),('3211160','3211','CIMALAKA'),('3211161','3211','CISARUA'),('3211170','3211','TANJUNGKERTA'),('3211171','3211','TANJUNGMEDAR'),('3211180','3211','BUAHDUA'),('3211181','3211','SURIAN'),('3212010','3212','HAURGEULIS'),('3212011','3212','GANTAR'),('3212020','3212','KROYA'),('3212030','3212','GABUSWETAN'),('3212040','3212','CIKEDUNG'),('3212041','3212','TERISI'),('3212050','3212','LELEA'),('3212060','3212','BANGODUA'),('3212061','3212','TUKDANA'),('3212070','3212','WIDASARI'),('3212080','3212','KERTASEMAYA'),('3212081','3212','SUKAGUMIWANG'),('3212090','3212','KRANGKENG'),('3212100','3212','KARANGAMPEL'),('3212101','3212','KEDOKAN BUNDER'),('3212110','3212','JUNTINYUAT'),('3212120','3212','SLIYEG'),('3212130','3212','JATIBARANG'),('3212140','3212','BALONGAN'),('3212150','3212','INDRAMAYU'),('3212160','3212','SINDANG'),('3212161','3212','CANTIGI'),('3212162','3212','PASEKAN'),('3212170','3212','LOHBENER'),('3212171','3212','ARAHAN'),('3212180','3212','LOSARANG'),('3212190','3212','KANDANGHAUR'),('3212200','3212','BONGAS'),('3212210','3212','ANJATAN'),('3212220','3212','SUKRA'),('3212221','3212','PATROL'),('3213010','3213','SAGALAHERANG'),('3213011','3213','SERANGPANJANG'),('3213020','3213','JALANCAGAK'),('3213021','3213','CIATER'),('3213030','3213','CISALAK'),('3213031','3213','KASOMALANG'),('3213040','3213','TANJUNGSIANG'),('3213050','3213','CIJAMBE'),('3213060','3213','CIBOGO'),('3213070','3213','SUBANG'),('3213080','3213','KALIJATI'),('3213081','3213','DAWUAN'),('3213090','3213','CIPEUNDEUY'),('3213100','3213','PABUARAN'),('3213110','3213','PATOKBEUSI'),('3213120','3213','PURWADADI'),('3213130','3213','CIKAUM'),('3213140','3213','PAGADEN'),('3213141','3213','PAGADEN BARAT'),('3213150','3213','CIPUNAGARA'),('3213160','3213','COMPRENG'),('3213170','3213','BINONG'),('3213171','3213','TAMBAKDAHAN'),('3213180','3213','CIASEM'),('3213190','3213','PAMANUKAN'),('3213191','3213','SUKASARI'),('3213200','3213','PUSAKANAGARA'),('3213201','3213','PUSAKAJAYA'),('3213210','3213','LEGONKULON'),('3213220','3213','BLANAKAN'),('3214010','3214','JATILUHUR'),('3214011','3214','SUKASARI'),('3214020','3214','MANIIS'),('3214030','3214','TEGAL WARU'),('3214040','3214','PLERED'),('3214050','3214','SUKATANI'),('3214060','3214','DARANGDAN'),('3214070','3214','BOJONG'),('3214080','3214','WANAYASA'),('3214081','3214','KIARAPEDES'),('3214090','3214','PASAWAHAN'),('3214091','3214','PONDOK SALAM'),('3214100','3214','PURWAKARTA'),('3214101','3214','BABAKANCIKAO'),('3214110','3214','CAMPAKA'),('3214111','3214','CIBATU'),('3214112','3214','BUNGURSARI'),('3215010','3215','PANGKALAN'),('3215011','3215','TEGALWARU'),('3215020','3215','CIAMPEL'),('3215031','3215','TELUKJAMBE TIMUR'),('3215032','3215','TELUKJAMBE BARAT'),('3215040','3215','KLARI'),('3215050','3215','CIKAMPEK'),('3215051','3215','PURWASARI'),('3215060','3215','TIRTAMULYA'),('3215070','3215','JATISARI'),('3215071','3215','BANYUSARI'),('3215072','3215','KOTABARU'),('3215081','3215','CILAMAYA WETAN'),('3215082','3215','CILAMAYA KULON'),('3215090','3215','LEMAHABANG'),('3215100','3215','TALAGASARI'),('3215111','3215','MAJALAYA'),('3215112','3215','KARAWANG TIMUR'),('3215113','3215','KARAWANG BARAT'),('3215120','3215','RAWAMERTA'),('3215130','3215','TEMPURAN'),('3215140','3215','KUTAWALUYA'),('3215150','3215','RENGASDENGKLOK'),('3215151','3215','JAYAKERTA'),('3215160','3215','PEDES'),('3215161','3215','CILEBAR'),('3215170','3215','CIBUAYA'),('3215180','3215','TIRTAJAYA'),('3215190','3215','BATUJAYA'),('3215200','3215','PAKISJAYA'),('3216010','3216','SETU'),('3216021','3216','SERANG BARU'),('3216022','3216','CIKARANG PUSAT'),('3216023','3216','CIKARANG SELATAN'),('3216030','3216','CIBARUSAH'),('3216031','3216','BOJONGMANGU'),('3216041','3216','CIKARANG TIMUR'),('3216050','3216','KEDUNGWARINGIN'),('3216061','3216','CIKARANG UTARA'),('3216062','3216','KARANGBAHAGIA'),('3216070','3216','CIBITUNG'),('3216071','3216','CIKARANG BARAT'),('3216081','3216','TAMBUN SELATAN'),('3216082','3216','TAMBUN UTARA'),('3216090','3216','BABELAN'),('3216100','3216','TARUMAJAYA'),('3216110','3216','TAMBELANG'),('3216111','3216','SUKAWANGI'),('3216120','3216','SUKATANI'),('3216121','3216','SUKAKARYA'),('3216130','3216','PEBAYURAN'),('3216140','3216','CABANGBUNGIN'),('3216150','3216','MUARA GEMBONG'),('3217010','3217','RONGGA'),('3217020','3217','GUNUNGHALU'),('3217030','3217','SINDANGKERTA'),('3217040','3217','CILILIN'),('3217050','3217','CIHAMPELAS'),('3217060','3217','CIPONGKOR'),('3217070','3217','BATUJAJAR'),('3217071','3217','SAGULING'),('3217080','3217','CIPATAT'),('3217090','3217','PADALARANG'),('3217100','3217','NGAMPRAH'),('3217110','3217','PARONGPONG'),('3217120','3217','LEMBANG'),('3217130','3217','CISARUA'),('3217140','3217','CIKALONG WETAN'),('3217150','3217','CIPEUNDEUY'),('3218010','3218','CIMERAK'),('3218020','3218','CIJULANG'),('3218030','3218','CIGUGUR'),('3218040','3218','LANGKAPLANCAR'),('3218050','3218','PARIGI'),('3218060','3218','SIDAMULIH'),('3218070','3218','PANGANDARAN'),('3218080','3218','KALIPUCANG'),('3218090','3218','PADAHERANG'),('3218100','3218','MANGUNJAYA'),('3271010','3271','BOGOR SELATAN'),('3271020','3271','BOGOR TIMUR'),('3271030','3271','BOGOR UTARA'),('3271040','3271','BOGOR TENGAH'),('3271050','3271','BOGOR BARAT'),('3271060','3271','TANAH SEREAL'),('3272010','3272','BAROS'),('3272011','3272','LEMBURSITU'),('3272012','3272','CIBEUREUM'),('3272020','3272','CITAMIANG'),('3272030','3272','WARUDOYONG'),('3272040','3272','GUNUNG PUYUH'),('3272050','3272','CIKOLE'),('3273010','3273','BANDUNG KULON'),('3273020','3273','BABAKAN CIPARAY'),('3273030','3273','BOJONGLOA KALER'),('3273040','3273','BOJONGLOA KIDUL'),('3273050','3273','ASTANAANYAR'),('3273060','3273','REGOL'),('3273070','3273','LENGKONG'),('3273080','3273','BANDUNG KIDUL'),('3273090','3273','BUAHBATU'),('3273100','3273','RANCASARI'),('3273101','3273','GEDEBAGE'),('3273110','3273','CIBIRU'),('3273111','3273','PANYILEUKAN'),('3273120','3273','UJUNG BERUNG'),('3273121','3273','CINAMBO'),('3273130','3273','ARCAMANIK'),('3273141','3273','ANTAPANI'),('3273142','3273','MANDALAJATI'),('3273150','3273','KIARACONDONG'),('3273160','3273','BATUNUNGGAL'),('3273170','3273','SUMUR BANDUNG'),('3273180','3273','ANDIR'),('3273190','3273','CICENDO'),('3273200','3273','BANDUNG WETAN'),('3273210','3273','CIBEUNYING KIDUL'),('3273220','3273','CIBEUNYING KALER'),('3273230','3273','COBLONG'),('3273240','3273','SUKAJADI'),('3273250','3273','SUKASARI'),('3273260','3273','CIDADAP'),('3274010','3274','HARJAMUKTI'),('3274020','3274','LEMAHWUNGKUK'),('3274030','3274','PEKALIPAN'),('3274040','3274','KESAMBI'),('3274050','3274','KEJAKSAN'),('3275010','3275','PONDOKGEDE'),('3275011','3275','JATISAMPURNA'),('3275012','3275','PONDOKMELATI'),('3275020','3275','JATIASIH'),('3275030','3275','BANTARGEBANG'),('3275031','3275','MUSTIKAJAYA'),('3275040','3275','BEKASI TIMUR'),('3275041','3275','RAWALUMBU'),('3275050','3275','BEKASI SELATAN'),('3275060','3275','BEKASI BARAT'),('3275061','3275','MEDAN SATRIA'),('3275070','3275','BEKASI UTARA'),('3276010','3276','SAWANGAN'),('3276011','3276','BOJONGSARI'),('3276020','3276','PANCORAN MAS'),('3276021','3276','CIPAYUNG'),('3276030','3276','SUKMA JAYA'),('3276031','3276','CILODONG'),('3276040','3276','CIMANGGIS'),('3276041','3276','TAPOS'),('3276050','3276','BEJI'),('3276060','3276','LIMO'),('3276061','3276','CINERE'),('3277010','3277','CIMAHI SELATAN'),('3277020','3277','CIMAHI TENGAH'),('3277030','3277','CIMAHI UTARA'),('3278010','3278','KAWALU'),('3278020','3278','TAMANSARI'),('3278030','3278','CIBEUREUM'),('3278031','3278','PURBARATU'),('3278040','3278','TAWANG'),('3278050','3278','CIHIDEUNG'),('3278060','3278','MANGKUBUMI'),('3278070','3278','INDIHIANG'),('3278071','3278','BUNGURSARI'),('3278080','3278','CIPEDES'),('3279010','3279','BANJAR'),('3279020','3279','PURWAHARJA'),('3279030','3279','PATARUMAN'),('3279040','3279','LANGENSARI'),('3301010','3301','DAYEUHLUHUR'),('3301020','3301','WANAREJA'),('3301030','3301','MAJENANG'),('3301040','3301','CIMANGGU'),('3301050','3301','KARANGPUCUNG'),('3301060','3301','CIPARI'),('3301070','3301','SIDAREJA'),('3301080','3301','KEDUNGREJA'),('3301090','3301','PATIMUAN'),('3301100','3301','GANDRUNGMANGU'),('3301110','3301','BANTARSARI'),('3301120','3301','KAWUNGANTEN'),('3301121','3301','KAMPUNG LAUT'),('3301130','3301','JERUKLEGI'),('3301140','3301','KESUGIHAN'),('3301150','3301','ADIPALA'),('3301160','3301','MAOS'),('3301170','3301','SAMPANG'),('3301180','3301','KROYA'),('3301190','3301','BINANGUN'),('3301200','3301','NUSAWUNGU'),('3301710','3301','CILACAP SELATAN'),('3301720','3301','CILACAP TENGAH'),('3301730','3301','CILACAP UTARA'),('3302010','3302','LUMBIR'),('3302020','3302','WANGON'),('3302030','3302','JATILAWANG'),('3302040','3302','RAWALO'),('3302050','3302','KEBASEN'),('3302060','3302','KEMRANJEN'),('3302070','3302','SUMPIUH'),('3302080','3302','TAMBAK'),('3302090','3302','SOMAGEDE'),('3302100','3302','KALIBAGOR'),('3302110','3302','BANYUMAS'),('3302120','3302','PATIKRAJA'),('3302130','3302','PURWOJATI'),('3302140','3302','AJIBARANG'),('3302150','3302','GUMELAR'),('3302160','3302','PEKUNCEN'),('3302170','3302','CILONGOK'),('3302180','3302','KARANGLEWAS'),('3302190','3302','KEDUNG BANTENG'),('3302200','3302','BATURRADEN'),('3302210','3302','SUMBANG'),('3302220','3302','KEMBARAN'),('3302230','3302','SOKARAJA'),('3302710','3302','PURWOKERTO SELATAN'),('3302720','3302','PURWOKERTO BARAT'),('3302730','3302','PURWOKERTO TIMUR'),('3302740','3302','PURWOKERTO UTARA'),('3303010','3303','KEMANGKON'),('3303020','3303','BUKATEJA'),('3303030','3303','KEJOBONG'),('3303040','3303','PENGADEGAN'),('3303050','3303','KALIGONDANG'),('3303060','3303','PURBALINGGA'),('3303070','3303','KALIMANAH'),('3303080','3303','PADAMARA'),('3303090','3303','KUTASARI'),('3303100','3303','BOJONGSARI'),('3303110','3303','MREBET'),('3303120','3303','BOBOTSARI'),('3303130','3303','KARANGREJA'),('3303131','3303','KARANGJAMBU'),('3303140','3303','KARANGANYAR'),('3303141','3303','KERTANEGARA'),('3303150','3303','KARANGMONCOL'),('3303160','3303','REMBANG'),('3304010','3304','SUSUKAN'),('3304020','3304','PURWAREJA KLAMPOK'),('3304030','3304','MANDIRAJA'),('3304040','3304','PURWANEGARA'),('3304050','3304','BAWANG'),('3304060','3304','BANJARNEGARA'),('3304061','3304','PAGEDONGAN'),('3304070','3304','SIGALUH'),('3304080','3304','MADUKARA'),('3304090','3304','BANJARMANGU'),('3304100','3304','WANADADI'),('3304110','3304','RAKIT'),('3304120','3304','PUNGGELAN'),('3304130','3304','KARANGKOBAR'),('3304140','3304','PAGENTAN'),('3304150','3304','PEJAWARAN'),('3304160','3304','BATUR'),('3304170','3304','WANAYASA'),('3304180','3304','KALIBENING'),('3304181','3304','PANDANARUM'),('3305010','3305','AYAH'),('3305020','3305','BUAYAN'),('3305030','3305','PURING'),('3305040','3305','PETANAHAN'),('3305050','3305','KLIRONG'),('3305060','3305','BULUSPESANTREN'),('3305070','3305','AMBAL'),('3305080','3305','MIRIT'),('3305081','3305','BONOROWO'),('3305090','3305','PREMBUN'),('3305091','3305','PADURESO'),('3305100','3305','KUTOWINANGUN'),('3305110','3305','ALIAN'),('3305111','3305','PONCOWARNO'),('3305120','3305','KEBUMEN'),('3305130','3305','PEJAGOAN'),('3305140','3305','SRUWENG'),('3305150','3305','ADIMULYO'),('3305160','3305','KUWARASAN'),('3305170','3305','ROWOKELE'),('3305180','3305','SEMPOR'),('3305190','3305','GOMBONG'),('3305200','3305','KARANGANYAR'),('3305210','3305','KARANGGAYAM'),('3305220','3305','SADANG'),('3305221','3305','KARANGSAMBUNG'),('3306010','3306','GRABAG'),('3306020','3306','NGOMBOL'),('3306030','3306','PURWODADI'),('3306040','3306','BAGELEN'),('3306050','3306','KALIGESING'),('3306060','3306','PURWOREJO'),('3306070','3306','BANYU URIP'),('3306080','3306','BAYAN'),('3306090','3306','KUTOARJO'),('3306100','3306','BUTUH'),('3306110','3306','PITURUH'),('3306120','3306','KEMIRI'),('3306130','3306','BRUNO'),('3306140','3306','GEBANG'),('3306150','3306','LOANO'),('3306160','3306','BENER'),('3307010','3307','WADASLINTANG'),('3307020','3307','KEPIL'),('3307030','3307','SAPURAN'),('3307031','3307','KALIBAWANG'),('3307040','3307','KALIWIRO'),('3307050','3307','LEKSONO'),('3307051','3307','SUKOHARJO'),('3307060','3307','SELOMERTO'),('3307070','3307','KALIKAJAR'),('3307080','3307','KERTEK'),('3307090','3307','WONOSOBO'),('3307100','3307','WATUMALANG'),('3307110','3307','MOJOTENGAH'),('3307120','3307','GARUNG'),('3307130','3307','KEJAJAR'),('3308010','3308','SALAMAN'),('3308020','3308','BOROBUDUR'),('3308030','3308','NGLUWAR'),('3308040','3308','SALAM'),('3308050','3308','SRUMBUNG'),('3308060','3308','DUKUN'),('3308070','3308','MUNTILAN'),('3308080','3308','MUNGKID'),('3308090','3308','SAWANGAN'),('3308100','3308','CANDIMULYO'),('3308110','3308','MERTOYUDAN'),('3308120','3308','TEMPURAN'),('3308130','3308','KAJORAN'),('3308140','3308','KALIANGKRIK'),('3308150','3308','BANDONGAN'),('3308160','3308','WINDUSARI'),('3308170','3308','SECANG'),('3308180','3308','TEGALREJO'),('3308190','3308','PAKIS'),('3308200','3308','GRABAG'),('3308210','3308','NGABLAK'),('3309010','3309','SELO'),('3309020','3309','AMPEL'),('3309030','3309','CEPOGO'),('3309040','3309','MUSUK'),('3309050','3309','BOYOLALI'),('3309060','3309','MOJOSONGO'),('3309070','3309','TERAS'),('3309080','3309','SAWIT'),('3309090','3309','BANYUDONO'),('3309100','3309','SAMBI'),('3309110','3309','NGEMPLAK'),('3309120','3309','NOGOSARI'),('3309130','3309','SIMO'),('3309140','3309','KARANGGEDE'),('3309150','3309','KLEGO'),('3309160','3309','ANDONG'),('3309170','3309','KEMUSU'),('3309180','3309','WONOSEGORO'),('3309190','3309','JUWANGI'),('3310010','3310','PRAMBANAN'),('3310020','3310','GANTIWARNO'),('3310030','3310','WEDI'),('3310040','3310','BAYAT'),('3310050','3310','CAWAS'),('3310060','3310','TRUCUK'),('3310070','3310','KALIKOTES'),('3310080','3310','KEBONARUM'),('3310090','3310','JOGONALAN'),('3310100','3310','MANISRENGGO'),('3310110','3310','KARANGNONGKO'),('3310120','3310','NGAWEN'),('3310130','3310','CEPER'),('3310140','3310','PEDAN'),('3310150','3310','KARANGDOWO'),('3310160','3310','JUWIRING'),('3310170','3310','WONOSARI'),('3310180','3310','DELANGGU'),('3310190','3310','POLANHARJO'),('3310200','3310','KARANGANOM'),('3310210','3310','TULUNG'),('3310220','3310','JATINOM'),('3310230','3310','KEMALANG'),('3310710','3310','KLATEN SELATAN'),('3310720','3310','KLATEN TENGAH'),('3310730','3310','KLATEN UTARA'),('3311010','3311','WERU'),('3311020','3311','BULU'),('3311030','3311','TAWANGSARI'),('3311040','3311','SUKOHARJO'),('3311050','3311','NGUTER'),('3311060','3311','BENDOSARI'),('3311070','3311','POLOKARTO'),('3311080','3311','MOJOLABAN'),('3311090','3311','GROGOL'),('3311100','3311','BAKI'),('3311110','3311','GATAK'),('3311120','3311','KARTASURA'),('3312010','3312','PRACIMANTORO'),('3312020','3312','PARANGGUPITO'),('3312030','3312','GIRITONTRO'),('3312040','3312','GIRIWOYO'),('3312050','3312','BATUWARNO'),('3312060','3312','KARANGTENGAH'),('3312070','3312','TIRTOMOYO'),('3312080','3312','NGUNTORONADI'),('3312090','3312','BATURETNO'),('3312100','3312','EROMOKO'),('3312110','3312','WURYANTORO'),('3312120','3312','MANYARAN'),('3312130','3312','SELOGIRI'),('3312140','3312','WONOGIRI'),('3312150','3312','NGADIROJO'),('3312160','3312','SIDOHARJO'),('3312170','3312','JATIROTO'),('3312180','3312','KISMANTORO'),('3312190','3312','PURWANTORO'),('3312200','3312','BULUKERTO'),('3312201','3312','PUHPELEM'),('3312210','3312','SLOGOHIMO'),('3312220','3312','JATISRONO'),('3312230','3312','JATIPURNO'),('3312240','3312','GIRIMARTO'),('3313010','3313','JATIPURO'),('3313020','3313','JATIYOSO'),('3313030','3313','JUMAPOLO'),('3313040','3313','JUMANTONO'),('3313050','3313','MATESIH'),('3313060','3313','TAWANGMANGU'),('3313070','3313','NGARGOYOSO'),('3313080','3313','KARANGPANDAN'),('3313090','3313','KARANGANYAR'),('3313100','3313','TASIKMADU'),('3313110','3313','JATEN'),('3313120','3313','COLOMADU'),('3313130','3313','GONDANGREJO'),('3313140','3313','KEBAKKRAMAT'),('3313150','3313','MOJOGEDANG'),('3313160','3313','KERJO'),('3313170','3313','JENAWI'),('3314010','3314','KALIJAMBE'),('3314020','3314','PLUPUH'),('3314030','3314','MASARAN'),('3314040','3314','KEDAWUNG'),('3314050','3314','SAMBIREJO'),('3314060','3314','GONDANG'),('3314070','3314','SAMBUNG MACAN'),('3314080','3314','NGRAMPAL'),('3314090','3314','KARANGMALANG'),('3314100','3314','SRAGEN'),('3314110','3314','SIDOHARJO'),('3314120','3314','TANON'),('3314130','3314','GEMOLONG'),('3314140','3314','MIRI'),('3314150','3314','SUMBERLAWANG'),('3314160','3314','MONDOKAN'),('3314170','3314','SUKODONO'),('3314180','3314','GESI'),('3314190','3314','TANGEN'),('3314200','3314','JENAR'),('3315010','3315','KEDUNGJATI'),('3315020','3315','KARANGRAYUNG'),('3315030','3315','PENAWANGAN'),('3315040','3315','TOROH'),('3315050','3315','GEYER'),('3315060','3315','PULOKULON'),('3315070','3315','KRADENAN'),('3315080','3315','GABUS'),('3315090','3315','NGARINGAN'),('3315100','3315','WIROSARI'),('3315110','3315','TAWANGHARJO'),('3315120','3315','GROBOGAN'),('3315130','3315','PURWODADI'),('3315140','3315','BRATI'),('3315150','3315','KLAMBU'),('3315160','3315','GODONG'),('3315170','3315','GUBUG'),('3315180','3315','TEGOWANU'),('3315190','3315','TANGGUNGHARJO'),('3316010','3316','JATI'),('3316020','3316','RANDUBLATUNG'),('3316030','3316','KRADENAN'),('3316040','3316','KEDUNGTUBAN'),('3316050','3316','CEPU'),('3316060','3316','SAMBONG'),('3316070','3316','JIKEN'),('3316080','3316','BOGOREJO'),('3316090','3316','JEPON'),('3316100','3316','KOTA BLORA'),('3316110','3316','BANJAREJO'),('3316120','3316','TUNJUNGAN'),('3316130','3316','JAPAH'),('3316140','3316','NGAWEN'),('3316150','3316','KUNDURAN'),('3316160','3316','TODANAN'),('3317010','3317','SUMBER'),('3317020','3317','BULU'),('3317030','3317','GUNEM'),('3317040','3317','SALE'),('3317050','3317','SARANG'),('3317060','3317','SEDAN'),('3317070','3317','PAMOTAN'),('3317080','3317','SULANG'),('3317090','3317','KALIORI'),('3317100','3317','REMBANG'),('3317110','3317','PANCUR'),('3317120','3317','KRAGAN'),('3317130','3317','SLUKE'),('3317140','3317','LASEM'),('3318010','3318','SUKOLILO'),('3318020','3318','KAYEN'),('3318030','3318','TAMBAKROMO'),('3318040','3318','WINONG'),('3318050','3318','PUCAKWANGI'),('3318060','3318','JAKEN'),('3318070','3318','BATANGAN'),('3318080','3318','JUWANA'),('3318090','3318','JAKENAN'),('3318100','3318','PATI'),('3318110','3318','GABUS'),('3318120','3318','MARGOREJO'),('3318130','3318','GEMBONG'),('3318140','3318','TLOGOWUNGU'),('3318150','3318','WEDARIJAKSA'),('3318160','3318','TRANGKIL'),('3318170','3318','MARGOYOSO'),('3318180','3318','GUNUNG WUNGKAL'),('3318190','3318','CLUWAK'),('3318200','3318','TAYU'),('3318210','3318','DUKUHSETI'),('3319010','3319','KALIWUNGU'),('3319020','3319','KOTA KUDUS'),('3319030','3319','JATI'),('3319040','3319','UNDAAN'),('3319050','3319','MEJOBO'),('3319060','3319','JEKULO'),('3319070','3319','BAE'),('3319080','3319','GEBOG'),('3319090','3319','DAWE'),('3320010','3320','KEDUNG'),('3320020','3320','PECANGAAN'),('3320021','3320','KALINYAMATAN'),('3320030','3320','WELAHAN'),('3320040','3320','MAYONG'),('3320050','3320','NALUMSARI'),('3320060','3320','BATEALIT'),('3320070','3320','TAHUNAN'),('3320080','3320','JEPARA'),('3320090','3320','MLONGGO'),('3320091','3320','PAKIS AJI'),('3320100','3320','BANGSRI'),('3320101','3320','KEMBANG'),('3320110','3320','KELING'),('3320111','3320','DONOROJO'),('3320120','3320','KARIMUNJAWA'),('3321010','3321','MRANGGEN'),('3321020','3321','KARANGAWEN'),('3321030','3321','GUNTUR'),('3321040','3321','SAYUNG'),('3321050','3321','KARANG TENGAH'),('3321060','3321','BONANG'),('3321070','3321','DEMAK'),('3321080','3321','WONOSALAM'),('3321090','3321','DEMPET'),('3321091','3321','KEBONAGUNG'),('3321100','3321','GAJAH'),('3321110','3321','KARANGANYAR'),('3321120','3321','MIJEN'),('3321130','3321','WEDUNG'),('3322010','3322','GETASAN'),('3322020','3322','TENGARAN'),('3322030','3322','SUSUKAN'),('3322031','3322','KALIWUNGU'),('3322040','3322','SURUH'),('3322050','3322','PABELAN'),('3322060','3322','TUNTANG'),('3322070','3322','BANYUBIRU'),('3322080','3322','JAMBU'),('3322090','3322','SUMOWONO'),('3322100','3322','AMBARAWA'),('3322101','3322','BANDUNGAN'),('3322110','3322','BAWEN'),('3322120','3322','BRINGIN'),('3322121','3322','BANCAK'),('3322130','3322','PRINGAPUS'),('3322140','3322','BERGAS'),('3322151','3322','UNGARAN BARAT'),('3322152','3322','UNGARAN TIMUR'),('3323010','3323','PARAKAN'),('3323011','3323','KLEDUNG'),('3323012','3323','BANSARI'),('3323020','3323','BULU'),('3323030','3323','TEMANGGUNG'),('3323031','3323','TLOGOMULYO'),('3323040','3323','TEMBARAK'),('3323041','3323','SELOPAMPANG'),('3323050','3323','KRANGGAN'),('3323060','3323','PRINGSURAT'),('3323070','3323','KALORAN'),('3323080','3323','KANDANGAN'),('3323090','3323','KEDU'),('3323100','3323','NGADIREJO'),('3323110','3323','JUMO'),('3323111','3323','GEMAWANG'),('3323120','3323','CANDIROTO'),('3323121','3323','BEJEN'),('3323130','3323','TRETEP'),('3323131','3323','WONOBOYO'),('3324010','3324','PLANTUNGAN'),('3324020','3324','SUKOREJO'),('3324030','3324','PAGERRUYUNG'),('3324040','3324','PATEAN'),('3324050','3324','SINGOROJO'),('3324060','3324','LIMBANGAN'),('3324070','3324','BOJA'),('3324080','3324','KALIWUNGU'),('3324081','3324','KALIWUNGU SELATAN'),('3324090','3324','BRANGSONG'),('3324100','3324','PEGANDON'),('3324101','3324','NGAMPEL'),('3324110','3324','GEMUH'),('3324111','3324','RINGINARUM'),('3324120','3324','WELERI'),('3324130','3324','ROWOSARI'),('3324140','3324','KANGKUNG'),('3324150','3324','CEPIRING'),('3324160','3324','PATEBON'),('3324170','3324','KOTA KENDAL'),('3325010','3325','WONOTUNGGAL'),('3325020','3325','BANDAR'),('3325030','3325','BLADO'),('3325040','3325','REBAN'),('3325050','3325','BAWANG'),('3325060','3325','TERSONO'),('3325070','3325','GRINGSING'),('3325080','3325','LIMPUNG'),('3325081','3325','BANYUPUTIH'),('3325090','3325','SUBAH'),('3325091','3325','PECALUNGAN'),('3325100','3325','TULIS'),('3325101','3325','KANDEMAN'),('3325110','3325','BATANG'),('3325120','3325','WARUNG ASEM'),('3326010','3326','KANDANGSERANG'),('3326020','3326','PANINGGARAN'),('3326030','3326','LEBAKBARANG'),('3326040','3326','PETUNGKRIONO'),('3326050','3326','TALUN'),('3326060','3326','DORO'),('3326070','3326','KARANGANYAR'),('3326080','3326','KAJEN'),('3326090','3326','KESESI'),('3326100','3326','SRAGI'),('3326101','3326','SIWALAN'),('3326110','3326','BOJONG'),('3326120','3326','WONOPRINGGO'),('3326130','3326','KEDUNGWUNI'),('3326131','3326','KARANGDADAP'),('3326140','3326','BUARAN'),('3326150','3326','TIRTO'),('3326160','3326','WIRADESA'),('3326161','3326','WONOKERTO'),('3327010','3327','MOGA'),('3327011','3327','WARUNGPRING'),('3327020','3327','PULOSARI'),('3327030','3327','BELIK'),('3327040','3327','WATUKUMPUL'),('3327050','3327','BODEH'),('3327060','3327','BANTARBOLANG'),('3327070','3327','RANDUDONGKAL'),('3327080','3327','PEMALANG'),('3327090','3327','TAMAN'),('3327100','3327','PETARUKAN'),('3327110','3327','AMPELGADING'),('3327120','3327','COMAL'),('3327130','3327','ULUJAMI'),('3328010','3328','MARGASARI'),('3328020','3328','BUMIJAWA'),('3328030','3328','BOJONG'),('3328040','3328','BALAPULANG'),('3328050','3328','PAGERBARANG'),('3328060','3328','LEBAKSIU'),('3328070','3328','JATINEGARA'),('3328080','3328','KEDUNG BANTENG'),('3328090','3328','PANGKAH'),('3328100','3328','SLAWI'),('3328110','3328','DUKUHWARU'),('3328120','3328','ADIWERNA'),('3328130','3328','DUKUHTURI'),('3328140','3328','TALANG'),('3328150','3328','TARUB'),('3328160','3328','KRAMAT'),('3328170','3328','SURADADI'),('3328180','3328','WARUREJA'),('3329010','3329','SALEM'),('3329020','3329','BANTARKAWUNG'),('3329030','3329','BUMIAYU'),('3329040','3329','PAGUYANGAN'),('3329050','3329','SIRAMPOG'),('3329060','3329','TONJONG'),('3329070','3329','LARANGAN'),('3329080','3329','KETANGGUNGAN'),('3329090','3329','BANJARHARJO'),('3329100','3329','LOSARI'),('3329110','3329','TANJUNG'),('3329120','3329','KERSANA'),('3329130','3329','BULAKAMBA'),('3329140','3329','WANASARI'),('3329150','3329','SONGGOM'),('3329160','3329','JATIBARANG'),('3329170','3329','BREBES'),('3371010','3371','MAGELANG SELATAN'),('3371011','3371','MAGELANG TENGAH'),('3371020','3371','MAGELANG UTARA'),('3372010','3372','LAWEYAN'),('3372020','3372','SERENGAN'),('3372030','3372','PASAR KLIWON'),('3372040','3372','JEBRES'),('3372050','3372','BANJARSARI'),('3373010','3373','ARGOMULYO'),('3373020','3373','TINGKIR'),('3373030','3373','SIDOMUKTI'),('3373040','3373','SIDOREJO'),('3374010','3374','MIJEN'),('3374020','3374','GUNUNG PATI'),('3374030','3374','BANYUMANIK'),('3374040','3374','GAJAH MUNGKUR'),('3374050','3374','SEMARANG SELATAN'),('3374060','3374','CANDISARI'),('3374070','3374','TEMBALANG'),('3374080','3374','PEDURUNGAN'),('3374090','3374','GENUK'),('3374100','3374','GAYAMSARI'),('3374110','3374','SEMARANG TIMUR'),('3374120','3374','SEMARANG UTARA'),('3374130','3374','SEMARANG TENGAH'),('3374140','3374','SEMARANG BARAT'),('3374150','3374','TUGU'),('3374160','3374','NGALIYAN'),('3375010','3375','PEKALONGAN BARAT'),('3375020','3375','PEKALONGAN TIMUR'),('3375030','3375','PEKALONGAN SELATAN'),('3375040','3375','PEKALONGAN UTARA'),('3376010','3376','TEGAL SELATAN'),('3376020','3376','TEGAL TIMUR'),('3376030','3376','TEGAL BARAT'),('3376040','3376','MARGADANA'),('3401010','3401','TEMON'),('3401020','3401','WATES'),('3401030','3401','PANJATAN'),('3401040','3401','GALUR'),('3401050','3401','LENDAH'),('3401060','3401','SENTOLO'),('3401070','3401','PENGASIH'),('3401080','3401','KOKAP'),('3401090','3401','GIRIMULYO'),('3401100','3401','NANGGULAN'),('3401110','3401','KALIBAWANG'),('3401120','3401','SAMIGALUH'),('3402010','3402','SRANDAKAN'),('3402020','3402','SANDEN'),('3402030','3402','KRETEK'),('3402040','3402','PUNDONG'),('3402050','3402','BAMBANG LIPURO'),('3402060','3402','PANDAK'),('3402070','3402','BANTUL'),('3402080','3402','JETIS'),('3402090','3402','IMOGIRI'),('3402100','3402','DLINGO'),('3402110','3402','PLERET'),('3402120','3402','PIYUNGAN'),('3402130','3402','BANGUNTAPAN'),('3402140','3402','SEWON'),('3402150','3402','KASIHAN'),('3402160','3402','PAJANGAN'),('3402170','3402','SEDAYU'),('3403010','3403','PANGGANG'),('3403011','3403','PURWOSARI'),('3403020','3403','PALIYAN'),('3403030','3403','SAPTO SARI'),('3403040','3403','TEPUS'),('3403041','3403','TANJUNGSARI'),('3403050','3403','RONGKOP'),('3403051','3403','GIRISUBO'),('3403060','3403','SEMANU'),('3403070','3403','PONJONG'),('3403080','3403','KARANGMOJO'),('3403090','3403','WONOSARI'),('3403100','3403','PLAYEN'),('3403110','3403','PATUK'),('3403120','3403','GEDANG SARI'),('3403130','3403','NGLIPAR'),('3403140','3403','NGAWEN'),('3403150','3403','SEMIN'),('3404010','3404','MOYUDAN'),('3404020','3404','MINGGIR'),('3404030','3404','SEYEGAN'),('3404040','3404','GODEAN'),('3404050','3404','GAMPING'),('3404060','3404','MLATI'),('3404070','3404','DEPOK'),('3404080','3404','BERBAH'),('3404090','3404','PRAMBANAN'),('3404100','3404','KALASAN'),('3404110','3404','NGEMPLAK'),('3404120','3404','NGAGLIK'),('3404130','3404','SLEMAN'),('3404140','3404','TEMPEL'),('3404150','3404','TURI'),('3404160','3404','PAKEM'),('3404170','3404','CANGKRINGAN'),('3471010','3471','MANTRIJERON'),('3471020','3471','KRATON'),('3471030','3471','MERGANGSAN'),('3471040','3471','UMBULHARJO'),('3471050','3471','KOTAGEDE'),('3471060','3471','GONDOKUSUMAN'),('3471070','3471','DANUREJAN'),('3471080','3471','PAKUALAMAN'),('3471090','3471','GONDOMANAN'),('3471100','3471','NGAMPILAN'),('3471110','3471','WIROBRAJAN'),('3471120','3471','GEDONG TENGEN'),('3471130','3471','JETIS'),('3471140','3471','TEGALREJO'),('3501010','3501','DONOROJO'),('3501020','3501','PUNUNG'),('3501030','3501','PRINGKUKU'),('3501040','3501','PACITAN'),('3501050','3501','KEBONAGUNG'),('3501060','3501','ARJOSARI'),('3501070','3501','NAWANGAN'),('3501080','3501','BANDAR'),('3501090','3501','TEGALOMBO'),('3501100','3501','TULAKAN'),('3501110','3501','NGADIROJO'),('3501120','3501','SUDIMORO'),('3502010','3502','NGRAYUN'),('3502020','3502','SLAHUNG'),('3502030','3502','BUNGKAL'),('3502040','3502','SAMBIT'),('3502050','3502','SAWOO'),('3502060','3502','SOOKO'),('3502061','3502','PUDAK'),('3502070','3502','PULUNG'),('3502080','3502','MLARAK'),('3502090','3502','SIMAN'),('3502100','3502','JETIS'),('3502110','3502','BALONG'),('3502120','3502','KAUMAN'),('3502130','3502','JAMBON'),('3502140','3502','BADEGAN'),('3502150','3502','SAMPUNG'),('3502160','3502','SUKOREJO'),('3502170','3502','PONOROGO'),('3502180','3502','BABADAN'),('3502190','3502','JENANGAN'),('3502200','3502','NGEBEL'),('3503010','3503','PANGGUL'),('3503020','3503','MUNJUNGAN'),('3503030','3503','WATULIMO'),('3503040','3503','KAMPAK'),('3503050','3503','DONGKO'),('3503060','3503','PULE'),('3503070','3503','KARANGAN'),('3503071','3503','SURUH'),('3503080','3503','GANDUSARI'),('3503090','3503','DURENAN'),('3503100','3503','POGALAN'),('3503110','3503','TRENGGALEK'),('3503120','3503','TUGU'),('3503130','3503','BENDUNGAN'),('3504010','3504','BESUKI'),('3504020','3504','BANDUNG'),('3504030','3504','PAKEL'),('3504040','3504','CAMPUR DARAT'),('3504050','3504','TANGGUNG GUNUNG'),('3504060','3504','KALIDAWIR'),('3504070','3504','PUCANG LABAN'),('3504080','3504','REJOTANGAN'),('3504090','3504','NGUNUT'),('3504100','3504','SUMBERGEMPOL'),('3504110','3504','BOYOLANGU'),('3504120','3504','TULUNGAGUNG'),('3504130','3504','KEDUNGWARU'),('3504140','3504','NGANTRU'),('3504150','3504','KARANGREJO'),('3504160','3504','KAUMAN'),('3504170','3504','GONDANG'),('3504180','3504','PAGER WOJO'),('3504190','3504','SENDANG'),('3505010','3505','BAKUNG'),('3505020','3505','WONOTIRTO'),('3505030','3505','PANGGUNGREJO'),('3505040','3505','WATES'),('3505050','3505','BINANGUN'),('3505060','3505','SUTOJAYAN'),('3505070','3505','KADEMANGAN'),('3505080','3505','KANIGORO'),('3505090','3505','TALUN'),('3505100','3505','SELOPURO'),('3505110','3505','KESAMBEN'),('3505120','3505','SELOREJO'),('3505130','3505','DOKO'),('3505140','3505','WLINGI'),('3505150','3505','GANDUSARI'),('3505160','3505','GARUM'),('3505170','3505','NGLEGOK'),('3505180','3505','SANANKULON'),('3505190','3505','PONGGOK'),('3505200','3505','SRENGAT'),('3505210','3505','WONODADI'),('3505220','3505','UDANAWU'),('3506010','3506','MOJO'),('3506020','3506','SEMEN'),('3506030','3506','NGADILUWIH'),('3506040','3506','KRAS'),('3506050','3506','RINGINREJO'),('3506060','3506','KANDAT'),('3506070','3506','WATES'),('3506080','3506','NGANCAR'),('3506090','3506','PLOSOKLATEN'),('3506100','3506','GURAH'),('3506110','3506','PUNCU'),('3506120','3506','KEPUNG'),('3506130','3506','KANDANGAN'),('3506140','3506','PARE'),('3506141','3506','BADAS'),('3506150','3506','KUNJANG'),('3506160','3506','PLEMAHAN'),('3506170','3506','PURWOASRI'),('3506180','3506','PAPAR'),('3506190','3506','PAGU'),('3506191','3506','KAYEN KIDUL'),('3506200','3506','GAMPENGREJO'),('3506201','3506','NGASEM'),('3506210','3506','BANYAKAN'),('3506220','3506','GROGOL'),('3506230','3506','TAROKAN'),('3507010','3507','DONOMULYO'),('3507020','3507','KALIPARE'),('3507030','3507','PAGAK'),('3507040','3507','BANTUR'),('3507050','3507','GEDANGAN'),('3507060','3507','SUMBERMANJING'),('3507070','3507','DAMPIT'),('3507080','3507','TIRTO YUDO'),('3507090','3507','AMPELGADING'),('3507100','3507','PONCOKUSUMO'),('3507110','3507','WAJAK'),('3507120','3507','TUREN'),('3507130','3507','BULULAWANG'),('3507140','3507','GONDANGLEGI'),('3507150','3507','PAGELARAN'),('3507160','3507','KEPANJEN'),('3507170','3507','SUMBER PUCUNG'),('3507180','3507','KROMENGAN'),('3507190','3507','NGAJUM'),('3507200','3507','WONOSARI'),('3507210','3507','WAGIR'),('3507220','3507','PAKISAJI'),('3507230','3507','TAJINAN'),('3507240','3507','TUMPANG'),('3507250','3507','PAKIS'),('3507260','3507','JABUNG'),('3507270','3507','LAWANG'),('3507280','3507','SINGOSARI'),('3507290','3507','KARANGPLOSO'),('3507300','3507','DAU'),('3507310','3507','PUJON'),('3507320','3507','NGANTANG'),('3507330','3507','KASEMBON'),('3508010','3508','TEMPURSARI'),('3508020','3508','PRONOJIWO'),('3508030','3508','CANDIPURO'),('3508040','3508','PASIRIAN'),('3508050','3508','TEMPEH'),('3508060','3508','LUMAJANG'),('3508061','3508','SUMBERSUKO'),('3508070','3508','TEKUNG'),('3508080','3508','KUNIR'),('3508090','3508','YOSOWILANGUN'),('3508100','3508','ROWOKANGKUNG'),('3508110','3508','JATIROTO'),('3508120','3508','RANDUAGUNG'),('3508130','3508','SUKODONO'),('3508140','3508','PADANG'),('3508150','3508','PASRUJAMBE'),('3508160','3508','SENDURO'),('3508170','3508','GUCIALIT'),('3508180','3508','KEDUNGJAJANG'),('3508190','3508','KLAKAH'),('3508200','3508','RANUYOSO'),('3509010','3509','KENCONG'),('3509020','3509','GUMUK MAS'),('3509030','3509','PUGER'),('3509040','3509','WULUHAN'),('3509050','3509','AMBULU'),('3509060','3509','TEMPUREJO'),('3509070','3509','SILO'),('3509080','3509','MAYANG'),('3509090','3509','MUMBULSARI'),('3509100','3509','JENGGAWAH'),('3509110','3509','AJUNG'),('3509120','3509','RAMBIPUJI'),('3509130','3509','BALUNG'),('3509140','3509','UMBULSARI'),('3509150','3509','SEMBORO'),('3509160','3509','JOMBANG'),('3509170','3509','SUMBER BARU'),('3509180','3509','TANGGUL'),('3509190','3509','BANGSALSARI'),('3509200','3509','PANTI'),('3509210','3509','SUKORAMBI'),('3509220','3509','ARJASA'),('3509230','3509','PAKUSARI'),('3509240','3509','KALISAT'),('3509250','3509','LEDOKOMBO'),('3509260','3509','SUMBERJAMBE'),('3509270','3509','SUKOWONO'),('3509280','3509','JELBUK'),('3509710','3509','KALIWATES'),('3509720','3509','SUMBERSARI'),('3509730','3509','PATRANG'),('3510010','3510','PESANGGARAN'),('3510011','3510','SILIRAGUNG'),('3510020','3510','BANGOREJO'),('3510030','3510','PURWOHARJO'),('3510040','3510','TEGALDLIMO'),('3510050','3510','MUNCAR'),('3510060','3510','CLURING'),('3510070','3510','GAMBIRAN'),('3510071','3510','TEGALSARI'),('3510080','3510','GLENMORE'),('3510090','3510','KALIBARU'),('3510100','3510','GENTENG'),('3510110','3510','SRONO'),('3510120','3510','ROGOJAMPI'),('3510130','3510','KABAT'),('3510140','3510','SINGOJURUH'),('3510150','3510','SEMPU'),('3510160','3510','SONGGON'),('3510170','3510','GLAGAH'),('3510171','3510','LICIN'),('3510180','3510','BANYUWANGI'),('3510190','3510','GIRI'),('3510200','3510','KALIPURO'),('3510210','3510','WONGSOREJO'),('3511010','3511','MAESAN'),('3511020','3511','GRUJUGAN'),('3511030','3511','TAMANAN'),('3511031','3511','JAMBESARI DARUS SHOLAH'),('3511040','3511','PUJER'),('3511050','3511','TLOGOSARI'),('3511060','3511','SUKOSARI'),('3511061','3511','SUMBER WRINGIN'),('3511070','3511','TAPEN'),('3511080','3511','WONOSARI'),('3511090','3511','TENGGARANG'),('3511100','3511','BONDOWOSO'),('3511110','3511','CURAH DAMI'),('3511111','3511','BINAKAL'),('3511120','3511','PAKEM'),('3511130','3511','WRINGIN'),('3511140','3511','TEGALAMPEL'),('3511141','3511','TAMAN KROCOK'),('3511150','3511','KLABANG'),('3511151','3511','SEMPOL'),('3511152','3511','BOTOLINGGO'),('3511160','3511','PRAJEKAN'),('3511170','3511','CERMEE'),('3512010','3512','SUMBERMALANG'),('3512020','3512','JATIBANTENG'),('3512030','3512','BANYUGLUGUR'),('3512040','3512','BESUKI'),('3512050','3512','SUBOH'),('3512060','3512','MLANDINGAN'),('3512070','3512','BUNGATAN'),('3512080','3512','KENDIT'),('3512090','3512','PANARUKAN'),('3512100','3512','SITUBONDO'),('3512110','3512','MANGARAN'),('3512120','3512','PANJI'),('3512130','3512','KAPONGAN'),('3512140','3512','ARJASA'),('3512150','3512','JANGKAR'),('3512160','3512','ASEMBAGUS'),('3512170','3512','BANYUPUTIH'),('3513010','3513','SUKAPURA'),('3513020','3513','SUMBER'),('3513030','3513','KURIPAN'),('3513040','3513','BANTARAN'),('3513050','3513','LECES'),('3513060','3513','TEGALSIWALAN'),('3513070','3513','BANYUANYAR'),('3513080','3513','TIRIS'),('3513090','3513','KRUCIL'),('3513100','3513','GADING'),('3513110','3513','PAKUNIRAN'),('3513120','3513','KOTAANYAR'),('3513130','3513','PAITON'),('3513140','3513','BESUK'),('3513150','3513','KRAKSAAN'),('3513160','3513','KREJENGAN'),('3513170','3513','PAJARAKAN'),('3513180','3513','MARON'),('3513190','3513','GENDING'),('3513200','3513','DRINGU'),('3513210','3513','WONOMERTO'),('3513220','3513','LUMBANG'),('3513230','3513','TONGAS'),('3513240','3513','SUMBERASIH'),('3514010','3514','PURWODADI'),('3514020','3514','TUTUR'),('3514030','3514','PUSPO'),('3514040','3514','TOSARI'),('3514050','3514','LUMBANG'),('3514060','3514','PASREPAN'),('3514070','3514','KEJAYAN'),('3514080','3514','WONOREJO'),('3514090','3514','PURWOSARI'),('3514100','3514','PRIGEN'),('3514110','3514','SUKOREJO'),('3514120','3514','PANDAAN'),('3514130','3514','GEMPOL'),('3514140','3514','BEJI'),('3514150','3514','BANGIL'),('3514160','3514','REMBANG'),('3514170','3514','KRATON'),('3514180','3514','POHJENTREK'),('3514190','3514','GONDANG WETAN'),('3514200','3514','REJOSO'),('3514210','3514','WINONGAN'),('3514220','3514','GRATI'),('3514230','3514','LEKOK'),('3514240','3514','NGULING'),('3515010','3515','TARIK'),('3515020','3515','PRAMBON'),('3515030','3515','KREMBUNG'),('3515040','3515','PORONG'),('3515050','3515','JABON'),('3515060','3515','TANGGULANGIN'),('3515070','3515','CANDI'),('3515080','3515','TULANGAN'),('3515090','3515','WONOAYU'),('3515100','3515','SUKODONO'),('3515110','3515','SIDOARJO'),('3515120','3515','BUDURAN'),('3515130','3515','SEDATI'),('3515140','3515','WARU'),('3515150','3515','GEDANGAN'),('3515160','3515','TAMAN'),('3515170','3515','KRIAN'),('3515180','3515','BALONG BENDO'),('3516010','3516','JATIREJO'),('3516020','3516','GONDANG'),('3516030','3516','PACET'),('3516040','3516','TRAWAS'),('3516050','3516','NGORO'),('3516060','3516','PUNGGING'),('3516070','3516','KUTOREJO'),('3516080','3516','MOJOSARI'),('3516090','3516','BANGSAL'),('3516091','3516','MOJOANYAR'),('3516100','3516','DLANGGU'),('3516110','3516','PURI'),('3516120','3516','TROWULAN'),('3516130','3516','SOOKO'),('3516140','3516','GEDEK'),('3516150','3516','KEMLAGI'),('3516160','3516','JETIS'),('3516170','3516','DAWAR BLANDONG'),('3517010','3517','BANDAR KEDUNG MULYO'),('3517020','3517','PERAK'),('3517030','3517','GUDO'),('3517040','3517','DIWEK'),('3517050','3517','NGORO'),('3517060','3517','MOJOWARNO'),('3517070','3517','BARENG'),('3517080','3517','WONOSALAM'),('3517090','3517','MOJOAGUNG'),('3517100','3517','SUMOBITO'),('3517110','3517','JOGO ROTO'),('3517120','3517','PETERONGAN'),('3517130','3517','JOMBANG'),('3517140','3517','MEGALUH'),('3517150','3517','TEMBELANG'),('3517160','3517','KESAMBEN'),('3517170','3517','KUDU'),('3517171','3517','NGUSIKAN'),('3517180','3517','PLOSO'),('3517190','3517','KABUH'),('3517200','3517','PLANDAAN'),('3518010','3518','SAWAHAN'),('3518020','3518','NGETOS'),('3518030','3518','BERBEK'),('3518040','3518','LOCERET'),('3518050','3518','PACE'),('3518060','3518','TANJUNGANOM'),('3518070','3518','PRAMBON'),('3518080','3518','NGRONGGOT'),('3518090','3518','KERTOSONO'),('3518100','3518','PATIANROWO'),('3518110','3518','BARON'),('3518120','3518','GONDANG'),('3518130','3518','SUKOMORO'),('3518140','3518','NGANJUK'),('3518150','3518','BAGOR'),('3518160','3518','WILANGAN'),('3518170','3518','REJOSO'),('3518180','3518','NGLUYU'),('3518190','3518','LENGKONG'),('3518200','3518','JATIKALEN'),('3519010','3519','KEBONSARI'),('3519020','3519','GEGER'),('3519030','3519','DOLOPO'),('3519040','3519','DAGANGAN'),('3519050','3519','WUNGU'),('3519060','3519','KARE'),('3519070','3519','GEMARANG'),('3519080','3519','SARADAN'),('3519090','3519','PILANGKENCENG'),('3519100','3519','MEJAYAN'),('3519110','3519','WONOASRI'),('3519120','3519','BALEREJO'),('3519130','3519','MADIUN'),('3519140','3519','SAWAHAN'),('3519150','3519','JIWAN'),('3520010','3520','PONCOL'),('3520020','3520','PARANG'),('3520030','3520','LEMBEYAN'),('3520040','3520','TAKERAN'),('3520041','3520','NGUNTORONADI'),('3520050','3520','KAWEDANAN'),('3520060','3520','MAGETAN'),('3520061','3520','NGARIBOYO'),('3520070','3520','PLAOSAN'),('3520071','3520','SIDOREJO'),('3520080','3520','PANEKAN'),('3520090','3520','SUKOMORO'),('3520100','3520','BENDO'),('3520110','3520','MAOSPATI'),('3520120','3520','KARANGREJO'),('3520121','3520','KARAS'),('3520130','3520','BARAT'),('3520131','3520','KARTOHARJO'),('3521010','3521','SINE'),('3521020','3521','NGRAMBE'),('3521030','3521','JOGOROGO'),('3521040','3521','KENDAL'),('3521050','3521','GENENG'),('3521051','3521','GERIH'),('3521060','3521','KWADUNGAN'),('3521070','3521','PANGKUR'),('3521080','3521','KARANGJATI'),('3521090','3521','BRINGIN'),('3521100','3521','PADAS'),('3521101','3521','KASREMAN'),('3521110','3521','NGAWI'),('3521120','3521','PARON'),('3521130','3521','KEDUNGGALAR'),('3521140','3521','PITU'),('3521150','3521','WIDODAREN'),('3521160','3521','MANTINGAN'),('3521170','3521','KARANGANYAR'),('3522010','3522','MARGOMULYO'),('3522020','3522','NGRAHO'),('3522030','3522','TAMBAKREJO'),('3522040','3522','NGAMBON'),('3522041','3522','SEKAR'),('3522050','3522','BUBULAN'),('3522051','3522','GONDANG'),('3522060','3522','TEMAYANG'),('3522070','3522','SUGIHWARAS'),('3522080','3522','KEDUNGADEM'),('3522090','3522','KEPOH BARU'),('3522100','3522','BAURENO'),('3522110','3522','KANOR'),('3522120','3522','SUMBEREJO'),('3522130','3522','BALEN'),('3522140','3522','SUKOSEWU'),('3522150','3522','KAPAS'),('3522160','3522','BOJONEGORO'),('3522170','3522','TRUCUK'),('3522180','3522','DANDER'),('3522190','3522','NGASEM'),('3522191','3522','GAYAM'),('3522200','3522','KALITIDU'),('3522210','3522','MALO'),('3522220','3522','PURWOSARI'),('3522230','3522','PADANGAN'),('3522240','3522','KASIMAN'),('3522241','3522','KEDEWAN'),('3523010','3523','KENDURUAN'),('3523020','3523','BANGILAN'),('3523030','3523','SENORI'),('3523040','3523','SINGGAHAN'),('3523050','3523','MONTONG'),('3523060','3523','PARENGAN'),('3523070','3523','SOKO'),('3523080','3523','RENGEL'),('3523081','3523','GRABAGAN'),('3523090','3523','PLUMPANG'),('3523100','3523','WIDANG'),('3523110','3523','PALANG'),('3523120','3523','SEMANDING'),('3523130','3523','TUBAN'),('3523140','3523','JENU'),('3523150','3523','MERAKURAK'),('3523160','3523','KEREK'),('3523170','3523','TAMBAKBOYO'),('3523180','3523','JATIROGO'),('3523190','3523','BANCAR'),('3524010','3524','SUKORAME'),('3524020','3524','BLULUK'),('3524030','3524','NGIMBANG'),('3524040','3524','SAMBENG'),('3524050','3524','MANTUP'),('3524060','3524','KEMBANGBAHU'),('3524070','3524','SUGIO'),('3524080','3524','KEDUNGPRING'),('3524090','3524','MODO'),('3524100','3524','BABAT'),('3524110','3524','PUCUK'),('3524120','3524','SUKODADI'),('3524130','3524','LAMONGAN'),('3524140','3524','TIKUNG'),('3524141','3524','SARIREJO'),('3524150','3524','DEKET'),('3524160','3524','GLAGAH'),('3524170','3524','KARANGBINANGUN'),('3524180','3524','TURI'),('3524190','3524','KALITENGAH'),('3524200','3524','KARANG GENENG'),('3524210','3524','SEKARAN'),('3524220','3524','MADURAN'),('3524230','3524','LAREN'),('3524240','3524','SOLOKURO'),('3524250','3524','PACIRAN'),('3524260','3524','BRONDONG'),('3525010','3525','WRINGINANOM'),('3525020','3525','DRIYOREJO'),('3525030','3525','KEDAMEAN'),('3525040','3525','MENGANTI'),('3525050','3525','CERME'),('3525060','3525','BENJENG'),('3525070','3525','BALONGPANGGANG'),('3525080','3525','DUDUKSAMPEYAN'),('3525090','3525','KEBOMAS'),('3525100','3525','GRESIK'),('3525110','3525','MANYAR'),('3525120','3525','BUNGAH'),('3525130','3525','SIDAYU'),('3525140','3525','DUKUN'),('3525150','3525','PANCENG'),('3525160','3525','UJUNGPANGKAH'),('3525170','3525','SANGKAPURA'),('3525180','3525','TAMBAK'),('3526010','3526','KAMAL'),('3526020','3526','LABANG'),('3526030','3526','KWANYAR'),('3526040','3526','MODUNG'),('3526050','3526','BLEGA'),('3526060','3526','KONANG'),('3526070','3526','GALIS'),('3526080','3526','TANAH MERAH'),('3526090','3526','TRAGAH'),('3526100','3526','SOCAH'),('3526110','3526','BANGKALAN'),('3526120','3526','BURNEH'),('3526130','3526','AROSBAYA'),('3526140','3526','GEGER'),('3526150','3526','KOKOP'),('3526160','3526','TANJUNGBUMI'),('3526170','3526','SEPULU'),('3526180','3526','KLAMPIS'),('3527010','3527','SRESEH'),('3527020','3527','TORJUN'),('3527021','3527','PANGARENGAN'),('3527030','3527','SAMPANG'),('3527040','3527','CAMPLONG'),('3527050','3527','OMBEN'),('3527060','3527','KEDUNGDUNG'),('3527070','3527','JRENGIK'),('3527080','3527','TAMBELANGAN'),('3527090','3527','BANYUATES'),('3527100','3527','ROBATAL'),('3527101','3527','KARANG PENANG'),('3527110','3527','KETAPANG'),('3527120','3527','SOKOBANAH'),('3528010','3528','TLANAKAN'),('3528020','3528','PADEMAWU'),('3528030','3528','GALIS'),('3528040','3528','LARANGAN'),('3528050','3528','PAMEKASAN'),('3528060','3528','PROPPO'),('3528070','3528','PALENGAAN'),('3528080','3528','PEGANTENAN'),('3528090','3528','KADUR'),('3528100','3528','PAKONG'),('3528110','3528','WARU'),('3528120','3528','BATU MARMAR'),('3528130','3528','PASEAN'),('3529010','3529','PRAGAAN'),('3529020','3529','BLUTO'),('3529030','3529','SARONGGI'),('3529040','3529','GILIGENTENG'),('3529050','3529','TALANGO'),('3529060','3529','KALIANGET'),('3529070','3529','KOTA SUMENEP'),('3529071','3529','BATUAN'),('3529080','3529','LENTENG'),('3529090','3529','GANDING'),('3529100','3529','GULUK GULUK'),('3529110','3529','PASONGSONGAN'),('3529120','3529','AMBUNTEN'),('3529130','3529','RUBARU'),('3529140','3529','DASUK'),('3529150','3529','MANDING'),('3529160','3529','BATUPUTIH'),('3529170','3529','GAPURA'),('3529180','3529','BATANG BATANG'),('3529190','3529','DUNGKEK'),('3529200','3529','NONGGUNONG'),('3529210','3529','GAYAM'),('3529220','3529','RAAS'),('3529230','3529','SAPEKEN'),('3529240','3529','ARJASA'),('3529241','3529','KANGAYAN'),('3529250','3529','MASALEMBU'),('3571010','3571','MOJOROTO'),('3571020','3571','KOTA KEDIRI'),('3571030','3571','PESANTREN'),('3572010','3572','SUKOREJO'),('3572020','3572','KEPANJENKIDUL'),('3572030','3572','SANANWETAN'),('3573010','3573','KEDUNGKANDANG'),('3573020','3573','SUKUN'),('3573030','3573','KLOJEN'),('3573040','3573','BLIMBING'),('3573050','3573','LOWOKWARU'),('3574010','3574','KADEMANGAN'),('3574011','3574','KEDOPOK'),('3574020','3574','WONOASIH'),('3574030','3574','MAYANGAN'),('3574031','3574','KANIGARAN'),('3575010','3575','GADINGREJO'),('3575020','3575','PURWOREJO'),('3575030','3575','BUGULKIDUL'),('3575031','3575','PANGGUNGREJO'),('3576010','3576','PRAJURIT KULON'),('3576020','3576','MAGERSARI'),('3577010','3577','MANGU HARJO'),('3577020','3577','TAMAN'),('3577030','3577','KARTOHARJO'),('3578010','3578','KARANG PILANG'),('3578020','3578','JAMBANGAN'),('3578030','3578','GAYUNGAN'),('3578040','3578','WONOCOLO'),('3578050','3578','TENGGILIS MEJOYO'),('3578060','3578','GUNUNG ANYAR'),('3578070','3578','RUNGKUT'),('3578080','3578','SUKOLILO'),('3578090','3578','MULYOREJO'),('3578100','3578','GUBENG'),('3578110','3578','WONOKROMO'),('3578120','3578','DUKUH PAKIS'),('3578130','3578','WIYUNG'),('3578140','3578','LAKARSANTRI'),('3578141','3578','SAMBIKEREP'),('3578150','3578','TANDES'),('3578160','3578','SUKO MANUNGGAL'),('3578170','3578','SAWAHAN'),('3578180','3578','TEGALSARI'),('3578190','3578','GENTENG'),('3578200','3578','TAMBAKSARI'),('3578210','3578','KENJERAN'),('3578211','3578','BULAK'),('3578220','3578','SIMOKERTO'),('3578230','3578','SEMAMPIR'),('3578240','3578','PABEAN CANTIAN'),('3578250','3578','BUBUTAN'),('3578260','3578','KREMBANGAN'),('3578270','3578','ASEMROWO'),('3578280','3578','BENOWO'),('3578281','3578','PAKAL'),('3579010','3579','BATU'),('3579020','3579','JUNREJO'),('3579030','3579','BUMIAJI'),('3601010','3601','SUMUR'),('3601020','3601','CIMANGGU'),('3601030','3601','CIBALIUNG'),('3601031','3601','CIBITUNG'),('3601040','3601','CIKEUSIK'),('3601050','3601','CIGEULIS'),('3601060','3601','PANIMBANG'),('3601061','3601','SOBANG'),('3601070','3601','MUNJUL'),('3601071','3601','ANGSANA'),('3601072','3601','SINDANGRESMI'),('3601080','3601','PICUNG'),('3601090','3601','BOJONG'),('3601100','3601','SAKETI'),('3601101','3601','CISATA'),('3601110','3601','PAGELARAN'),('3601111','3601','PATIA'),('3601112','3601','SUKARESMI'),('3601120','3601','LABUAN'),('3601121','3601','CARITA'),('3601130','3601','JIPUT'),('3601131','3601','CIKEDAL'),('3601140','3601','MENES'),('3601141','3601','PULOSARI'),('3601150','3601','MANDALAWANGI'),('3601160','3601','CIMANUK'),('3601161','3601','CIPEUCANG'),('3601170','3601','BANJAR'),('3601171','3601','KADUHEJO'),('3601172','3601','MEKARJAYA'),('3601180','3601','PANDEGLANG'),('3601181','3601','MAJASARI'),('3601190','3601','CADASARI'),('3601191','3601','KARANGTANJUNG'),('3601192','3601','KORONCONG'),('3602010','3602','MALINGPING'),('3602011','3602','WANASALAM'),('3602020','3602','PANGGARANGAN'),('3602021','3602','CIHARA'),('3602030','3602','BAYAH'),('3602031','3602','CILOGRANG'),('3602040','3602','CIBEBER'),('3602050','3602','CIJAKU'),('3602051','3602','CIGEMBLONG'),('3602060','3602','BANJARSARI'),('3602070','3602','CILELES'),('3602080','3602','GUNUNG KENCANA'),('3602090','3602','BOJONGMANIK'),('3602091','3602','CIRINTEN'),('3602100','3602','LEUWIDAMAR'),('3602110','3602','MUNCANG'),('3602111','3602','SOBANG'),('3602120','3602','CIPANAS'),('3602121','3602','LEBAKGEDONG'),('3602130','3602','SAJIRA'),('3602140','3602','CIMARGA'),('3602150','3602','CIKULUR'),('3602160','3602','WARUNGGUNUNG'),('3602170','3602','CIBADAK'),('3602180','3602','RANGKASBITUNG'),('3602181','3602','KALANGANYAR'),('3602190','3602','MAJA'),('3602191','3602','CURUGBITUNG'),('3603010','3603','CISOKA'),('3603011','3603','SOLEAR'),('3603020','3603','TIGARAKSA'),('3603021','3603','JAMBE'),('3603030','3603','CIKUPA'),('3603040','3603','PANONGAN'),('3603050','3603','CURUG'),('3603051','3603','KELAPA DUA'),('3603060','3603','LEGOK'),('3603070','3603','PAGEDANGAN'),('3603081','3603','CISAUK'),('3603120','3603','PASARKEMIS'),('3603121','3603','SINDANG JAYA'),('3603130','3603','BALARAJA'),('3603131','3603','JAYANTI'),('3603132','3603','SUKAMULYA'),('3603140','3603','KRESEK'),('3603141','3603','GUNUNG KALER'),('3603150','3603','KRONJO'),('3603151','3603','MEKAR BARU'),('3603160','3603','MAUK'),('3603161','3603','KEMIRI'),('3603162','3603','SUKADIRI'),('3603170','3603','RAJEG'),('3603180','3603','SEPATAN'),('3603181','3603','SEPATAN TIMUR'),('3603190','3603','PAKUHAJI'),('3603200','3603','TELUKNAGA'),('3603210','3603','KOSAMBI'),('3604010','3604','CINANGKA'),('3604020','3604','PADARINCANG'),('3604030','3604','CIOMAS'),('3604040','3604','PABUARAN'),('3604041','3604','GUNUNG SARI'),('3604050','3604','BAROS'),('3604060','3604','PETIR'),('3604061','3604','TUNJUNG TEJA'),('3604080','3604','CIKEUSAL'),('3604090','3604','PAMARAYAN'),('3604091','3604','BANDUNG'),('3604100','3604','JAWILAN'),('3604110','3604','KOPO'),('3604120','3604','CIKANDE'),('3604121','3604','KIBIN'),('3604130','3604','KRAGILAN'),('3604180','3604','WARINGINKURUNG'),('3604190','3604','MANCAK'),('3604200','3604','ANYAR'),('3604210','3604','BOJONEGARA'),('3604211','3604','PULO AMPEL'),('3604220','3604','KRAMATWATU'),('3604240','3604','CIRUAS'),('3604250','3604','PONTANG'),('3604251','3604','LEBAK WANGI'),('3604260','3604','CARENANG'),('3604261','3604','BINUANG'),('3604270','3604','TIRTAYASA'),('3604271','3604','TANARA'),('3671010','3671','CILEDUG'),('3671011','3671','LARANGAN'),('3671012','3671','KARANG TENGAH'),('3671020','3671','CIPONDOH'),('3671021','3671','PINANG'),('3671030','3671','TANGERANG'),('3671031','3671','KARAWACI'),('3671040','3671','JATI UWUNG'),('3671041','3671','CIBODAS'),('3671042','3671','PERIUK'),('3671050','3671','BATUCEPER'),('3671051','3671','NEGLASARI'),('3671060','3671','BENDA'),('3672010','3672','CIWANDAN'),('3672011','3672','CITANGKIL'),('3672020','3672','PULOMERAK'),('3672021','3672','PURWAKARTA'),('3672022','3672','GROGOL'),('3672030','3672','CILEGON'),('3672031','3672','JOMBANG'),('3672040','3672','CIBEBER'),('3673010','3673','CURUG'),('3673020','3673','WALANTAKA'),('3673030','3673','CIPOCOK JAYA'),('3673040','3673','SERANG'),('3673050','3673','TAKTAKAN'),('3673060','3673','KASEMEN'),('3674010','3674','SETU'),('3674020','3674','SERPONG'),('3674030','3674','PAMULANG'),('3674040','3674','CIPUTAT'),('3674050','3674','CIPUTAT TIMUR'),('3674060','3674','PONDOK AREN'),('3674070','3674','SERPONG UTARA'),('5101010','5101','MELAYA'),('5101020','5101','NEGARA'),('5101021','5101','JEMBRANA'),('5101030','5101','MENDOYO'),('5101040','5101','PEKUTATAN'),('5102010','5102','SELEMADEG'),('5102011','5102','SELEMADEG TIMUR'),('5102012','5102','SELEMADEG BARAT'),('5102020','5102','KERAMBITAN'),('5102030','5102','TABANAN'),('5102040','5102','KEDIRI'),('5102050','5102','MARGA'),('5102060','5102','BATURITI'),('5102070','5102','PENEBEL'),('5102080','5102','PUPUAN'),('5103010','5103','KUTA SELATAN'),('5103020','5103','KUTA'),('5103030','5103','KUTA UTARA'),('5103040','5103','MENGWI'),('5103050','5103','ABIANSEMAL'),('5103060','5103','PETANG'),('5104010','5104','SUKAWATI'),('5104020','5104','BLAHBATUH'),('5104030','5104','GIANYAR'),('5104040','5104','TAMPAKSIRING'),('5104050','5104','UBUD'),('5104060','5104','TEGALLALANG'),('5104070','5104','PAYANGAN'),('5105010','5105','NUSAPENIDA'),('5105020','5105','BANJARANGKAN'),('5105030','5105','KLUNGKUNG'),('5105040','5105','DAWAN'),('5106010','5106','SUSUT'),('5106020','5106','BANGLI'),('5106030','5106','TEMBUKU'),('5106040','5106','KINTAMANI'),('5107010','5107','RENDANG'),('5107020','5107','SIDEMEN'),('5107030','5107','MANGGIS'),('5107040','5107','KARANGASEM'),('5107050','5107','ABANG'),('5107060','5107','BEBANDEM'),('5107070','5107','SELAT'),('5107080','5107','KUBU'),('5108010','5108','GEROKGAK'),('5108020','5108','SERIRIT'),('5108030','5108','BUSUNGBIU'),('5108040','5108','BANJAR'),('5108050','5108','SUKASADA'),('5108060','5108','BULELENG'),('5108070','5108','SAWAN'),('5108080','5108','KUBUTAMBAHAN'),('5108090','5108','TEJAKULA'),('5171010','5171','DENPASAR SELATAN'),('5171020','5171','DENPASAR TIMUR'),('5171030','5171','DENPASAR BARAT'),('5171031','5171','DENPASAR UTARA'),('5201010','5201','SEKOTONG'),('5201011','5201','LEMBAR'),('5201020','5201','GERUNG'),('5201030','5201','LABU API'),('5201040','5201','KEDIRI'),('5201041','5201','KURIPAN'),('5201050','5201','NARMADA'),('5201051','5201','LINGSAR'),('5201060','5201','GUNUNG SARI'),('5201061','5201','BATU LAYAR'),('5202010','5202','PRAYA BARAT'),('5202011','5202','PRAYA BARAT DAYA'),('5202020','5202','PUJUT'),('5202030','5202','PRAYA TIMUR'),('5202040','5202','JANAPRIA'),('5202050','5202','KOPANG'),('5202060','5202','PRAYA'),('5202061','5202','PRAYA TENGAH'),('5202070','5202','JONGGAT'),('5202080','5202','PRINGGARATA'),('5202090','5202','BATUKLIANG'),('5202091','5202','BATUKLIANG UTARA'),('5203010','5203','KERUAK'),('5203011','5203','JEROWARU'),('5203020','5203','SAKRA'),('5203021','5203','SAKRA BARAT'),('5203022','5203','SAKRA TIMUR'),('5203030','5203','TERARA'),('5203031','5203','MONTONG GADING'),('5203040','5203','SIKUR'),('5203050','5203','MASBAGIK'),('5203051','5203','PRINGGASELA'),('5203060','5203','SUKAMULIA'),('5203061','5203','SURALAGA'),('5203070','5203','SELONG'),('5203071','5203','LABUHAN HAJI'),('5203080','5203','PRINGGABAYA'),('5203081','5203','SUELA'),('5203090','5203','AIKMEL'),('5203091','5203','WANASABA'),('5203092','5203','SEMBALUN'),('5203100','5203','SAMBELIA'),('5204020','5204','LUNYUK'),('5204021','5204','ORONG TELU'),('5204050','5204','ALAS'),('5204051','5204','ALAS BARAT'),('5204052','5204','BUER'),('5204061','5204','UTAN'),('5204062','5204','RHEE'),('5204070','5204','BATULANTEH'),('5204080','5204','SUMBAWA'),('5204081','5204','LABUHAN BADAS'),('5204082','5204','UNTER IWES'),('5204090','5204','MOYOHILIR'),('5204091','5204','MOYO UTARA'),('5204100','5204','MOYOHULU'),('5204110','5204','ROPANG'),('5204111','5204','LENANGGUAR'),('5204112','5204','LANTUNG'),('5204121','5204','LAPE'),('5204122','5204','LOPOK'),('5204130','5204','PLAMPANG'),('5204131','5204','LABANGKA'),('5204132','5204','MARONGE'),('5204140','5204','EMPANG'),('5204141','5204','TARANO'),('5205010','5205','HU\'U'),('5205011','5205','PAJO'),('5205020','5205','DOMPU'),('5205030','5205','WOJA'),('5205040','5205','KILO'),('5205050','5205','KEMPO'),('5205051','5205','MANGGALEWA'),('5205060','5205','PEKAT'),('5206010','5206','MONTA'),('5206011','5206','PARADO'),('5206020','5206','BOLO'),('5206021','5206','MADA PANGGA'),('5206030','5206','WOHA'),('5206040','5206','BELO'),('5206041','5206','PALIBELO'),('5206050','5206','WAWO'),('5206051','5206','LANGGUDU'),('5206052','5206','LAMBITU'),('5206060','5206','SAPE'),('5206061','5206','LAMBU'),('5206070','5206','WERA'),('5206071','5206','AMBALAWI'),('5206080','5206','DONGGO'),('5206081','5206','SOROMANDI'),('5206090','5206','SANGGAR'),('5206091','5206','TAMBORA'),('5207010','5207','SEKONGKANG'),('5207020','5207','JEREWEH'),('5207021','5207','MALUK'),('5207030','5207','TALIWANG'),('5207031','5207','BRANG ENE'),('5207040','5207','BRANG REA'),('5207050','5207','SETELUK'),('5207051','5207','POTO TANO'),('5208010','5208','PEMENANG'),('5208020','5208','TANJUNG'),('5208030','5208','GANGGA'),('5208040','5208','KAYANGAN'),('5208050','5208','BAYAN'),('5271010','5271','AMPENAN'),('5271011','5271','SEKARBELA'),('5271020','5271','MATARAM'),('5271021','5271','SELAPARANG'),('5271030','5271','CAKRANEGARA'),('5271031','5271','SANDUBAYA'),('5272010','5272','RASANAE BARAT'),('5272011','5272','MPUNDA'),('5272020','5272','RASANAE TIMUR'),('5272021','5272','RABA'),('5272030','5272','ASAKOTA'),('5301021','5301','LAMBOYA'),('5301022','5301','WANOKAKA'),('5301023','5301','LABOYA BARAT'),('5301050','5301','LOLI'),('5301060','5301','KOTA WAIKABUBAK'),('5301072','5301','TANA RIGHU'),('5302010','5302','LEWA'),('5302011','5302','NGGAHA ORIANGU'),('5302012','5302','LEWA TIDAHU'),('5302013','5302','KATALA HAMU LINGU'),('5302020','5302','TABUNDUNG'),('5302021','5302','PINUPAHAR'),('5302030','5302','PABERIWAI'),('5302031','5302','KARERA'),('5302032','5302','MATAWAI LA PAWU'),('5302033','5302','KAHAUNGU ETI'),('5302034','5302','MAHU'),('5302035','5302','NGADU NGALA'),('5302040','5302','PAHUNGA LODU'),('5302041','5302','WULA WAIJELU'),('5302051','5302','RINDI'),('5302052','5302','UMALULU'),('5302060','5302','PANDAWAI'),('5302061','5302','KAMBATA MAPAMBUHANG'),('5302070','5302','KOTA WAINGAPU'),('5302071','5302','KAMBERA'),('5302080','5302','HAHARU'),('5302081','5302','KANATANG'),('5303100','5303','SEMAU'),('5303101','5303','SEMAU SELATAN'),('5303110','5303','KUPANG BARAT'),('5303111','5303','NEKAMESE'),('5303120','5303','KUPANG TENGAH'),('5303121','5303','TAEBENU'),('5303130','5303','AMARASI'),('5303131','5303','AMARASI BARAT'),('5303132','5303','AMARASI SELATAN'),('5303133','5303','AMARASI TIMUR'),('5303140','5303','KUPANG TIMUR'),('5303141','5303','AMABI OEFETO TIMUR'),('5303142','5303','AMABI OEFETO'),('5303150','5303','SULAMU'),('5303160','5303','FATULEU'),('5303161','5303','FATULEU TENGAH'),('5303162','5303','FATULEU BARAT'),('5303170','5303','TAKARI'),('5303180','5303','AMFOANG SELATAN'),('5303181','5303','AMFOANG BARAT DAYA'),('5303182','5303','AMFOANG TENGAH'),('5303190','5303','AMFOANG UTARA'),('5303191','5303','AMFOANG BARAT LAUT'),('5303192','5303','AMFOANG TIMUR'),('5304010','5304','MOLLO UTARA'),('5304011','5304','FATUMNASI'),('5304012','5304','TOBU'),('5304013','5304','NUNBENA'),('5304020','5304','MOLLO SELATAN'),('5304021','5304','POLEN'),('5304022','5304','MOLLO BARAT'),('5304023','5304','MOLLO TENGAH'),('5304030','5304','KOTA SOE'),('5304040','5304','AMANUBAN BARAT'),('5304041','5304','BATU PUTIH'),('5304042','5304','KUATNANA'),('5304050','5304','AMANUBAN SELATAN'),('5304051','5304','NOEBEBA'),('5304060','5304','KUAN FATU'),('5304061','5304','KUALIN'),('5304070','5304','AMANUBAN TENGAH'),('5304071','5304','KOLBANO'),('5304072','5304','OENINO'),('5304080','5304','AMANUBAN TIMUR'),('5304081','5304','FAUTMOLO'),('5304082','5304','FATUKOPA'),('5304090','5304','KIE'),('5304091','5304','KOT\'OLIN'),('5304100','5304','AMANATUN SELATAN'),('5304101','5304','BOKING'),('5304102','5304','NUNKOLO'),('5304103','5304','NOEBANA'),('5304104','5304','SANTIAN'),('5304110','5304','AMANATUN UTARA'),('5304111','5304','TOIANAS'),('5304112','5304','KOKBAUN'),('5305010','5305','MIOMAFFO BARAT'),('5305011','5305','MIOMAFFO TENGAH'),('5305012','5305','MUSI'),('5305013','5305','MUTIS'),('5305020','5305','MIOMAFFO TIMUR'),('5305021','5305','NOEMUTI'),('5305022','5305','BIKOMI SELATAN'),('5305023','5305','BIKOMI TENGAH'),('5305024','5305','BIKOMI NILULAT'),('5305025','5305','BIKOMI UTARA'),('5305026','5305','NAIBENU'),('5305027','5305','NOEMUTI TIMUR'),('5305030','5305','KOTA KEFAMENANU'),('5305040','5305','INSANA'),('5305041','5305','INSANA UTARA'),('5305042','5305','INSANA BARAT'),('5305043','5305','INSANA TENGAH'),('5305044','5305','INSANA FAFINESU'),('5305050','5305','BIBOKI SELATAN'),('5305051','5305','BIBOKI TANPAH'),('5305052','5305','BIBOKI MOENLEU'),('5305060','5305','BIBOKI UTARA'),('5305061','5305','BIBOKI ANLEU'),('5305062','5305','BIBOKI FEOTLEU'),('5306032','5306','RAI MANUK'),('5306050','5306','TASIFETO BARAT'),('5306051','5306','KAKULUK MESAK'),('5306052','5306','NANAET DUBESI'),('5306060','5306','ATAMBUA'),('5306061','5306','ATAMBUA BARAT'),('5306062','5306','ATAMBUA SELATAN'),('5306070','5306','TASIFETO TIMUR'),('5306071','5306','RAIHAT'),('5306072','5306','LASIOLAT'),('5306080','5306','LAMAKNEN'),('5306081','5306','LAMAKNEN SELATAN'),('5307010','5307','PANTAR'),('5307011','5307','PANTAR BARAT'),('5307012','5307','PANTAR TIMUR'),('5307013','5307','PANTAR BARAT LAUT'),('5307014','5307','PANTAR TENGAH'),('5307020','5307','ALOR BARAT DAYA'),('5307021','5307','MATARU'),('5307030','5307','ALOR SELATAN'),('5307040','5307','ALOR TIMUR'),('5307041','5307','ALOR TIMUR LAUT'),('5307042','5307','PUREMAN'),('5307050','5307','TELUK MUTIARA'),('5307051','5307','KABOLA'),('5307060','5307','ALOR BARAT LAUT'),('5307061','5307','ALOR TENGAH UTARA'),('5307062','5307','PULAU PURA'),('5307063','5307','LEMBUR'),('5308010','5308','NAGAWUTUNG'),('5308011','5308','WULANDONI'),('5308020','5308','ATADEI'),('5308030','5308','ILE APE'),('5308031','5308','ILE APE TIMUR'),('5308040','5308','LEBATUKAN'),('5308050','5308','NUBATUKAN'),('5308060','5308','OMESURI'),('5308070','5308','BUYASARI'),('5309010','5309','WULANGGITANG'),('5309011','5309','TITEHENA'),('5309012','5309','ILEBURA'),('5309020','5309','TANJUNG BUNGA'),('5309021','5309','LEWO LEMA'),('5309030','5309','LARANTUKA'),('5309031','5309','ILE MANDIRI'),('5309032','5309','DEMON PAGONG'),('5309040','5309','SOLOR BARAT'),('5309041','5309','SOLOR SELATAN'),('5309050','5309','SOLOR TIMUR'),('5309060','5309','ADONARA BARAT'),('5309061','5309','WOTAN ULU MADO'),('5309062','5309','ADONARA TENGAH'),('5309070','5309','ADONARA TIMUR'),('5309071','5309','ILE BOLENG'),('5309072','5309','WITIHAMA'),('5309073','5309','KELUBAGOLIT'),('5309074','5309','ADONARA'),('5310010','5310','PAGA'),('5310011','5310','MEGO'),('5310012','5310','TANA WAWO'),('5310020','5310','LELA'),('5310030','5310','BOLA'),('5310031','5310','DORENG'),('5310032','5310','MAPITARA'),('5310040','5310','TALIBURA'),('5310041','5310','WAIGETE'),('5310042','5310','WAIBLAMA'),('5310050','5310','KEWAPANTE'),('5310051','5310','HEWOKLOANG'),('5310052','5310','KANGAE'),('5310061','5310','PALUE'),('5310062','5310','KOTING'),('5310063','5310','NELLE'),('5310070','5310','NITA'),('5310071','5310','MAGEPANDA'),('5310080','5310','ALOK'),('5310081','5310','ALOK BARAT'),('5310082','5310','ALOK TIMUR'),('5311010','5311','NANGAPANDA'),('5311011','5311','PULAU ENDE'),('5311012','5311','MAUKARO'),('5311020','5311','ENDE'),('5311030','5311','ENDE SELATAN'),('5311031','5311','ENDE TIMUR'),('5311032','5311','ENDE TENGAH'),('5311033','5311','ENDE UTARA'),('5311040','5311','NDONA'),('5311041','5311','NDONA TIMUR'),('5311050','5311','WOLOWARU'),('5311051','5311','WOLOJITA'),('5311052','5311','LIO TIMUR'),('5311053','5311','KELIMUTU'),('5311054','5311','NDORI'),('5311060','5311','MAUROLE'),('5311061','5311','KOTABARU'),('5311062','5311','DETUKELI'),('5311063','5311','LEPEMBUSU KELISOKE'),('5311070','5311','DETUSOKO'),('5311071','5311','WEWARIA'),('5312010','5312','AIMERE'),('5312011','5312','JEREBUU'),('5312012','5312','INERIE'),('5312020','5312','BAJAWA'),('5312030','5312','GOLEWA'),('5312031','5312','GOLEWA SELATAN'),('5312032','5312','GOLEWA BARAT'),('5312070','5312','BAJAWA UTARA'),('5312071','5312','SOA'),('5312080','5312','RIUNG'),('5312081','5312','RIUNG BARAT'),('5312082','5312','WOLOMEZE'),('5313040','5313','SATAR MESE'),('5313041','5313','SATAR MESE BARAT'),('5313042','5313','SATAR MESE UTARA'),('5313110','5313','LANGKE REMBONG'),('5313120','5313','RUTENG'),('5313121','5313','WAE RII'),('5313122','5313','LELAK'),('5313123','5313','RAHONG UTARA'),('5313130','5313','CIBAL'),('5313131','5313','CIBAL BARAT'),('5313140','5313','REOK'),('5313141','5313','REOK BARAT'),('5314010','5314','ROTE BARAT DAYA'),('5314020','5314','ROTE BARAT LAUT'),('5314030','5314','LOBALAIN'),('5314040','5314','ROTE TENGAH'),('5314041','5314','ROTE SELATAN'),('5314050','5314','PANTAI BARU'),('5314060','5314','ROTE TIMUR'),('5314061','5314','LANDU LEKO'),('5314070','5314','ROTE BARAT'),('5314071','5314','NDAO NUSE'),('5315010','5315','KOMODO'),('5315011','5315','BOLENG'),('5315020','5315','SANO NGGOANG'),('5315021','5315','MBELILING'),('5315030','5315','LEMBOR'),('5315031','5315','WELAK'),('5315032','5315','LEMBOR SELATAN'),('5315040','5315','KUWUS'),('5315041','5315','NDOSO'),('5315050','5315','MACANG PACAR'),('5316010','5316','KATIKUTANA'),('5316011','5316','KATIKUTANA SELATAN'),('5316020','5316','UMBU RATU NGGAY BARAT'),('5316030','5316','UMBU RATU NGGAY'),('5316040','5316','MAMBORO'),('5317010','5317','KODI BANGEDO'),('5317011','5317','KODI BALAGHAR'),('5317020','5317','KODI'),('5317030','5317','KODI UTARA'),('5317040','5317','WEWEWA SELATAN'),('5317050','5317','WEWEWA BARAT'),('5317060','5317','WEWEWA TIMUR'),('5317061','5317','WEWEWA TENGAH'),('5317070','5317','WEWEWA UTARA'),('5317080','5317','LOURA'),('5317081','5317','KOTA TAMBOLAKA'),('5318010','5318','MAUPONGGO'),('5318020','5318','KEO TENGAH'),('5318030','5318','NANGARORO'),('5318040','5318','BOAWAE'),('5318050','5318','AESESA SELATAN'),('5318060','5318','AESESA'),('5318070','5318','WOLOWAE'),('5319010','5319','BORONG'),('5319011','5319','RANA MESE'),('5319020','5319','KOTA KOMBA'),('5319030','5319','ELAR'),('5319031','5319','ELAR SELATAN'),('5319040','5319','SAMBI RAMPAS'),('5319050','5319','POCO RANAKA'),('5319051','5319','POCO RANAKA TIMUR'),('5319060','5319','LAMBA LEDA'),('5320010','5320','RAIJUA'),('5320020','5320','HAWU MEHARA'),('5320030','5320','SABU LIAE'),('5320040','5320','SABU BARAT'),('5320050','5320','SABU TENGAH'),('5320060','5320','SABU TIMUR'),('5321010','5321','WEWIKU'),('5321020','5321','MALAKA BARAT'),('5321030','5321','WELIMAN'),('5321040','5321','RINHAT'),('5321050','5321','IO KUFEU'),('5321060','5321','SASITA MEAN'),('5321070','5321','MALAKA TENGAH'),('5321080','5321','BOTIN LEOBELE'),('5321090','5321','LAEN MANEN'),('5321100','5321','MALAKA TIMUR'),('5321110','5321','KOBALIMA'),('5321120','5321','KOBALIMA TIMUR'),('5371010','5371','ALAK'),('5371020','5371','MAULAFA'),('5371030','5371','OEBOBO'),('5371031','5371','KOTA RAJA'),('5371040','5371','KELAPA LIMA'),('5371041','5371','KOTA LAMA'),('6101010','6101','SELAKAU'),('6101011','6101','SELAKAU TIMUR'),('6101020','6101','PEMANGKAT'),('6101021','6101','SEMPARUK'),('6101022','6101','SALATIGA'),('6101030','6101','TEBAS'),('6101031','6101','TEKARANG'),('6101040','6101','SAMBAS'),('6101041','6101','SUBAH'),('6101042','6101','SEBAWI'),('6101043','6101','SAJAD'),('6101050','6101','JAWAI'),('6101051','6101','JAWAI SELATAN'),('6101060','6101','TELUK KERAMAT'),('6101061','6101','GALING'),('6101062','6101','TANGARAN'),('6101070','6101','SEJANGKUNG'),('6101080','6101','SAJINGAN BESAR'),('6101090','6101','PALOH'),('6102010','6102','SUNGAI RAYA'),('6102011','6102','CAPKALA'),('6102012','6102','SUNGAI RAYA KEPULAUAN'),('6102030','6102','SAMALANTAN'),('6102031','6102','MONTERADO'),('6102032','6102','LEMBAH BAWANG'),('6102040','6102','BENGKAYANG'),('6102041','6102','TERIAK'),('6102042','6102','SUNGAI BETUNG'),('6102050','6102','LEDO'),('6102051','6102','SUTI SEMARANG'),('6102052','6102','LUMAR'),('6102060','6102','SANGGAU LEDO'),('6102061','6102','TUJUHBELAS'),('6102070','6102','SELUAS'),('6102080','6102','JAGOI BABANG'),('6102081','6102','SIDING'),('6103020','6103','SEBANGKI'),('6103030','6103','NGABANG'),('6103031','6103','JELIMPO'),('6103040','6103','SENGAH TEMILA'),('6103050','6103','MANDOR'),('6103060','6103','MENJALIN'),('6103070','6103','MEMPAWAH HULU'),('6103071','6103','SOMPAK'),('6103080','6103','MENYUKE'),('6103081','6103','BANYUKE HULU'),('6103090','6103','MERANTI'),('6103100','6103','KUALA BEHE'),('6103110','6103','AIR BESAR'),('6104080','6104','SIANTAN'),('6104081','6104','SEGEDONG'),('6104090','6104','SUNGAI PINYUH'),('6104091','6104','ANJONGAN'),('6104100','6104','MEMPAWAH HILIR'),('6104101','6104','MEMPAWAH TIMUR'),('6104110','6104','SUNGAI KUNYIT'),('6104120','6104','TOHO'),('6104121','6104','SADANIANG'),('6105010','6105','TOBA'),('6105020','6105','MELIAU'),('6105060','6105','KAPUAS'),('6105070','6105','MUKOK'),('6105120','6105','JANGKANG'),('6105130','6105','BONTI'),('6105140','6105','PARINDU'),('6105150','6105','TAYAN HILIR'),('6105160','6105','BALAI'),('6105170','6105','TAYAN HULU'),('6105180','6105','KEMBAYAN'),('6105190','6105','BEDUWAI'),('6105200','6105','NOYAN'),('6105210','6105','SEKAYAM'),('6105220','6105','ENTIKONG'),('6106010','6106','KENDAWANGAN'),('6106020','6106','MANIS MATA'),('6106030','6106','MARAU'),('6106031','6106','SINGKUP'),('6106032','6106','AIR UPAS'),('6106040','6106','JELAI HULU'),('6106050','6106','TUMBANG TITI'),('6106051','6106','PEMAHAN'),('6106052','6106','SUNGAI MELAYU RAYAK'),('6106060','6106','MATAN HILIR SELATAN'),('6106061','6106','BENUA KAYONG'),('6106070','6106','MATAN HILIR UTARA'),('6106071','6106','DELTA PAWAN'),('6106072','6106','MUARA PAWAN'),('6106090','6106','NANGA TAYAP'),('6106100','6106','SANDAI'),('6106101','6106','HULU SUNGAI'),('6106110','6106','SUNGAI LAUR'),('6106120','6106','SIMPANG HULU'),('6106121','6106','SIMPANG DUA'),('6107060','6107','SERAWAI'),('6107070','6107','AMBALAU'),('6107080','6107','KAYAN HULU'),('6107110','6107','SEPAUK'),('6107120','6107','TEMPUNAK'),('6107130','6107','SUNGAI TEBELIAN'),('6107140','6107','SINTANG'),('6107150','6107','DEDAI'),('6107160','6107','KAYAN HILIR'),('6107170','6107','KELAM PERMAI'),('6107180','6107','BINJAI HULU'),('6107190','6107','KETUNGAU HILIR'),('6107200','6107','KETUNGAU TENGAH'),('6107210','6107','KETUNGAU HULU'),('6108010','6108','SILAT HILIR'),('6108020','6108','SILAT HULU'),('6108030','6108','HULU GURUNG'),('6108040','6108','BUNUT HULU'),('6108050','6108','MENTEBAH'),('6108060','6108','BIKA'),('6108070','6108','KALIS'),('6108080','6108','PUTUSSIBAU SELATAN'),('6108090','6108','EMBALOH HILIR'),('6108100','6108','BUNUT HILIR'),('6108110','6108','BOYAN TANJUNG'),('6108120','6108','PENGKADAN'),('6108130','6108','JONGKONG'),('6108140','6108','SELIMBAU'),('6108150','6108','SUHAID'),('6108160','6108','SEBERUANG'),('6108170','6108','SEMITAU'),('6108180','6108','EMPANANG'),('6108190','6108','PURING KENCANA'),('6108200','6108','BADAU'),('6108210','6108','BATANG LUPAR'),('6108220','6108','EMBALOH HULU'),('6108230','6108','PUTUSSIBAU UTARA'),('6109010','6109','NANGA MAHAP'),('6109020','6109','NANGA TAMAN'),('6109030','6109','SEKADAU HULU'),('6109040','6109','SEKADAU HILIR'),('6109050','6109','BELITANG HILIR'),('6109060','6109','BELITANG'),('6109070','6109','BELITANG HULU'),('6110010','6110','SOKAN'),('6110020','6110','TANAH PINOH'),('6110021','6110','TANAH PINOH BARAT'),('6110030','6110','SAYAN'),('6110040','6110','BELIMBING'),('6110041','6110','BELIMBING HULU'),('6110050','6110','NANGA PINOH'),('6110051','6110','PINOH SELATAN'),('6110052','6110','PINOH UTARA'),('6110060','6110','ELLA HILIR'),('6110070','6110','MENUKUNG'),('6111010','6111','PULAU MAYA'),('6111011','6111','KEPULAUAN KARIMATA'),('6111020','6111','SUKADANA'),('6111030','6111','SIMPANG HILIR'),('6111040','6111','TELUK BATANG'),('6111050','6111','SEPONTI'),('6112010','6112','BATU AMPAR'),('6112020','6112','TERENTANG'),('6112030','6112','KUBU'),('6112040','6112','TELOK PA\'KEDAI'),('6112050','6112','SUNGAI KAKAP'),('6112060','6112','RASAU JAYA'),('6112070','6112','SUNGAI RAYA'),('6112080','6112','SUNGAI AMBAWANG'),('6112090','6112','KUALA MANDOR-B'),('6171010','6171','PONTIANAK SELATAN'),('6171011','6171','PONTIANAK TENGGARA'),('6171020','6171','PONTIANAK TIMUR'),('6171030','6171','PONTIANAK BARAT'),('6171031','6171','PONTIANAK KOTA'),('6171040','6171','PONTIANAK UTARA'),('6172010','6172','SINGKAWANG SELATAN'),('6172020','6172','SINGKAWANG TIMUR'),('6172030','6172','SINGKAWANG UTARA'),('6172040','6172','SINGKAWANG BARAT'),('6172050','6172','SINGKAWANG TENGAH'),('6201040','6201','KOTAWARINGIN LAMA'),('6201050','6201','ARUT SELATAN'),('6201060','6201','KUMAI'),('6201061','6201','PANGKALAN BANTENG'),('6201062','6201','PANGKALAN LADA'),('6201070','6201','ARUT UTARA'),('6202020','6202','MENTAYA HILIR SELATAN'),('6202021','6202','TELUK SAMPIT'),('6202050','6202','PULAU HANAUT'),('6202060','6202','MENTAWA BARU/KETAPANG'),('6202061','6202','SERANAU'),('6202070','6202','MENTAYA HILIR UTARA'),('6202110','6202','KOTA BESI'),('6202111','6202','TELAWANG'),('6202120','6202','BAAMANG'),('6202190','6202','CEMPAGA'),('6202191','6202','CEMPAGA HULU'),('6202200','6202','PARENGGEAN'),('6202201','6202','TUALAN HULU'),('6202210','6202','MENTAYA HULU'),('6202211','6202','BUKIT SANTUAI'),('6202230','6202','ANTANG KALANG'),('6202231','6202','TELAGA ANTANG'),('6203020','6203','KAPUAS KUALA'),('6203021','6203','TAMBAN CATUR'),('6203030','6203','KAPUAS TIMUR'),('6203040','6203','SELAT'),('6203041','6203','BATAGUH'),('6203070','6203','BASARANG'),('6203080','6203','KAPUAS HILIR'),('6203090','6203','PULAU PETAK'),('6203100','6203','KAPUAS MURUNG'),('6203101','6203','DADAHUP'),('6203110','6203','KAPUAS BARAT'),('6203150','6203','MANTANGAI'),('6203160','6203','TIMPAH'),('6203170','6203','KAPUAS TENGAH'),('6203171','6203','PASAK TALAWANG'),('6203180','6203','KAPUAS HULU'),('6203181','6203','MANDAU TALAWANG'),('6204010','6204','JENAMAS'),('6204020','6204','DUSUN HILIR'),('6204030','6204','KARAU KUALA'),('6204040','6204','DUSUN SELATAN'),('6204050','6204','DUSUN UTARA'),('6204060','6204','GUNUNG BINTANG AWAI'),('6205010','6205','MONTALLAT'),('6205020','6205','GUNUNG TIMANG'),('6205030','6205','GUNUNG PUREI'),('6205040','6205','TEWEH TIMUR'),('6205050','6205','TEWEH TENGAH'),('6205051','6205','TEWEH  BARU'),('6205052','6205','TEWEH SELATAN'),('6205060','6205','LAHEI'),('6205061','6205','LAHEI BARAT'),('6206010','6206','JELAI'),('6206011','6206','PANTAI LUNCI'),('6206020','6206','SUKAMARA'),('6206030','6206','BALAI RIAM'),('6206031','6206','PERMATA KECUBUNG'),('6207010','6207','BULIK'),('6207011','6207','SEMATU JAYA'),('6207012','6207','MENTHOBI RAYA'),('6207013','6207','BULIK TIMUR'),('6207020','6207','LAMANDAU'),('6207021','6207','BELANTIKAN RAYA'),('6207030','6207','DELANG'),('6207031','6207','BATANGKAWA'),('6208010','6208','SERUYAN HILIR'),('6208011','6208','SERUYAN HILIR TIMUR'),('6208020','6208','DANAU SEMBULUH'),('6208021','6208','SERUYAN RAYA'),('6208030','6208','HANAU'),('6208031','6208','DANAU SELULUK'),('6208040','6208','SERUYAN TENGAH'),('6208041','6208','BATU AMPAR'),('6208050','6208','SERUYAN HULU'),('6208051','6208','SULING TAMBUN'),('6209010','6209','KATINGAN KUALA'),('6209020','6209','MENDAWAI'),('6209030','6209','KAMIPANG'),('6209040','6209','TASIK PAYAWAN'),('6209050','6209','KATINGAN HILIR'),('6209060','6209','TEWANG SANGALANG GARING'),('6209070','6209','PULAU MALAN'),('6209080','6209','KATINGAN TENGAH'),('6209090','6209','SANAMAN MANTIKEI'),('6209091','6209','PETAK MALAI'),('6209100','6209','MARIKIT'),('6209110','6209','KATINGAN HULU'),('6209111','6209','BUKIT RAYA'),('6210010','6210','KAHAYAN KUALA'),('6210011','6210','SEBANGAU KUALA'),('6210020','6210','PANDIH BATU'),('6210030','6210','MALIKU'),('6210040','6210','KAHAYAN HILIR'),('6210041','6210','JABIREN RAYA'),('6210050','6210','KAHAYAN TENGAH'),('6210060','6210','BANAMA TINGANG'),('6211010','6211','MANUHING'),('6211011','6211','MANUHING RAYA'),('6211020','6211','RUNGAN'),('6211021','6211','RUNGAN HULU'),('6211022','6211','RUNGAN BARAT'),('6211030','6211','SEPANG'),('6211031','6211','MIHING RAYA'),('6211040','6211','KURUN'),('6211050','6211','TEWAH'),('6211060','6211','KAHAYAN HULU UTARA'),('6211061','6211','DAMANG BATU'),('6211062','6211','MIRI MANASA'),('6212010','6212','BENUA LIMA'),('6212020','6212','DUSUN TIMUR'),('6212021','6212','PAJU EPAT'),('6212030','6212','AWANG'),('6212040','6212','PATANGKEP TUTUI'),('6212050','6212','DUSUN TENGAH'),('6212051','6212','RAREN BATUAH'),('6212052','6212','PAKU'),('6212053','6212','KARUSEN JANANG'),('6212060','6212','PEMATANG KARAU'),('6213010','6213','PERMATA INTAN'),('6213011','6213','SUNGAI BABUAT'),('6213020','6213','MURUNG'),('6213030','6213','LAUNG TUHUP'),('6213031','6213','BARITO TUHUP RAYA'),('6213040','6213','TANAH SIANG'),('6213041','6213','TANAH SIANG SELATAN'),('6213050','6213','SUMBER BARITO'),('6213051','6213','SERIBU RIAM'),('6213052','6213','UUT MURUNG'),('6271010','6271','PAHANDUT'),('6271011','6271','SABANGAU'),('6271012','6271','JEKAN RAYA'),('6271020','6271','BUKIT BATU'),('6271021','6271','RAKUMPIT'),('6301010','6301','PANYIPATAN'),('6301020','6301','TAKISUNG'),('6301030','6301','KURAU'),('6301031','6301','BUMI MAKMUR'),('6301040','6301','BATI - BATI'),('6301050','6301','TAMBANG ULANG'),('6301060','6301','PELAIHARI'),('6301061','6301','BAJUIN'),('6301070','6301','BATU AMPAR'),('6301080','6301','JORONG'),('6301090','6301','KINTAP'),('6302010','6302','PULAU SEMBILAN'),('6302020','6302','PULAU LAUT BARAT'),('6302021','6302','PULAU LAUT TANJUNG SELAYAR'),('6302030','6302','PULAU LAUT SELATAN'),('6302031','6302','PULAU LAUT KEPULAUAN'),('6302040','6302','PULAU LAUT TIMUR'),('6302050','6302','PULAU SEBUKU'),('6302060','6302','PULAU LAUT UTARA'),('6302061','6302','PULAU LAUT TENGAH'),('6302120','6302','KELUMPANG SELATAN'),('6302121','6302','KELUMPANG HILIR'),('6302130','6302','KELUMPANG HULU'),('6302140','6302','HAMPANG'),('6302150','6302','SUNGAI DURIAN'),('6302160','6302','KELUMPANG TENGAH'),('6302161','6302','KELUMPANG BARAT'),('6302170','6302','KELUMPANG UTARA'),('6302180','6302','PAMUKAN SELATAN'),('6302190','6302','SAMPANAHAN'),('6302200','6302','PAMUKAN UTARA'),('6302201','6302','PAMUKAN BARAT'),('6303010','6303','ALUH - ALUH'),('6303011','6303','BERUNTUNG BARU'),('6303020','6303','GAMBUT'),('6303030','6303','KERTAK HANYAR'),('6303031','6303','TATAH MAKMUR'),('6303040','6303','SUNGAI TABUK'),('6303050','6303','MARTAPURA'),('6303051','6303','MARTAPURA TIMUR'),('6303052','6303','MARTAPURA BARAT'),('6303060','6303','ASTAMBUL'),('6303070','6303','KARANG INTAN'),('6303080','6303','ARANIO'),('6303090','6303','SUNGAI PINANG'),('6303091','6303','PARAMASAN'),('6303100','6303','PENGARON'),('6303101','6303','SAMBUNG MAKMUR'),('6303110','6303','MATARAMAN'),('6303120','6303','SIMPANG EMPAT'),('6303121','6303','TELAGA BAUNTUNG'),('6304010','6304','TABUNGANEN'),('6304020','6304','TAMBAN'),('6304030','6304','MEKAR SARI'),('6304040','6304','ANJIR PASAR'),('6304050','6304','ANJIR MUARA'),('6304060','6304','ALALAK'),('6304070','6304','MANDASTANA'),('6304071','6304','JEJANGKIT'),('6304080','6304','BELAWANG'),('6304090','6304','WANARAYA'),('6304100','6304','BARAMBAI'),('6304110','6304','RANTAU BADAUH'),('6304120','6304','CERBON'),('6304130','6304','BAKUMPAI'),('6304140','6304','MARABAHAN'),('6304150','6304','TABUKAN'),('6304160','6304','KURIPAN'),('6305010','6305','BINUANG'),('6305011','6305','HATUNGUN'),('6305020','6305','TAPIN SELATAN'),('6305021','6305','SALAM BABARIS'),('6305030','6305','TAPIN TENGAH'),('6305040','6305','BUNGUR'),('6305050','6305','PIANI'),('6305060','6305','LOKPAIKAT'),('6305070','6305','TAPIN UTARA'),('6305080','6305','BAKARANGAN'),('6305090','6305','CANDI LARAS SELATAN'),('6305100','6305','CANDI LARAS UTARA'),('6306010','6306','PADANG BATUNG'),('6306020','6306','LOKSADO'),('6306030','6306','TELAGA LANGSAT'),('6306040','6306','ANGKINANG'),('6306050','6306','KANDANGAN'),('6306060','6306','SUNGAI RAYA'),('6306070','6306','SIMPUR'),('6306080','6306','KALUMPANG'),('6306090','6306','DAHA SELATAN'),('6306091','6306','DAHA BARAT'),('6306100','6306','DAHA UTARA'),('6307010','6307','HARUYAN'),('6307020','6307','BATU BENAWA'),('6307030','6307','HANTAKAN'),('6307040','6307','BATANG ALAI SELATAN'),('6307041','6307','BATANG ALAI TIMUR'),('6307050','6307','BARABAI'),('6307060','6307','LABUAN AMAS SELATAN'),('6307070','6307','LABUAN AMAS UTARA'),('6307080','6307','PANDAWAN'),('6307090','6307','BATANG ALAI UTARA'),('6307091','6307','LIMPASU'),('6308010','6308','DANAU PANGGANG'),('6308011','6308','PAMINGGIR'),('6308020','6308','BABIRIK'),('6308030','6308','SUNGAI PANDAN'),('6308031','6308','SUNGAI TABUKAN'),('6308040','6308','AMUNTAI SELATAN'),('6308050','6308','AMUNTAI TENGAH'),('6308060','6308','BANJANG'),('6308070','6308','AMUNTAI UTARA'),('6308071','6308','HAUR GADING'),('6309010','6309','BANUA LAWAS'),('6309020','6309','PUGAAN'),('6309030','6309','KELUA'),('6309040','6309','MUARA HARUS'),('6309050','6309','TANTA'),('6309060','6309','TANJUNG'),('6309070','6309','MURUNG PUDAK'),('6309080','6309','HARUAI'),('6309081','6309','BINTANG ARA'),('6309090','6309','UPAU'),('6309100','6309','MUARA UYA'),('6309110','6309','JARO'),('6310010','6310','KUSAN HILIR'),('6310020','6310','SUNGAI LOBAN'),('6310030','6310','SATUI'),('6310031','6310','ANGSANA'),('6310040','6310','KUSAN HULU'),('6310041','6310','KURANJI'),('6310050','6310','BATU LICIN'),('6310051','6310','KARANG BINTANG'),('6310052','6310','SIMPANG EMPAT'),('6310053','6310','MANTEWE'),('6311010','6311','LAMPIHONG'),('6311020','6311','BATU MANDI'),('6311030','6311','AWAYAN'),('6311031','6311','TEBING TINGGI'),('6311040','6311','PARINGIN'),('6311041','6311','PARINGIN SELATAN'),('6311050','6311','JUAI'),('6311060','6311','HALONG'),('6371010','6371','BANJARMASIN SELATAN'),('6371020','6371','BANJARMASIN TIMUR'),('6371030','6371','BANJARMASIN BARAT'),('6371031','6371','BANJARMASIN TENGAH'),('6371040','6371','BANJARMASIN UTARA'),('6372010','6372','LANDASAN ULIN'),('6372011','6372','LIANG ANGGANG'),('6372020','6372','CEMPAKA'),('6372031','6372','BANJAR BARU UTARA'),('6372032','6372','BANJAR BARU SELATAN'),('6401010','6401','BATU SOPANG'),('6401011','6401','MUARA SAMU'),('6401021','6401','BATU ENGAU'),('6401022','6401','TANJUNG HARAPAN'),('6401030','6401','PASIR BELENGKONG'),('6401040','6401','TANAH GROGOT'),('6401050','6401','KUARO'),('6401060','6401','LONG IKIS'),('6401070','6401','MUARA KOMAM'),('6401080','6401','LONG KALI'),('6402010','6402','BONGAN'),('6402020','6402','JEMPANG'),('6402030','6402','PENYINGGAHAN'),('6402040','6402','MUARA PAHU'),('6402041','6402','SILUQ NGURAI'),('6402050','6402','MUARA LAWA'),('6402051','6402','BENTIAN BESAR'),('6402060','6402','DAMAI'),('6402061','6402','NYUATAN'),('6402070','6402','BARONG TONGKOK'),('6402071','6402','LINGGANG BIGUNG'),('6402080','6402','MELAK'),('6402081','6402','SEKOLAQ DARAT'),('6402082','6402','MANOR BULATN'),('6402090','6402','LONG IRAM'),('6402091','6402','TERING'),('6403010','6403','SEMBOJA'),('6403020','6403','MUARA JAWA'),('6403030','6403','SANGA-SANGA'),('6403040','6403','LOA JANAN'),('6403050','6403','LOA KULU'),('6403060','6403','MUARA MUNTAI'),('6403070','6403','MUARA WIS'),('6403080','6403','KOTABANGUN'),('6403090','6403','TENGGARONG'),('6403100','6403','SEBULU'),('6403110','6403','TENGGARONG SEBERANG'),('6403120','6403','ANGGANA'),('6403130','6403','MUARA BADAK'),('6403140','6403','MARANG KAYU'),('6403150','6403','MUARA KAMAN'),('6403160','6403','KENOHAN'),('6403170','6403','KEMBANG JANGGUT'),('6403180','6403','TABANG'),('6404010','6404','MUARA ANCALONG'),('6404011','6404','BUSANG'),('6404012','6404','LONG MESANGAT'),('6404020','6404','MUARA WAHAU'),('6404021','6404','TELEN'),('6404022','6404','KONGBENG'),('6404030','6404','MUARA BENGKAL'),('6404031','6404','BATU AMPAR'),('6404040','6404','SANGATTA UTARA'),('6404041','6404','BENGALON'),('6404042','6404','TELUK PANDAN'),('6404043','6404','SANGATTA SELATAN'),('6404044','6404','RANTAU PULUNG'),('6404050','6404','SANGKULIRANG'),('6404051','6404','KALIORANG'),('6404052','6404','SANDARAN'),('6404053','6404','KAUBUN'),('6404054','6404','KARANGAN'),('6405010','6405','KELAY'),('6405020','6405','TALISAYAN'),('6405021','6405','TABALAR'),('6405030','6405','BIDUK BIDUK'),('6405040','6405','PULAU DERAWAN'),('6405041','6405','MARATUA'),('6405050','6405','SAMBALIUNG'),('6405060','6405','TANJUNG REDEB'),('6405070','6405','GUNUNG TABUR'),('6405080','6405','SEGAH'),('6405090','6405','TELUK BAYUR'),('6405100','6405','BATU PUTIH'),('6405110','6405','BIATAN'),('6409010','6409','BABULU'),('6409020','6409','WARU'),('6409030','6409','PENAJAM'),('6409040','6409','SEPAKU'),('6411010','6411','LAHAM'),('6411020','6411','LONG HUBUNG'),('6411030','6411','LONG BAGUN'),('6411040','6411','LONG PAHANGAI'),('6411050','6411','LONG APARI'),('6471010','6471','BALIKPAPAN SELATAN'),('6471011','6471','BALIKPAPAN KOTA'),('6471020','6471','BALIKPAPAN TIMUR'),('6471030','6471','BALIKPAPAN UTARA'),('6471040','6471','BALIKPAPAN TENGAH'),('6471050','6471','BALIKPAPAN BARAT'),('6472010','6472','PALARAN'),('6472020','6472','SAMARINDA ILIR'),('6472021','6472','SAMARINDA KOTA'),('6472022','6472','SAMBUTAN'),('6472030','6472','SAMARINDA SEBERANG'),('6472031','6472','LOA JANAN ILIR'),('6472040','6472','SUNGAI KUNJANG'),('6472050','6472','SAMARINDA ULU'),('6472060','6472','SAMARINDA UTARA'),('6472061','6472','SUNGAI PINANG'),('6474010','6474','BONTANG SELATAN'),('6474020','6474','BONTANG UTARA'),('6474030','6474','BONTANG BARAT'),('6501010','6501','SUNGAI BOH'),('6501020','6501','KAYAN SELATAN'),('6501030','6501','KAYAN HULU'),('6501040','6501','KAYAN HILIR'),('6501050','6501','PUJUNGAN'),('6501060','6501','BAHAU HULU'),('6501070','6501','SUNGAI TUBU'),('6501080','6501','MALINAU SELATAN HULU'),('6501090','6501','MALINAU SELATAN'),('6501100','6501','MALINAU SELATAN HILIR'),('6501110','6501','MENTARANG'),('6501120','6501','MENTARANG HULU'),('6501130','6501','MALINAU UTARA'),('6501140','6501','MALINAU BARAT'),('6501150','6501','MALINAU KOTA'),('6502010','6502','PESO'),('6502020','6502','PESO HILIR'),('6502030','6502','TANJUNG PALAS BARAT'),('6502040','6502','TANJUNG PALAS'),('6502050','6502','TANJUNG SELOR'),('6502060','6502','TANJUNG PALAS TIMUR'),('6502070','6502','TANJUNG PALAS TENGAH'),('6502080','6502','TANJUNG PALAS UTARA'),('6502090','6502','SEKATAK'),('6502100','6502','BUNYU'),('6503010','6503','MURUK RIAN'),('6503020','6503','SESAYAP'),('6503030','6503','BETAYAU'),('6503040','6503','SESAYAP HILIR'),('6503050','6503','TANA LIA'),('6504010','6504','KRAYAN SELATAN'),('6504020','6504','KRAYAN'),('6504030','6504','LUMBIS OGONG'),('6504040','6504','LUMBIS'),('6504050','6504','SEMBAKUNG ATULAI'),('6504060','6504','SEMBAKUNG'),('6504070','6504','SEBUKU'),('6504080','6504','TULIN ONSOI'),('6504090','6504','SEI MENGGARIS'),('6504100','6504','NUNUKAN'),('6504110','6504','NUNUKAN SELATAN'),('6504120','6504','SEBATIK BARAT'),('6504130','6504','SEBATIK'),('6504140','6504','SEBATIK TIMUR'),('6504150','6504','SEBATIK TENGAH'),('6504160','6504','SEBATIK UTARA'),('6571010','6571','TARAKAN TIMUR'),('6571020','6571','TARAKAN TENGAH'),('6571030','6571','TARAKAN BARAT'),('6571040','6571','TARAKAN UTARA'),('7101021','7101','DUMOGA BARAT'),('7101022','7101','DUMOGA UTARA'),('7101023','7101','DUMOGA TIMUR'),('7101024','7101','DUMOGA TENGAH'),('7101025','7101','DUMOGA TENGGARA'),('7101026','7101','DUMOGA'),('7101060','7101','LOLAYAN'),('7101081','7101','PASSI BARAT'),('7101082','7101','PASSI TIMUR'),('7101083','7101','BILALANG'),('7101090','7101','POIGAR'),('7101100','7101','BOLAANG'),('7101101','7101','BOLAANG TIMUR'),('7101110','7101','LOLAK'),('7101120','7101','SANGTOMBOLANG'),('7102091','7102','LANGOWAN TIMUR'),('7102092','7102','LANGOWAN BARAT'),('7102093','7102','LANGOWAN SELATAN'),('7102094','7102','LANGOWAN UTARA'),('7102110','7102','TOMPASO'),('7102111','7102','TOMPASO BARAT'),('7102120','7102','KAWANGKOAN'),('7102121','7102','KAWANGKOAN BARAT'),('7102122','7102','KAWANGKOAN UTARA'),('7102130','7102','SONDER'),('7102160','7102','TOMBARIRI'),('7102161','7102','TOMBARIRI TIMUR'),('7102170','7102','PINELENG'),('7102171','7102','TOMBULU'),('7102172','7102','MANDOLANG'),('7102190','7102','TONDANO BARAT'),('7102191','7102','TONDANO SELATAN'),('7102200','7102','REMBOKEN'),('7102210','7102','KAKAS'),('7102211','7102','KAKAS BARAT'),('7102220','7102','LEMBEAN TIMUR'),('7102230','7102','ERIS'),('7102240','7102','KOMBI'),('7102250','7102','TONDANO TIMUR'),('7102251','7102','TONDANO UTARA'),('7103040','7103','MANGANITU SELATAN'),('7103041','7103','TATOARENG'),('7103050','7103','TAMAKO'),('7103060','7103','TABUKAN SELATAN'),('7103061','7103','TABUKAN SELATAN TENGAH'),('7103062','7103','TABUKAN SELATAN TENGGARA'),('7103070','7103','TABUKAN TENGAH'),('7103080','7103','MANGANITU'),('7103090','7103','TAHUNA'),('7103091','7103','TAHUNA TIMUR'),('7103092','7103','TAHUNA BARAT'),('7103100','7103','TABUKAN UTARA'),('7103101','7103','NUSA TABUKAN'),('7103102','7103','KEPULAUAN MARORE'),('7103110','7103','KENDAHE'),('7104010','7104','KABARUAN'),('7104011','7104','DAMAU'),('7104020','7104','LIRUNG'),('7104021','7104','SALIBABU'),('7104022','7104','KALONGAN'),('7104023','7104','MORONGE'),('7104030','7104','MELONGUANE'),('7104031','7104','MELONGUANE TIMUR'),('7104040','7104','BEO'),('7104041','7104','BEO UTARA'),('7104042','7104','BEO SELATAN'),('7104050','7104','RAINIS'),('7104051','7104','TAMPA NA\'MMA'),('7104052','7104','PULUTAN'),('7104060','7104','ESSANG'),('7104061','7104','ESSANG SELATAN'),('7104070','7104','GEMEH'),('7104080','7104','NANUSA'),('7104081','7104','MIANGAS'),('7105010','7105','MODOINDING'),('7105020','7105','TOMPASO BARU'),('7105021','7105','MAESAAN'),('7105070','7105','RANOYAPO'),('7105080','7105','MOTOLING'),('7105081','7105','KUMELEMBUAI'),('7105082','7105','MOTOLING BARAT'),('7105083','7105','MOTOLING TIMUR'),('7105090','7105','SINONSAYANG'),('7105100','7105','TENGA'),('7105111','7105','AMURANG'),('7105112','7105','AMURANG BARAT'),('7105113','7105','AMURANG TIMUR'),('7105120','7105','TARERAN'),('7105121','7105','SULTA'),('7105130','7105','TUMPAAN'),('7105131','7105','TATAPAAN'),('7106010','7106','KEMA'),('7106020','7106','KAUDITAN'),('7106030','7106','AIRMADIDI'),('7106040','7106','KALAWAT'),('7106050','7106','DIMEMBE'),('7106051','7106','TALAWAAN'),('7106060','7106','WORI'),('7106070','7106','LIKUPANG BARAT'),('7106080','7106','LIKUPANG TIMUR'),('7106081','7106','LIKUPANG SELATAN'),('7107010','7107','SANGKUB'),('7107020','7107','BINTAUNA'),('7107030','7107','BOLANG ITANG TIMUR'),('7107040','7107','BOLANG ITANG BARAT'),('7107050','7107','KAIDIPANG'),('7107060','7107','PINOGALUMAN'),('7108010','7108','BIARO'),('7108020','7108','TAGULANDANG SELATAN'),('7108030','7108','TAGULANDANG'),('7108040','7108','TAGULANDANG UTARA'),('7108050','7108','SIAU BARAT SELATAN'),('7108060','7108','SIAU TIMUR SELATAN'),('7108070','7108','SIAU BARAT'),('7108080','7108','SIAU TENGAH'),('7108090','7108','SIAU TIMUR'),('7108100','7108','SIAU BARAT UTARA'),('7109010','7109','RATATOTOK'),('7109020','7109','PUSOMAEN'),('7109030','7109','BELANG'),('7109040','7109','RATAHAN'),('7109041','7109','PASAN'),('7109042','7109','RATAHAN TIMUR'),('7109050','7109','TOMBATU'),('7109051','7109','TOMBATU TIMUR'),('7109052','7109','TOMBATU UTARA'),('7109060','7109','TOULUAAN'),('7109061','7109','TOULUAAN SELATAN'),('7109062','7109','SILIAN RAYA'),('7110010','7110','POSIGADAN'),('7110020','7110','BOLANG UKI'),('7110021','7110','HELUMO'),('7110030','7110','PINOLOSIAN'),('7110040','7110','PINOLOSIAN TENGAH'),('7110050','7110','PINOLOSIAN TIMUR'),('7111010','7111','NUANGAN'),('7111011','7111','MOTONGKAD'),('7111020','7111','TUTUYAN'),('7111030','7111','KOTABUNAN'),('7111040','7111','MODAYAG'),('7111041','7111','MOOAT'),('7111050','7111','MODAYAG BARAT'),('7171010','7171','MALALAYANG'),('7171020','7171','SARIO'),('7171021','7171','WANEA'),('7171030','7171','WENANG'),('7171031','7171','TIKALA'),('7171032','7171','PAAL DUA'),('7171040','7171','MAPANGET'),('7171051','7171','SINGKIL'),('7171052','7171','TUMINTING'),('7171053','7171','BUNAKEN'),('7171054','7171','BUNAKEN KEPULAUAN'),('7172010','7172','MADIDIR'),('7172011','7172','MATUARI'),('7172012','7172','GIRIAN'),('7172021','7172','LEMBEH SELATAN'),('7172022','7172','LEMBEH UTARA'),('7172030','7172','AERTEMBAGA'),('7172031','7172','MAESA'),('7172040','7172','RANOWULU'),('7173010','7173','TOMOHON SELATAN'),('7173020','7173','TOMOHON TENGAH'),('7173021','7173','TOMOHON TIMUR'),('7173022','7173','TOMOHON BARAT'),('7173030','7173','TOMOHON UTARA'),('7174010','7174','KOTAMOBAGU SELATAN'),('7174020','7174','KOTAMOBAGU TIMUR'),('7174030','7174','KOTAMOBAGU BARAT'),('7174040','7174','KOTAMOBAGU UTARA'),('7201030','7201','TOTIKUM'),('7201031','7201','TOTIKUM SELATAN'),('7201040','7201','TINANGKUNG'),('7201041','7201','TINANGKUNG SELATAN'),('7201042','7201','TINANGKUNG UTARA'),('7201050','7201','LIANG'),('7201051','7201','PELING TENGAH'),('7201060','7201','BULAGI'),('7201061','7201','BULAGI SELATAN'),('7201062','7201','BULAGI UTARA'),('7201070','7201','BUKO'),('7201071','7201','BUKO SELATAN'),('7202010','7202','TOILI'),('7202011','7202','TOILI BARAT'),('7202012','7202','MOILONG'),('7202020','7202','BATUI'),('7202021','7202','BATUI SELATAN'),('7202030','7202','BUNTA'),('7202031','7202','NUHON'),('7202032','7202','SIMPANG RAYA'),('7202040','7202','KINTOM'),('7202050','7202','LUWUK'),('7202051','7202','LUWUK TIMUR'),('7202052','7202','LUWUK UTARA'),('7202053','7202','LUWUK SELATAN'),('7202054','7202','NAMBO'),('7202060','7202','PAGIMANA'),('7202061','7202','BUALEMO'),('7202062','7202','LOBU'),('7202070','7202','LAMALA'),('7202071','7202','MASAMA'),('7202072','7202','MANTOH'),('7202080','7202','BALANTAK'),('7202081','7202','BALANTAK SELATAN'),('7202082','7202','BALANTAK UTARA'),('7203010','7203','MENUI KEPULAUAN'),('7203020','7203','BUNGKU SELATAN'),('7203021','7203','BAHODOPI'),('7203022','7203','BUNGKU PESISIR'),('7203030','7203','BUNGKU TENGAH'),('7203031','7203','BUNGKU TIMUR'),('7203040','7203','BUNGKU BARAT'),('7203041','7203','BUMI RAYA'),('7203042','7203','WITA PONDA'),('7204010','7204','PAMONA SELATAN'),('7204011','7204','PAMONA BARAT'),('7204012','7204','PAMONA TENGGARA'),('7204020','7204','LORE SELATAN'),('7204021','7204','LORE BARAT'),('7204030','7204','PAMONA PUSALEMBA'),('7204031','7204','PAMONA TIMUR'),('7204032','7204','PAMONA UTARA'),('7204040','7204','LORE UTARA'),('7204041','7204','LORE TENGAH'),('7204042','7204','LORE TIMUR'),('7204043','7204','LORE PEORE'),('7204050','7204','POSO PESISIR'),('7204051','7204','POSO PESISIR SELATAN'),('7204052','7204','POSO PESISIR UTARA'),('7204060','7204','LAGE'),('7204070','7204','POSO KOTA'),('7204071','7204','POSO KOTA UTARA'),('7204072','7204','POSO KOTA SELATAN'),('7205041','7205','RIO PAKAVA'),('7205051','7205','PINEMBANI'),('7205080','7205','BANAWA'),('7205081','7205','BANAWA SELATAN'),('7205082','7205','BANAWA TENGAH'),('7205090','7205','LABUAN'),('7205091','7205','TANANTOVEA'),('7205100','7205','SINDUE'),('7205101','7205','SINDUE TOMBUSABORA'),('7205102','7205','SINDUE TOBATA'),('7205120','7205','SIRENJA'),('7205130','7205','BALAESANG'),('7205131','7205','BALAESANG TANJUNG'),('7205140','7205','DAMPELAS'),('7205160','7205','SOJOL'),('7205161','7205','SOJOL UTARA'),('7206010','7206','DAMPAL SELATAN'),('7206020','7206','DAMPAL UTARA'),('7206030','7206','DONDO'),('7206031','7206','OGODEIDE'),('7206032','7206','BASIDONDO'),('7206040','7206','BAOLAN'),('7206041','7206','LAMPASIO'),('7206050','7206','GALANG'),('7206060','7206','TOLITOLI UTARA'),('7206061','7206','DAKO PAMEAN'),('7207010','7207','LAKEA'),('7207011','7207','BIAU'),('7207012','7207','KARAMAT'),('7207020','7207','MOMUNU'),('7207021','7207','TILOAN'),('7207030','7207','BOKAT'),('7207031','7207','BUKAL'),('7207040','7207','BUNOBOGU'),('7207041','7207','GADUNG'),('7207050','7207','PALELEH'),('7207051','7207','PALELEH BARAT'),('7208010','7208','SAUSU'),('7208011','7208','TORUE'),('7208012','7208','BALINGGI'),('7208020','7208','PARIGI'),('7208021','7208','PARIGI SELATAN'),('7208022','7208','PARIGI BARAT'),('7208023','7208','PARIGI UTARA'),('7208024','7208','PARIGI TENGAH'),('7208030','7208','AMPIBABO'),('7208031','7208','KASIMBAR'),('7208032','7208','TORIBULU'),('7208033','7208','SINIU'),('7208040','7208','TINOMBO'),('7208041','7208','TINOMBO SELATAN'),('7208042','7208','SIDOAN'),('7208050','7208','TOMINI'),('7208051','7208','MEPANGA'),('7208052','7208','PALASA'),('7208060','7208','MOUTONG'),('7208061','7208','BOLANO LAMBUNU'),('7208062','7208','TAOPA'),('7208063','7208','BOLANO'),('7208064','7208','ONGKA MALINO'),('7209010','7209','TOJO BARAT'),('7209020','7209','TOJO'),('7209030','7209','ULUBONGKA'),('7209040','7209','AMPANA TETE'),('7209050','7209','AMPANA KOTA'),('7209051','7209','RATOLINDO'),('7209060','7209','UNA - UNA'),('7209061','7209','BATUDAKA'),('7209070','7209','TOGEAN'),('7209080','7209','WALEA KEPULAUAN'),('7209081','7209','WALEA BESAR'),('7209082','7209','TALATAKO'),('7210010','7210','PIPIKORO'),('7210020','7210','KULAWI SELATAN'),('7210030','7210','KULAWI'),('7210040','7210','LINDU'),('7210050','7210','NOKILALAKI'),('7210060','7210','PALOLO'),('7210070','7210','GUMBASA'),('7210080','7210','DOLO SELATAN'),('7210090','7210','DOLO BARAT'),('7210100','7210','TANAMBULAVA'),('7210110','7210','DOLO'),('7210120','7210','SIGI BIROMARU'),('7210130','7210','MARAWOLA'),('7210140','7210','MARAWOLA BARAT'),('7210150','7210','KINOVARO'),('7211010','7211','BANGKURUNG'),('7211020','7211','LABOBO'),('7211030','7211','BANGGAI UTARA'),('7211040','7211','BANGGAI'),('7211050','7211','BANGGAI TENGAH'),('7211060','7211','BANGGAI SELATAN'),('7211070','7211','BOKAN KEPULAUAN'),('7212010','7212','MORI ATAS'),('7212020','7212','LEMBO'),('7212030','7212','LEMBO RAYA'),('7212040','7212','PETASIA TIMUR'),('7212050','7212','PETASIA'),('7212060','7212','PETASIA BARAT'),('7212070','7212','MORI UTARA'),('7212080','7212','SOYO JAYA'),('7212090','7212','BUNGKU UTARA'),('7212100','7212','MAMOSALATO'),('7271010','7271','PALU BARAT'),('7271011','7271','TATANGA'),('7271012','7271','ULUJADI'),('7271020','7271','PALU SELATAN'),('7271030','7271','PALU TIMUR'),('7271031','7271','MANTIKULORE'),('7271040','7271','PALU UTARA'),('7271041','7271','TAWAELI'),('7301010','7301','PASIMARANNU'),('7301011','7301','PASILAMBENA'),('7301020','7301','PASIMASSUNGGU'),('7301021','7301','TAKABONERATE'),('7301022','7301','PASIMASSUNGGU TIMUR'),('7301030','7301','BONTOSIKUYU'),('7301040','7301','BONTOHARU'),('7301041','7301','BENTENG'),('7301042','7301','BONTOMANAI'),('7301050','7301','BONTOMATENE'),('7301051','7301','BUKI'),('7302010','7302','GANTARANG'),('7302020','7302','UJUNG BULU'),('7302021','7302','UJUNG LOE'),('7302030','7302','BONTO BAHARI'),('7302040','7302','BONTOTIRO'),('7302050','7302','HERO LANGE-LANGE'),('7302060','7302','KAJANG'),('7302070','7302','BULUKUMPA'),('7302080','7302','RILAU ALE'),('7302090','7302','KINDANG'),('7303010','7303','BISSAPPU'),('7303011','7303','ULUERE'),('7303012','7303','SINOA'),('7303020','7303','BANTAENG'),('7303021','7303','EREMERASA'),('7303030','7303','TOMPOBULU'),('7303031','7303','PA\'JUKUKANG'),('7303032','7303','GANTARANGKEKE'),('7304010','7304','BANGKALA'),('7304011','7304','BANGKALA BARAT'),('7304020','7304','TAMALATEA'),('7304021','7304','BONTORAMBA'),('7304030','7304','BINAMU'),('7304031','7304','TURATEA'),('7304040','7304','BATANG'),('7304041','7304','ARUNGKEKE'),('7304042','7304','TAROWANG'),('7304050','7304','KELARA'),('7304051','7304','RUMBIA'),('7305010','7305','MANGARA BOMBANG'),('7305020','7305','MAPPAKASUNGGU'),('7305021','7305','SANROBONE'),('7305030','7305','POLOMBANGKENG SELATAN'),('7305031','7305','PATTALLASSANG'),('7305040','7305','POLOMBANGKENG UTARA'),('7305050','7305','GALESONG SELATAN'),('7305051','7305','GALESONG'),('7305060','7305','GALESONG UTARA'),('7306010','7306','BONTONOMPO'),('7306011','7306','BONTONOMPO SELATAN'),('7306020','7306','BAJENG'),('7306021','7306','BAJENG BARAT'),('7306030','7306','PALLANGGA'),('7306031','7306','BAROMBONG'),('7306040','7306','SOMBA OPU'),('7306050','7306','BONTOMARANNU'),('7306051','7306','PATTALLASSANG'),('7306060','7306','PARANGLOE'),('7306061','7306','MANUJU'),('7306070','7306','TINGGIMONCONG'),('7306071','7306','TOMBOLO PAO'),('7306072','7306','PARIGI'),('7306080','7306','BUNGAYA'),('7306081','7306','BONTOLEMPANGAN'),('7306090','7306','TOMPOBULU'),('7306091','7306','BIRINGBULU'),('7307010','7307','SINJAI BARAT'),('7307020','7307','SINJAI BORONG'),('7307030','7307','SINJAI SELATAN'),('7307040','7307','TELLU LIMPOE'),('7307050','7307','SINJAI TIMUR'),('7307060','7307','SINJAI TENGAH'),('7307070','7307','SINJAI UTARA'),('7307080','7307','BULUPODDO'),('7307090','7307','PULAU SEMBILAN'),('7308010','7308','MANDAI'),('7308011','7308','MONCONGLOE'),('7308020','7308','MAROS BARU'),('7308021','7308','MARUSU'),('7308022','7308','TURIKALE'),('7308023','7308','LAU'),('7308030','7308','BONTOA'),('7308040','7308','BANTIMURUNG'),('7308041','7308','SIMBANG'),('7308050','7308','TANRALILI'),('7308051','7308','TOMPU BULU'),('7308060','7308','CAMBA'),('7308061','7308','CENRANA'),('7308070','7308','MALLAWA'),('7309010','7309','LIUKANG TANGAYA'),('7309020','7309','LIUKANG KALMAS'),('7309030','7309','LIUKANG TUPABBIRING'),('7309031','7309','LIUKANG TUPABBIRING UTARA'),('7309040','7309','PANGKAJENE'),('7309041','7309','MINASATENE'),('7309050','7309','BALOCCI'),('7309051','7309','TONDONG TALLASA'),('7309060','7309','BUNGORO'),('7309070','7309','LABAKKANG'),('7309080','7309','MA\'RANG'),('7309091','7309','SEGERI'),('7309092','7309','MANDALLE'),('7310010','7310','TANETE RIAJA'),('7310011','7310','PUJANANTING'),('7310020','7310','TANETE RILAU'),('7310030','7310','BARRU'),('7310040','7310','SOPPENG RIAJA'),('7310041','7310','BALUSU'),('7310050','7310','MALLUSETASI'),('7311010','7311','BONTOCANI'),('7311020','7311','KAHU'),('7311030','7311','KAJUARA'),('7311040','7311','SALOMEKKO'),('7311050','7311','TONRA'),('7311060','7311','PATIMPENG'),('7311070','7311','LIBURENG'),('7311080','7311','MARE'),('7311090','7311','SIBULUE'),('7311100','7311','CINA'),('7311110','7311','BAREBBO'),('7311120','7311','PONRE'),('7311130','7311','LAPPARIAJA'),('7311140','7311','LAMURU'),('7311141','7311','TELLU LIMPOE'),('7311150','7311','BENGO'),('7311160','7311','ULAWENG'),('7311170','7311','PALAKKA'),('7311180','7311','AWANGPONE'),('7311190','7311','TELLU SIATTINGE'),('7311200','7311','AMALI'),('7311210','7311','AJANGALE'),('7311220','7311','DUA BOCCOE'),('7311230','7311','CENRANA'),('7311710','7311','TANETE RIATTANG BARAT'),('7311720','7311','TANETE RIATTANG'),('7311730','7311','TANETE RIATTANG TIMUR'),('7312010','7312','MARIO RIWAWO'),('7312020','7312','LALABATA'),('7312030','7312','LILI RIAJA'),('7312031','7312','GANRA'),('7312032','7312','CITTA'),('7312040','7312','LILI RILAU'),('7312050','7312','DONRI DONRI'),('7312060','7312','MARIO RIAWA'),('7313010','7313','SABBANG PARU'),('7313020','7313','TEMPE'),('7313030','7313','PAMMANA'),('7313040','7313','BOLA'),('7313050','7313','TAKKALALLA'),('7313060','7313','SAJOANGING'),('7313061','7313','PENRANG'),('7313070','7313','MAJAULENG'),('7313080','7313','TANA SITOLO'),('7313090','7313','BELAWA'),('7313100','7313','MANIANG PAJO'),('7313101','7313','GILIRENG'),('7313110','7313','KEERA'),('7313120','7313','PITUMPANUA'),('7314010','7314','PANCA LAUTANG'),('7314020','7314','TELLULIMPO E'),('7314030','7314','WATANG PULU'),('7314040','7314','BARANTI'),('7314050','7314','PANCA RIJANG'),('7314051','7314','KULO'),('7314060','7314','MARITENGNGAE'),('7314061','7314','WATANG SIDENRENG'),('7314070','7314','PITU RIAWA'),('7314080','7314','DUAPITUE'),('7314081','7314','PITU RIASE'),('7315010','7315','SUPPA'),('7315020','7315','MATTIROSOMPE'),('7315021','7315','LANRISANG'),('7315030','7315','MATTIRO BULU'),('7315040','7315','WATANG SAWITTO'),('7315041','7315','PALETEANG'),('7315042','7315','TIROANG'),('7315050','7315','PATAMPANUA'),('7315060','7315','CEMPA'),('7315070','7315','DUAMPANUA'),('7315071','7315','BATULAPPA'),('7315080','7315','LEMBANG'),('7316010','7316','MAIWA'),('7316011','7316','BUNGIN'),('7316020','7316','ENREKANG'),('7316021','7316','CENDANA'),('7316030','7316','BARAKA'),('7316031','7316','BUNTU BATU'),('7316040','7316','ANGGERAJA'),('7316041','7316','MALUA'),('7316050','7316','ALLA'),('7316051','7316','CURIO'),('7316052','7316','MASALLE'),('7316053','7316','BAROKO'),('7317010','7317','LAROMPONG'),('7317011','7317','LAROMPONG SELATAN'),('7317020','7317','SULI'),('7317021','7317','SULI BARAT'),('7317030','7317','BELOPA'),('7317031','7317','KAMANRE'),('7317032','7317','BELOPA UTARA'),('7317040','7317','BAJO'),('7317041','7317','BAJO BARAT'),('7317050','7317','BASSESANGTEMPE'),('7317051','7317','LATIMOJONG'),('7317052','7317','BASSESANGTEMPE UTARA'),('7317060','7317','BUPON'),('7317061','7317','PONRANG'),('7317062','7317','PONRANG SELATAN'),('7317070','7317','BUA'),('7317080','7317','WALENRANG'),('7317081','7317','WALENRANG TIMUR'),('7317090','7317','LAMASI'),('7317091','7317','WALENRANG UTARA'),('7317092','7317','WALENRANG BARAT'),('7317093','7317','LAMASI TIMUR'),('7318010','7318','BONGGAKARADENG'),('7318011','7318','SIMBUANG'),('7318012','7318','RANO'),('7318013','7318','MAPPAK'),('7318020','7318','MENGKENDEK'),('7318021','7318','GANDANG BATU SILANAN'),('7318030','7318','SANGALLA'),('7318031','7318','SANGALA SELATAN'),('7318032','7318','SANGALLA UTARA'),('7318040','7318','MAKALE'),('7318041','7318','MAKALE SELATAN'),('7318042','7318','MAKALE UTARA'),('7318050','7318','SALUPUTTI'),('7318051','7318','BITTUANG'),('7318052','7318','REMBON'),('7318053','7318','MASANDA'),('7318054','7318','MALIMBONG BALEPE'),('7318061','7318','RANTETAYO'),('7318067','7318','KURRA'),('7322010','7322','SABBANG'),('7322020','7322','BAEBUNTA'),('7322030','7322','MALANGKE'),('7322031','7322','MALANGKE BARAT'),('7322040','7322','SUKAMAJU'),('7322050','7322','BONE-BONE'),('7322051','7322','TANA LILI'),('7322120','7322','MASAMBA'),('7322121','7322','MAPPEDECENG'),('7322122','7322','RAMPI'),('7322130','7322','LIMBONG'),('7322131','7322','SEKO'),('7325010','7325','BURAU'),('7325020','7325','WOTU'),('7325030','7325','TOMONI'),('7325031','7325','TOMONI TIMUR'),('7325040','7325','ANGKONA'),('7325050','7325','MALILI'),('7325060','7325','TOWUTI'),('7325070','7325','NUHA'),('7325071','7325','WASUPONDA'),('7325080','7325','MANGKUTANA'),('7325081','7325','KALAENA'),('7326010','7326','SOPAI'),('7326020','7326','KESU'),('7326030','7326','SANGGALANGI'),('7326040','7326','BUNTAO'),('7326050','7326','RANTEBUA'),('7326060','7326','NANGGALA'),('7326070','7326','TONDON'),('7326080','7326','TALLUNGLIPU'),('7326090','7326','RANTEPAO'),('7326100','7326','TIKALA'),('7326110','7326','SESEAN'),('7326120','7326','BALUSU'),('7326130','7326','SA\'DAN'),('7326140','7326','BENGKELEKILA'),('7326150','7326','SESEAN SULOARA'),('7326160','7326','KAPALA PITU'),('7326170','7326','DENDE PIONGAN NAPO'),('7326180','7326','AWAN RANTE KARUA'),('7326190','7326','RINDINGALO'),('7326200','7326','BUNTU PEPASAN'),('7326210','7326','BARUPPU'),('7371010','7371','MARISO'),('7371020','7371','MAMAJANG'),('7371030','7371','TAMALATE'),('7371031','7371','RAPPOCINI'),('7371040','7371','MAKASSAR'),('7371050','7371','UJUNG PANDANG'),('7371060','7371','WAJO'),('7371070','7371','BONTOALA'),('7371080','7371','UJUNG TANAH'),('7371090','7371','TALLO'),('7371100','7371','PANAKKUKANG'),('7371101','7371','MANGGALA'),('7371110','7371','BIRING KANAYA'),('7371111','7371','TAMALANREA'),('7372010','7372','BACUKIKI'),('7372011','7372','BACUKIKI BARAT'),('7372020','7372','UJUNG'),('7372030','7372','SOREANG'),('7373010','7373','WARA SELATAN'),('7373011','7373','SENDANA'),('7373020','7373','WARA'),('7373021','7373','WARA TIMUR'),('7373022','7373','MUNGKAJANG'),('7373030','7373','WARA UTARA'),('7373031','7373','BARA'),('7373040','7373','TELLUWANUA'),('7373041','7373','WARA BARAT'),('7401050','7401','LASALIMU'),('7401051','7401','LASALIMU SELATAN'),('7401052','7401','SIONTAPINA'),('7401060','7401','PASAR WAJO'),('7401061','7401','WOLOWA'),('7401062','7401','WABULA'),('7401110','7401','KAPONTORI'),('7402010','7402','TONGKUNO'),('7402011','7402','TONGKUNO SELATAN'),('7402020','7402','PARIGI'),('7402021','7402','BONE'),('7402022','7402','MAROBO'),('7402030','7402','KABAWO'),('7402031','7402','KABANGKA'),('7402032','7402','KONTUKOWUNA'),('7402061','7402','KONTUNAGA'),('7402062','7402','WATOPUTE'),('7402070','7402','KATOBU'),('7402071','7402','LOHIA'),('7402072','7402','DURUKA'),('7402073','7402','BATALAIWORU'),('7402080','7402','NAPABALANO'),('7402081','7402','LASALEPA'),('7402083','7402','TOWEA'),('7402090','7402','WAKORUMBA SELATAN'),('7402091','7402','PASIR PUTIH'),('7402092','7402','PASI KOLAGA'),('7402111','7402','MALIGANO'),('7402112','7402','BATUKARA'),('7403090','7403','SOROPIA'),('7403091','7403','LALONGGASUMEETO'),('7403100','7403','SAMPARA'),('7403101','7403','BONDOALA'),('7403102','7403','BESULUTU'),('7403103','7403','KAPOIALA'),('7403104','7403','ANGGALOMOARE'),('7403105','7403','MOROSI'),('7403130','7403','LAMBUYA'),('7403131','7403','UEPAI'),('7403132','7403','PURIALA'),('7403133','7403','ONEMBUTE'),('7403140','7403','PONDIDAHA'),('7403141','7403','WONGGEDUKU'),('7403142','7403','AMONGGEDO'),('7403143','7403','WONGGEDUKU BARAT'),('7403150','7403','WAWOTOBI'),('7403151','7403','MELUHU'),('7403152','7403','KONAWE'),('7403170','7403','UNAAHA'),('7403171','7403','ANGGABERI'),('7403180','7403','ABUKI'),('7403181','7403','LATOMA'),('7403182','7403','TONGAUNA'),('7403183','7403','ASINUA'),('7403184','7403','PADANGGUNI'),('7403185','7403','TONGAUNA UTARA'),('7403193','7403','ROUTA'),('7404010','7404','WATUBANGGA'),('7404011','7404','TANGGETADA'),('7404012','7404','TOARI'),('7404013','7404','POLINGGONA'),('7404020','7404','POMALAA'),('7404030','7404','WUNDULAKO'),('7404031','7404','BAULA'),('7404060','7404','KOLAKA'),('7404061','7404','LATAMBAGA'),('7404070','7404','WOLO'),('7404071','7404','SAMATURU'),('7404072','7404','IWOIMENDAA'),('7405010','7405','TINANGGEA'),('7405011','7405','LALEMBUU'),('7405020','7405','ANDOOLO'),('7405021','7405','BUKE'),('7405022','7405','ANDOOLO BARAT'),('7405030','7405','PALANGGA'),('7405031','7405','PALANGGA SELATAN'),('7405032','7405','BAITO'),('7405040','7405','LAINEA'),('7405041','7405','LAEYA'),('7405050','7405','KOLONO'),('7405051','7405','KOLONO TIMUR'),('7405060','7405','LAONTI'),('7405070','7405','MORAMO'),('7405071','7405','MORAMO UTARA'),('7405080','7405','KONDA'),('7405081','7405','WOLASI'),('7405090','7405','RANOMEETO'),('7405091','7405','RANOMEETO BARAT'),('7405100','7405','LANDONO'),('7405101','7405','MOWILA'),('7405102','7405','SABULAKOA'),('7405110','7405','ANGATA'),('7405111','7405','BENUA'),('7405112','7405','BASALA'),('7406010','7406','KABAENA'),('7406011','7406','KABAENA UTARA'),('7406012','7406','KABAENA SELATAN'),('7406013','7406','KABAENA BARAT'),('7406020','7406','KABAENA TIMUR'),('7406021','7406','KABAENA TENGAH'),('7406030','7406','RUMBIA'),('7406031','7406','MATA OLEO'),('7406032','7406','KEP. MASALOKA RAYA'),('7406033','7406','RUMBIA TENGAH'),('7406040','7406','RAROWATU'),('7406041','7406','RAROWATU UTARA'),('7406042','7406','MATA USU'),('7406043','7406','LANTARI JAYA'),('7406050','7406','POLEANG TIMUR'),('7406051','7406','POLEANG UTARA'),('7406052','7406','POLEANG SELATAN'),('7406053','7406','POLEANG TENGGARA'),('7406060','7406','POLEANG'),('7406061','7406','POLEANG BARAT'),('7406062','7406','TONTONUNU'),('7406063','7406','POLEANG TENGAH'),('7407010','7407','BINONGKO'),('7407011','7407','TOGO BINONGKO'),('7407020','7407','TOMIA'),('7407021','7407','TOMIA TIMUR'),('7407030','7407','KALEDUPA'),('7407031','7407','KALEDUPA SELATAN'),('7407040','7407','WANGI-WANGI'),('7407050','7407','WANGI-WANGI SELATAN'),('7408010','7408','RANTEANGIN'),('7408011','7408','LAMBAI'),('7408012','7408','WAWO'),('7408020','7408','LASUSUA'),('7408021','7408','KATOI'),('7408030','7408','KODEOHA'),('7408031','7408','TIWU'),('7408040','7408','NGAPA'),('7408041','7408','WATUNOHU'),('7408050','7408','PAKUE'),('7408051','7408','PAKUE UTARA'),('7408052','7408','PAKUE TENGAH'),('7408060','7408','BATU PUTIH'),('7408061','7408','POREHU'),('7408062','7408','TOLALA'),('7409100','7409','BONEGUNU'),('7409101','7409','KAMBOWA'),('7409110','7409','WAKORUMBA'),('7409120','7409','KULISUSU'),('7409121','7409','KULISUSU BARAT'),('7409122','7409','KULISUSU UTARA'),('7410010','7410','SAWA'),('7410011','7410','MOTUI'),('7410020','7410','LEMBO'),('7410030','7410','LASOLO'),('7410040','7410','MOLAWE'),('7410050','7410','ASERA'),('7410051','7410','ANDOWIA'),('7410052','7410','OHEO'),('7410060','7410','LANGGIKIMA'),('7410070','7410','WIWIRANO'),('7411010','7411','AERE'),('7411020','7411','LAMBANDIA'),('7411030','7411','POLI-POLIA'),('7411040','7411','DANGIA'),('7411050','7411','LADONGI'),('7411060','7411','LOEA'),('7411070','7411','TIRAWUTA'),('7411080','7411','LALOLAE'),('7411090','7411','MOWEWE'),('7411100','7411','TINONDO'),('7411110','7411','ULUIWOI'),('7411120','7411','UEESI'),('7412010','7412','WAWONII TENGGARA'),('7412020','7412','WAWONII TIMUR'),('7412030','7412','WAWONII TIMUR LAUT'),('7412040','7412','WAWONII UTARA'),('7412050','7412','WAWONII SELATAN'),('7412060','7412','WAWONII TENGAH'),('7412070','7412','WAWONII BARAT'),('7413010','7413','TIWORO KEPULAUAN'),('7413020','7413','MAGINTI'),('7413030','7413','TIWORO TENGAH'),('7413040','7413','TIWORO SELATAN'),('7413050','7413','TIWORO UTARA'),('7413060','7413','LAWA'),('7413070','7413','SAWERIGADI'),('7413080','7413','BARANGKA'),('7413090','7413','WA DAGA'),('7413100','7413','KUSAMBI'),('7413110','7413','NAPANO KUSAMBI'),('7414010','7414','TALAGA RAYA'),('7414020','7414','MAWASANGKA'),('7414030','7414','MAWASANGKA TENGAH'),('7414040','7414','MAWASANGKA TIMUR'),('7414050','7414','LAKUDO'),('7414060','7414','GU'),('7414070','7414','SANGIA WAMBULU'),('7415010','7415','BATU ATAS'),('7415020','7415','LAPANDEWA'),('7415030','7415','SAMPOLAWA'),('7415040','7415','BATAUGA'),('7415050','7415','SIOMPU BARAT'),('7415060','7415','SIOMPU'),('7415070','7415','KADATUA'),('7471010','7471','MANDONGA'),('7471011','7471','BARUGA'),('7471012','7471','PUUWATU'),('7471013','7471','KADIA'),('7471014','7471','WUA-WUA'),('7471020','7471','POASIA'),('7471021','7471','ABELI'),('7471022','7471','KAMBU'),('7471030','7471','KENDARI'),('7471031','7471','KENDARI BARAT'),('7472010','7472','BETOAMBARI'),('7472011','7472','MURHUM'),('7472012','7472','BATUPOARO'),('7472020','7472','WOLIO'),('7472021','7472','KOKALUKUNA'),('7472030','7472','SORAWOLIO'),('7472040','7472','BUNGI'),('7472041','7472','LEA-LEA'),('7501031','7501','MANANGGU'),('7501040','7501','TILAMUTA'),('7501041','7501','DULUPI'),('7501042','7501','BOTUMOITO'),('7501050','7501','PAGUYAMAN'),('7501051','7501','WONOSARI'),('7501052','7501','PAGUYAMAN PANTAI'),('7502010','7502','BATUDAA PANTAI'),('7502011','7502','BILUHU'),('7502020','7502','BATUDAA'),('7502021','7502','BONGOMEME'),('7502022','7502','TABONGO'),('7502023','7502','DUNGALIYO'),('7502030','7502','TIBAWA'),('7502031','7502','PULUBALA'),('7502040','7502','BOLIYOHUTO'),('7502041','7502','MOOTILANGO'),('7502042','7502','TOLANGOHULA'),('7502043','7502','ASPARAGA'),('7502044','7502','BILATO'),('7502070','7502','LIMBOTO'),('7502071','7502','LIMBOTO BARAT'),('7502080','7502','TELAGA'),('7502081','7502','TELAGA BIRU'),('7502082','7502','TILANGO'),('7502083','7502','TELAGA JAYA'),('7503010','7503','POPAYATO'),('7503011','7503','POPAYATO BARAT'),('7503012','7503','POPAYATO TIMUR'),('7503020','7503','LEMITO'),('7503021','7503','WANGGARASI'),('7503030','7503','MARISA'),('7503031','7503','PATILANGGIO'),('7503032','7503','BUNTULIA'),('7503033','7503','DUHIADAA'),('7503040','7503','RANDANGAN'),('7503041','7503','TALUDITI'),('7503050','7503','PAGUAT'),('7503051','7503','DENGILO'),('7504010','7504','TAPA'),('7504011','7504','BULANGO UTARA'),('7504012','7504','BULANGO SELATAN'),('7504013','7504','BULANGO TIMUR'),('7504014','7504','BULANGO ULU'),('7504020','7504','KABILA'),('7504021','7504','BOTU PINGGE'),('7504022','7504','TILONGKABILA'),('7504030','7504','SUWAWA'),('7504031','7504','SUWAWA SELATAN'),('7504032','7504','SUWAWA TIMUR'),('7504033','7504','SUWAWA TENGAH'),('7504034','7504','PINOGU'),('7504040','7504','BONEPANTAI'),('7504041','7504','KABILA BONE'),('7504042','7504','BONE RAYA'),('7504043','7504','BONE'),('7504044','7504','BULAWA'),('7505010','7505','ATINGGOLA'),('7505011','7505','GENTUMA RAYA'),('7505020','7505','KWANDANG'),('7505021','7505','TOMILITO'),('7505022','7505','PONELO KEPULAUAN'),('7505030','7505','ANGGREK'),('7505031','7505','MONANO'),('7505040','7505','SUMALATA'),('7505041','7505','SUMALATA TIMUR'),('7505050','7505','TOLINGGULA'),('7505051','7505','BIAU'),('7571010','7571','KOTA BARAT'),('7571011','7571','DUNGINGI'),('7571020','7571','KOTA SELATAN'),('7571021','7571','KOTA TIMUR'),('7571022','7571','HULONTHALANGI'),('7571023','7571','DUMBO RAYA'),('7571030','7571','KOTA UTARA'),('7571031','7571','KOTA TENGAH'),('7571032','7571','SIPATANA'),('7601010','7601','BANGGAE'),('7601011','7601','BANGGAE TIMUR'),('7601020','7601','PAMBOANG'),('7601030','7601','SENDANA'),('7601031','7601','TAMMERODO'),('7601033','7601','TUBO SENDANA'),('7601040','7601','MALUNDA'),('7601041','7601','ULUMANDA'),('7602010','7602','TINAMBUNG'),('7602011','7602','BALANIPA'),('7602012','7602','LIMBORO'),('7602020','7602','TUBBI TARAMANU'),('7602021','7602','ALU'),('7602030','7602','CAMPALAGIAN'),('7602031','7602','LUYO'),('7602040','7602','WONOMULYO'),('7602041','7602','MAPILLI'),('7602042','7602','TAPANGO'),('7602043','7602','MATAKALI'),('7602044','7602','B U L O'),('7602050','7602','POLEWALI'),('7602051','7602','BINUANG'),('7602052','7602','ANREAPI'),('7602061','7602','MATANGNGA'),('7603010','7603','SUMARORONG'),('7603020','7603','MESSAWA'),('7603030','7603','PANA'),('7603031','7603','NOSU'),('7603040','7603','TABANG'),('7603050','7603','MAMASA'),('7603060','7603','TANDUK KALUA'),('7603061','7603','BALLA'),('7603070','7603','SESENAPADANG'),('7603071','7603','TAWALIAN'),('7603080','7603','MAMBI'),('7603081','7603','BAMBANG'),('7603082','7603','RANTEBULAHAN TIMUR'),('7603083','7603','MEHALAAN'),('7603090','7603','ARALLE'),('7603091','7603','BUNTU MALANGKA'),('7603100','7603','TABULAHAN'),('7604010','7604','TAPALANG'),('7604011','7604','TAPALANG BARAT'),('7604020','7604','MAMUJU'),('7604022','7604','SIMBORO'),('7604023','7604','BALABALAKANG'),('7604030','7604','KALUKKU'),('7604031','7604','PAPALANG'),('7604032','7604','SAMPAGA'),('7604033','7604','TOMMO'),('7604040','7604','KALUMPANG'),('7604041','7604','BONEHAU'),('7605010','7605','SARUDU'),('7605011','7605','DAPURANG'),('7605012','7605','DURIPOKU'),('7605020','7605','BARAS'),('7605021','7605','BULU TABA'),('7605022','7605','LARIANG'),('7605030','7605','PASANGKAYU'),('7605031','7605','TIKKE RAYA'),('7605032','7605','PEDONGGA'),('7605040','7605','BAMBALAMOTU'),('7605041','7605','BAMBAIRA'),('7605042','7605','SARJO'),('7606010','7606','PANGALE'),('7606020','7606','BUDONG-BUDONG'),('7606030','7606','TOBADAK'),('7606040','7606','TOPOYO'),('7606050','7606','KAROSSA'),('8101040','8101','TANIMBAR SELATAN'),('8101041','8101','WER TAMRIAN'),('8101042','8101','WER MAKTIAN'),('8101043','8101','SELARU'),('8101050','8101','TANIMBAR UTARA'),('8101051','8101','YARU'),('8101052','8101','WUAR LABOBAR'),('8101053','8101','NIRUNMAS'),('8101054','8101','KORMOMOLIN'),('8101055','8101','MOLU MARU'),('8102010','8102','KEI KECIL'),('8102012','8102','KEI KECIL BARAT'),('8102013','8102','KEI KECIL TIMUR'),('8102014','8102','HOAT SORBAY'),('8102015','8102','MANYEUW'),('8102016','8102','KEI KECIL TIMUR SELATAN'),('8102020','8102','KEI BESAR'),('8102021','8102','KEI BESAR UTARA TIMUR'),('8102022','8102','KEI BESAR SELATAN'),('8102023','8102','KEI BESAR UTARA BARAT'),('8102024','8102','KEI BESAR SELATAN BARAT'),('8103010','8103','BANDA'),('8103040','8103','TEHORU'),('8103041','8103','TELUTIH'),('8103050','8103','AMAHAI'),('8103051','8103','KOTA MASOHI'),('8103052','8103','TELUK ELPAPUTIH'),('8103060','8103','TEON NILA SERUA'),('8103080','8103','SAPARUA'),('8103081','8103','NUSALAUT'),('8103082','8103','SAPARUA TIMUR'),('8103090','8103','P. HARUKU'),('8103100','8103','SALAHUTU'),('8103110','8103','LEIHITU'),('8103111','8103','LEIHITU BARAT'),('8103140','8103','SERAM UTARA'),('8103141','8103','SERAM UTARA BARAT'),('8103142','8103','SERAM UTARA TIMUR KOBI'),('8103143','8103','SERAM UTARA TIMUR SETI'),('8104020','8104','NAMLEA'),('8104021','8104','WAEAPO'),('8104022','8104','WAPLAU'),('8104023','8104','BATA BUAL'),('8104024','8104','TELUK KAIELY'),('8104025','8104','WAELATA'),('8104026','8104','LOLONG GUBA'),('8104027','8104','LILIALY'),('8104030','8104','AIR BUAYA'),('8104031','8104','FENA LEISELA'),('8105010','8105','ARU SELATAN'),('8105011','8105','ARU SELATAN TIMUR'),('8105012','8105','ARU SELATAN UTARA'),('8105020','8105','ARU TENGAH'),('8105021','8105','ARU TENGAH TIMUR'),('8105022','8105','ARU TENGAH SELATAN'),('8105030','8105','PULAU-PULAU ARU'),('8105031','8105','ARU UTARA'),('8105032','8105','ARU UTARA TIMUR BATULEY'),('8105033','8105','SIR-SIR'),('8106010','8106','HUAMUAL BELAKANG'),('8106011','8106','KEPULAUAN MANIPA'),('8106020','8106','SERAM BARAT'),('8106021','8106','HUAMUAL'),('8106030','8106','KAIRATU'),('8106031','8106','KAIRATU BARAT'),('8106032','8106','INAMOSOL'),('8106033','8106','AMALATU'),('8106034','8106','ELPAPUTIH'),('8106040','8106','TANIWEL'),('8106041','8106','TANIWEL TIMUR'),('8107010','8107','PULAU GOROM'),('8107011','8107','WAKATE'),('8107012','8107','TEOR'),('8107013','8107','GOROM TIMUR'),('8107014','8107','PULAU PANJANG'),('8107020','8107','SERAM TIMUR'),('8107021','8107','TUTUK TOLU'),('8107022','8107','KILMURY'),('8107023','8107','LIAN VITU'),('8107024','8107','KIAN DARAT'),('8107030','8107','WERINAMA'),('8107031','8107','SIWALALAT'),('8107040','8107','BULA'),('8107041','8107','BULA BARAT'),('8107042','8107','TELUK WARU'),('8108010','8108','WETAR'),('8108011','8108','WETAR BARAT'),('8108012','8108','WETAR UTARA'),('8108013','8108','WETAR TIMUR'),('8108020','8108','PP. TERSELATAN'),('8108021','8108','KISAR UTARA'),('8108022','8108','KEPULAUAN ROMANG'),('8108030','8108','LETTI'),('8108041','8108','MOA'),('8108042','8108','LAKOR'),('8108050','8108','DAMER'),('8108060','8108','MDONA HIERA'),('8108070','8108','PP. BABAR'),('8108071','8108','PULAU WETANG'),('8108080','8108','BABAR TIMUR'),('8108081','8108','PULAU MASELA'),('8108082','8108','DAWELOR DAWERA'),('8109010','8109','KEPALA MADAN'),('8109020','8109','LEKSULA'),('8109021','8109','FENA FAFAN'),('8109030','8109','NAMROLE'),('8109040','8109','WAISAMA'),('8109050','8109','AMBALAU'),('8171010','8171','NUSANIWE'),('8171020','8171','SIRIMAU'),('8171021','8171','LEITIMUR SELATAN'),('8171030','8171','TELUK AMBON BAGUALA'),('8171031','8171','TELUK AMBON'),('8172010','8172','PP. KUR'),('8172011','8172','KUR SELATAN'),('8172020','8172','TAYANDO TAM'),('8172030','8172','PULAU DULLAH UTARA'),('8172040','8172','PULAU DULLAH SELATAN'),('8201090','8201','JAILOLO'),('8201091','8201','JAILOLO SELATAN'),('8201100','8201','SAHU'),('8201101','8201','SAHU TIMUR'),('8201130','8201','IBU'),('8201131','8201','IBU SELATAN'),('8201132','8201','TABARU'),('8201140','8201','LOLODA'),('8202030','8202','WEDA'),('8202031','8202','WEDA SELATAN'),('8202032','8202','WEDA UTARA'),('8202033','8202','WEDA TENGAH'),('8202034','8202','WEDA TIMUR'),('8202041','8202','PULAU GEBE'),('8202042','8202','PATANI'),('8202043','8202','PATANI UTARA'),('8202044','8202','PATANI BARAT'),('8202045','8202','PATANI TIMUR'),('8203010','8203','SULA BESI BARAT'),('8203011','8203','SULABESI SELATAN'),('8203020','8203','SANANA'),('8203021','8203','SULA BESI TENGAH'),('8203022','8203','SULABESI TIMUR'),('8203023','8203','SANANA UTARA'),('8203030','8203','MANGOLI TIMUR'),('8203031','8203','MANGOLI TENGAH'),('8203032','8203','MANGOLI UTARA TIMUR'),('8203040','8203','MANGOLI BARAT'),('8203041','8203','MANGOLI UTARA'),('8203042','8203','MANGOLI SELATAN'),('8204010','8204','OBI SELATAN'),('8204020','8204','OBI'),('8204021','8204','OBI BARAT'),('8204022','8204','OBI TIMUR'),('8204023','8204','OBI UTARA'),('8204030','8204','BACAN'),('8204031','8204','MANDIOLI SELATAN'),('8204032','8204','MANDIOLI UTARA'),('8204033','8204','BACAN SELATAN'),('8204034','8204','BATANG LOMANG'),('8204040','8204','BACAN TIMUR'),('8204041','8204','BACAN TIMUR SELATAN'),('8204042','8204','BACAN TIMUR TENGAH'),('8204050','8204','BACAN BARAT'),('8204051','8204','KASIRUTA BARAT'),('8204052','8204','KASIRUTA TIMUR'),('8204053','8204','BACAN BARAT UTARA'),('8204060','8204','KAYOA'),('8204061','8204','KAYOA BARAT'),('8204062','8204','KAYOA SELATAN'),('8204063','8204','KAYOA UTARA'),('8204070','8204','PULAU MAKIAN'),('8204071','8204','MAKIAN BARAT'),('8204080','8204','GANE BARAT'),('8204081','8204','GANE BARAT SELATAN'),('8204082','8204','GANE BARAT UTARA'),('8204083','8204','KEPULAUAN JORONGA'),('8204090','8204','GANE TIMUR'),('8204091','8204','GANE TIMUR TENGAH'),('8204092','8204','GANE TIMUR SELATAN'),('8205010','8205','MALIFUT'),('8205011','8205','KAO TELUK'),('8205020','8205','KAO'),('8205021','8205','KAO BARAT'),('8205022','8205','KAO UTARA'),('8205030','8205','TOBELO SELATAN'),('8205031','8205','TOBELO BARAT'),('8205032','8205','TOBELO TIMUR'),('8205040','8205','TOBELO'),('8205041','8205','TOBELO TENGAH'),('8205042','8205','TOBELO UTARA'),('8205050','8205','GALELA'),('8205051','8205','GALELA SELATAN'),('8205052','8205','GALELA BARAT'),('8205053','8205','GALELA UTARA'),('8205060','8205','LOLODA UTARA'),('8205061','8205','LOLODA KEPULAUAN'),('8206010','8206','MABA SELATAN'),('8206011','8206','KOTA MABA'),('8206020','8206','WASILE SELATAN'),('8206030','8206','WASILE'),('8206031','8206','WASILE TIMUR'),('8206032','8206','WASILE TENGAH'),('8206033','8206','WASILE UTARA'),('8206040','8206','MABA'),('8206041','8206','MABA TENGAH'),('8206042','8206','MABA UTARA'),('8207010','8207','MOROTAI SELATAN'),('8207020','8207','MOROTAI TIMUR'),('8207030','8207','MOROTAI SELATAN BARAT'),('8207040','8207','MOROTAI JAYA'),('8207050','8207','MOROTAI UTARA'),('8208010','8208','TALIABU BARAT'),('8208020','8208','TALIABU SELATAN'),('8208030','8208','TABONA'),('8208040','8208','TALIABU TIMUR SELATAN'),('8208050','8208','TALIABU TIMUR'),('8208060','8208','TALIABU UTARA'),('8208070','8208','LEDE'),('8208080','8208','TALIABU BARAT LAUT'),('8271010','8271','PULAU TERNATE'),('8271011','8271','MOTI'),('8271012','8271','PULAU BATANG DUA'),('8271013','8271','PULAU HIRI'),('8271020','8271','TERNATE SELATAN'),('8271021','8271','TERNATE TENGAH'),('8271030','8271','TERNATE UTARA'),('8272010','8272','TIDORE SELATAN'),('8272020','8272','TIDORE UTARA'),('8272030','8272','TIDORE'),('8272031','8272','TIDORE TIMUR'),('8272040','8272','OBA'),('8272041','8272','OBA SELATAN'),('8272050','8272','OBA UTARA'),('8272051','8272','OBA TENGAH'),('9101050','9101','FAKFAK TIMUR'),('9101051','9101','KARAS'),('9101052','9101','FAKFAK TIMUR TENGAH'),('9101060','9101','FAKFAK'),('9101061','9101','FAKFAK TENGAH'),('9101062','9101','PARIWARI'),('9101070','9101','FAKFAK BARAT'),('9101071','9101','WARTUTIN'),('9101080','9101','KOKAS'),('9101081','9101','TELUK PATIPI'),('9101082','9101','KRAMONGMONGGA'),('9101083','9101','BOMBERAY'),('9101084','9101','ARGUNI'),('9101085','9101','MBAHAMDANDARA'),('9101086','9101','FURWAGI'),('9101087','9101','KAYAUNI'),('9101088','9101','TOMAGE'),('9102010','9102','BURUWAY'),('9102020','9102','TELUK ARGUNI'),('9102021','9102','TELUK ARGUNI BAWAH'),('9102030','9102','KAIMANA'),('9102031','9102','KAMBRAU'),('9102040','9102','TELUK ETNA'),('9102041','9102','YAMOR'),('9103010','9103','NAIKERE'),('9103020','9103','WONDIBOY'),('9103021','9103','RASIEY'),('9103022','9103','KURI WAMESA'),('9103030','9103','WASIOR'),('9103040','9103','DUAIRI'),('9103041','9103','ROON'),('9103050','9103','WINDESI'),('9103051','9103','NIKIWAR'),('9103060','9103','WAMESA'),('9103061','9103','ROSWAR'),('9103070','9103','RUMBERPON'),('9103071','9103','SOUG JAYA'),('9104010','9104','FAFURWAR'),('9104020','9104','BABO'),('9104021','9104','SUMURI'),('9104022','9104','AROBA'),('9104023','9104','KAITARO'),('9104030','9104','KURI'),('9104040','9104','WAMESA'),('9104050','9104','BINTUNI'),('9104051','9104','MANIMERI'),('9104052','9104','TUHIBA'),('9104053','9104','DATARAN BEIMES'),('9104060','9104','TEMBUNI'),('9104070','9104','ARANDAY'),('9104071','9104','KAMUNDAN'),('9104072','9104','TOMU'),('9104073','9104','WERIAGAR'),('9104080','9104','MOSKONA SELATAN'),('9104081','9104','MEYADO'),('9104082','9104','MOSKONA BARAT'),('9104090','9104','MERDEY'),('9104091','9104','BISCOOP'),('9104092','9104','MASYETA'),('9104100','9104','MOSKONA UTARA'),('9104101','9104','MOSKONA TIMUR'),('9105110','9105','WARMARE'),('9105120','9105','PRAFI'),('9105141','9105','MANOKWARI BARAT'),('9105142','9105','MANOKWARI TIMUR'),('9105143','9105','MANOKWARI UTARA'),('9105144','9105','MANOKWARI SELATAN'),('9105146','9105','TANAH RUBU'),('9105170','9105','MASNI'),('9105171','9105','SIDEY'),('9106010','9106','INANWATAN'),('9106011','9106','METEMANI'),('9106020','9106','KOKODA'),('9106021','9106','KAIS'),('9106022','9106','KOKODA UTARA'),('9106023','9106','KAIS DARAT'),('9106060','9106','MOSWAREN'),('9106070','9106','TEMINABUAN'),('9106071','9106','SEREMUK'),('9106072','9106','WAYER'),('9106073','9106','KONDA'),('9106074','9106','SAIFI'),('9106080','9106','SAWIAT'),('9106081','9106','FOKOUR'),('9106082','9106','SALKMA'),('9107060','9107','MORAID'),('9107061','9107','KLASO'),('9107100','9107','MAKBON'),('9107101','9107','KLAYILI'),('9107110','9107','BERAUR'),('9107111','9107','KLAMONO'),('9107112','9107','KLABOT'),('9107113','9107','KLAWAK'),('9107120','9107','SALAWATI'),('9107121','9107','MAYAMUK'),('9107122','9107','SALAWATI TIMUR'),('9107130','9107','SEGET'),('9107131','9107','SEGUN'),('9107132','9107','SALAWATI SELATAN'),('9107170','9107','AIMAS'),('9107171','9107','MARIAT'),('9107172','9107','SORONG'),('9107180','9107','SAYOSA'),('9107181','9107','MAUDUS'),('9108011','9108','MISOOL SELATAN'),('9108012','9108','MISOOL BARAT'),('9108020','9108','MISOOL'),('9108021','9108','KOFIAU'),('9108022','9108','MISOOL TIMUR'),('9108023','9108','KEPULAUAN SEMBILAN'),('9108031','9108','SALAWATI UTARA'),('9108033','9108','SALAWATI TENGAH'),('9108034','9108','SALAWATI BARAT'),('9108035','9108','BATANTA SELATAN'),('9108036','9108','BATANTA UTARA'),('9108040','9108','WAIGEO SELATAN'),('9108041','9108','TELUK MAYALIBIT'),('9108042','9108','MEOS MANSAR'),('9108043','9108','KOTA WAISAI'),('9108044','9108','TIPLOL MAYALIBIT'),('9108050','9108','WAIGEO BARAT'),('9108051','9108','WAIGEO BARAT KEPULAUAN'),('9108060','9108','WAIGEO UTARA'),('9108061','9108','WARWARBOMI'),('9108062','9108','SUPNIN'),('9108070','9108','KEPULAUAN AYAU'),('9108071','9108','AYAU'),('9108080','9108','WAIGEO TIMUR'),('9109010','9109','FEF'),('9109011','9109','SYUJAK'),('9109020','9109','MIYAH'),('9109030','9109','ABUN'),('9109040','9109','KWOOR'),('9109050','9109','SAUSAPOR'),('9109060','9109','YEMBUN'),('9109070','9109','KEBAR'),('9109080','9109','SENOPI'),('9109090','9109','AMBERBAKEN'),('9109100','9109','MUBARNI / ARFU'),('9110010','9110','AITINYO BARAT/ATHABU'),('9110011','9110','AYAMARU SELATAN JAYA'),('9110020','9110','AITINYO'),('9110021','9110','AITINYO TENGAH'),('9110030','9110','AIFAT SELATAN'),('9110031','9110','AIFAT TIMUR SELATAN'),('9110040','9110','AIFAT'),('9110050','9110','AITINYO UTARA'),('9110051','9110','AITINYO RAYA'),('9110060','9110','AYAMARU TIMUR'),('9110061','9110','AYAMARU TIMUR SELATAN'),('9110070','9110','AYAMARU'),('9110071','9110','AYAMARU SELATAN'),('9110072','9110','AYAMARU JAYA'),('9110073','9110','AYAMARU TENGAH'),('9110074','9110','AYAMARU BARAT'),('9110080','9110','AYAMARU UTARA'),('9110081','9110','AYAMARU UTARA TIMUR'),('9110090','9110','MARE'),('9110091','9110','MARE SELATAN'),('9110100','9110','AIFAT UTARA'),('9110110','9110','AIFAT TIMUR'),('9110111','9110','AIFAT TIMUR TENGAH'),('9110112','9110','AIFAT TIMUR JAUH'),('9111010','9111','TAHOTA'),('9111020','9111','DATARAN ISIM'),('9111030','9111','NENEI'),('9111040','9111','MOMI WAREN'),('9111050','9111','RANSIKI'),('9111060','9111','ORANSBARI'),('9112010','9112','DIDOHU'),('9112020','9112','SURUREY'),('9112030','9112','ANGGI GIDA'),('9112040','9112','MEMBEY'),('9112050','9112','ANGGI'),('9112060','9112','TAIGE'),('9112070','9112','HINGK'),('9112080','9112','MENYAMBOUW'),('9112090','9112','CATUBOUW'),('9112100','9112','TESTEGA'),('9171010','9171','SORONG BARAT'),('9171011','9171','SORONG KEPULAUAN'),('9171012','9171','MALADUM MES'),('9171020','9171','SORONG TIMUR'),('9171021','9171','SORONG UTARA'),('9171022','9171','SORONG'),('9171023','9171','SORONG MANOI'),('9171024','9171','KLAURUNG'),('9171025','9171','MALAIMSIMSA'),('9171026','9171','SORONG KOTA'),('9401010','9401','KIMAAM'),('9401011','9401','WAAN'),('9401012','9401','TABONJI'),('9401013','9401','ILWAYAB'),('9401020','9401','OKABA'),('9401021','9401','TUBANG'),('9401022','9401','NGGUTI'),('9401023','9401','KAPTEL'),('9401030','9401','KURIK'),('9401031','9401','MALIND'),('9401032','9401','ANIMHA'),('9401040','9401','MERAUKE'),('9401041','9401','SEMANGGA'),('9401042','9401','TANAH MIRING'),('9401043','9401','JAGEBOB'),('9401044','9401','SOTA'),('9401045','9401','NAUKENJERAI'),('9401050','9401','MUTING'),('9401051','9401','ELIGOBEL'),('9401052','9401','ULILIN'),('9402110','9402','WAMENA'),('9402111','9402','ASOLOKOBAL'),('9402112','9402','WALELAGAMA'),('9402113','9402','TRIKORA'),('9402114','9402','NAPUA'),('9402115','9402','WALAIK'),('9402116','9402','WOUMA'),('9402117','9402','WALESI'),('9402118','9402','ASOTIPO'),('9402119','9402','MAIMA'),('9402120','9402','HUBIKOSI'),('9402121','9402','PELEBAGA'),('9402122','9402','IBELE'),('9402123','9402','TAILAREK'),('9402124','9402','HUBIKIAK'),('9402180','9402','ASOLOGAIMA'),('9402181','9402','MUSATFAK'),('9402182','9402','SILO KARNO DOGA'),('9402183','9402','PYRAMID'),('9402184','9402','MULIAMA'),('9402185','9402','WAME'),('9402190','9402','KURULU'),('9402191','9402','USILIMO'),('9402192','9402','WITA WAYA'),('9402193','9402','LIBAREK'),('9402194','9402','WADANGKU'),('9402195','9402','PISUGI'),('9402220','9402','BOLAKME'),('9402221','9402','WOLLO'),('9402222','9402','YALENGGA'),('9402223','9402','TAGIME'),('9402224','9402','MOLAGALOME'),('9402225','9402','TAGINERI'),('9402226','9402','BUGI'),('9402227','9402','BPIRI'),('9402228','9402','KORAGI'),('9402611','9402','ITLAY HASIGE'),('9402612','9402','SIEPKOSI'),('9402614','9402','POPUGOBA'),('9403080','9403','KAUREH'),('9403081','9403','AIRU'),('9403082','9403','YAPSI'),('9403140','9403','KEMTUK'),('9403150','9403','KEMTUK GRESI'),('9403151','9403','GRESI SELATAN'),('9403160','9403','NIMBORAN'),('9403161','9403','NIMBORAN TIMUR / NAMBLONG'),('9403170','9403','NIMBOKRANG'),('9403180','9403','UNURUM GUAY'),('9403200','9403','DEMTA'),('9403201','9403','YOKARI'),('9403210','9403','DEPAPRE'),('9403211','9403','RAVENIRARA'),('9403220','9403','SENTANI BARAT'),('9403221','9403','WAIBU'),('9403230','9403','SENTANI'),('9403231','9403','EBUNGFAU'),('9403240','9403','SENTANI TIMUR'),('9404050','9404','UWAPA'),('9404051','9404','MENOU'),('9404052','9404','DIPA'),('9404060','9404','YAUR'),('9404061','9404','TELUK UMAR'),('9404070','9404','WANGGAR'),('9404071','9404','NABIRE BARAT'),('9404080','9404','NABIRE'),('9404081','9404','TELUK KIMI'),('9404090','9404','NAPAN'),('9404091','9404','MAKIMI'),('9404092','9404','WAPOGA'),('9404093','9404','KEPULAUAN MOORA'),('9404100','9404','SIRIWO'),('9404110','9404','YARO'),('9408040','9408','YAPEN TIMUR'),('9408041','9408','PANTURA YAPEN'),('9408042','9408','TELUK AMPIMOI'),('9408043','9408','RAIMBAWI'),('9408044','9408','PULAU KURUDU'),('9408050','9408','ANGKAISERA'),('9408051','9408','KEP. AMBAI'),('9408052','9408','YAWAKUKAT'),('9408060','9408','YAPEN SELATAN'),('9408061','9408','KOSIWO'),('9408062','9408','ANATAUREI'),('9408070','9408','YAPEN BARAT'),('9408071','9408','WONAWA'),('9408072','9408','PULAU YERUI'),('9408080','9408','POOM'),('9408081','9408','WINDESI'),('9409010','9409','NUMFOR BARAT'),('9409011','9409','ORKERI'),('9409020','9409','NUMFOR TIMUR'),('9409021','9409','BRUYADORI'),('9409022','9409','POIRU'),('9409030','9409','PADAIDO'),('9409031','9409','AIMANDO PADAIDO'),('9409040','9409','BIAK TIMUR'),('9409041','9409','ORIDEK'),('9409050','9409','BIAK KOTA'),('9409060','9409','SAMOFA'),('9409070','9409','YENDIDORI'),('9409080','9409','BIAK UTARA'),('9409081','9409','ANDEY'),('9409090','9409','WARSA'),('9409091','9409','YAWOSI'),('9409092','9409','BONDIFUAR'),('9409100','9409','BIAK BARAT'),('9409101','9409','SWANDIWE'),('9410030','9410','PANIAI TIMUR'),('9410031','9410','YATAMO'),('9410032','9410','KEBO'),('9410040','9410','BIBIDA'),('9410041','9410','DUMADAMA'),('9410070','9410','ARADIDE'),('9410071','9410','EKADIDE'),('9410080','9410','PANIAI BARAT'),('9410081','9410','SIRIWO'),('9410090','9410','BOGOBAIDA'),('9411040','9411','FAWI'),('9411041','9411','DAGAI'),('9411042','9411','KIYAGE'),('9411050','9411','MULIA'),('9411053','9411','YAMBI'),('9411054','9411','ILAMBURAWI'),('9411055','9411','MUARA'),('9411056','9411','PAGALEME'),('9411057','9411','GURAGE'),('9411058','9411','IRIMULI'),('9411060','9411','ILU'),('9411061','9411','TORERE'),('9411063','9411','YAMONERI'),('9411064','9411','WAEGI'),('9411065','9411','NUME'),('9411066','9411','NIOGA'),('9411067','9411','GUBUME'),('9411068','9411','TAGANOMBAK'),('9411070','9411','TINGGINAMBUT'),('9411071','9411','KALOME'),('9411072','9411','WANWI'),('9411080','9411','MEWOLUK'),('9411081','9411','LUMO'),('9411082','9411','MOLANIKIME'),('9411090','9411','YAMO'),('9411091','9411','DOKOME'),('9412010','9412','MIMIKA BARAT'),('9412011','9412','MIMIKA BARAT JAUH'),('9412012','9412','MIMIKA BARAT TENGAH'),('9412013','9412','AMAR'),('9412020','9412','MIMIKA TIMUR'),('9412021','9412','MIMIKA TENGAH'),('9412022','9412','MIMIKA TIMUR JAUH'),('9412030','9412','MIMIKA BARU'),('9412031','9412','KUALA KENCANA'),('9412032','9412','TEMBAGAPURA'),('9412033','9412','WANIA'),('9412034','9412','IWAKA'),('9412035','9412','KWAMKI NARAMA'),('9412040','9412','AGIMUGA'),('9412041','9412','JILA'),('9412042','9412','JITA'),('9412043','9412','ALAMA'),('9412044','9412','HOYA'),('9413010','9413','JAIR'),('9413011','9413','SUBUR'),('9413013','9413','KIA'),('9413020','9413','MINDIPTANA'),('9413021','9413','INIYANDIT'),('9413022','9413','KOMBUT'),('9413023','9413','SESNUK'),('9413030','9413','MANDOBO'),('9413031','9413','FOFI'),('9413032','9413','ARIMOP'),('9413040','9413','KOUH'),('9413041','9413','BOMAKIA'),('9413042','9413','FIRIWAGE'),('9413043','9413','MANGGELUM'),('9413044','9413','YANIRUMA'),('9413045','9413','KAWAGIT'),('9413046','9413','KOMBAY'),('9413050','9413','WAROPKO'),('9413051','9413','AMBATKWI'),('9413052','9413','NINATI'),('9414010','9414','NAMBIOMAN BAPAI'),('9414011','9414','MINYAMUR'),('9414020','9414','EDERA'),('9414021','9414','VENAHA'),('9414022','9414','SYAHCAME'),('9414023','9414','BAMGI'),('9414024','9414','YAKOMI'),('9414030','9414','OBAA'),('9414031','9414','PASSUE'),('9414040','9414','HAJU'),('9414050','9414','ASSUE'),('9414060','9414','CITAKMITAK'),('9414061','9414','KAIBAR'),('9414062','9414','PASSUE BAWAH'),('9414063','9414','TI-ZAIN'),('9415010','9415','PANTAI KASUARI'),('9415011','9415','KOPAY'),('9415012','9415','DER KOUMUR'),('9415013','9415','SAFAN'),('9415020','9415','FAYIT'),('9415030','9415','ATSY'),('9415031','9415','SIRETS'),('9415032','9415','AYIP'),('9415033','9415','BECTBAMU'),('9415040','9415','SUATOR'),('9415041','9415','KOLF BRAZA'),('9415050','9415','AKAT'),('9415051','9415','JETSY'),('9415060','9415','AGATS'),('9415070','9415','SAWA ERMA'),('9415071','9415','SURU-SURU'),('9415072','9415','UNIR SIRAU'),('9415073','9415','JOERAT'),('9415074','9415','PULAU TIGA'),('9416010','9416','KURIMA'),('9416011','9416','MUSAIK'),('9416013','9416','DEKAI'),('9416014','9416','OBIO'),('9416015','9416','PASEMA'),('9416016','9416','AMUMA'),('9416017','9416','SURU-SURU'),('9416018','9416','WUSAMA'),('9416019','9416','SILIMO'),('9416020','9416','NINIA'),('9416021','9416','HOLUWON'),('9416022','9416','LOLAT'),('9416023','9416','LANGDA'),('9416024','9416','BOMELA'),('9416025','9416','SUNTAMON'),('9416026','9416','SOBAHAM'),('9416027','9416','KORUPUN'),('9416028','9416','SELA'),('9416029','9416','KWELAMDUA'),('9416030','9416','ANGGRUK'),('9416031','9416','PANGGEMA'),('9416032','9416','WALMA'),('9416033','9416','KOSAREK'),('9416034','9416','UBAHAK'),('9416035','9416','NALCA'),('9416036','9416','PULDAMA'),('9416037','9416','NIPSAN'),('9416041','9416','SAMENAGE'),('9416042','9416','TANGMA'),('9416043','9416','SOBA'),('9416044','9416','MUGI'),('9416045','9416','YOGOSEM'),('9416046','9416','KAYO'),('9416047','9416','SUMO'),('9416048','9416','HOGIO'),('9416049','9416','UKHA'),('9416051','9416','WERIMA'),('9416052','9416','SOLOIKMA'),('9416053','9416','SERADALA'),('9416054','9416','KABIANGGAMA'),('9416055','9416','KWIKMA'),('9416056','9416','HILIPUK'),('9416057','9416','YAHULIAMBUT'),('9416058','9416','HEREAPINI'),('9416059','9416','UBALIHI'),('9416061','9416','TALAMBO'),('9416062','9416','PRONGGOLI'),('9416063','9416','ENDOMEN'),('9416065','9416','KONA'),('9416066','9416','DURAM'),('9416067','9416','DIRWEMNA'),('9417010','9417','IWUR'),('9417011','9417','KAWOR'),('9417012','9417','TARUP'),('9417013','9417','AWINBON'),('9417020','9417','OKSIBIL'),('9417021','9417','PEPERA'),('9417022','9417','ALEMSOM'),('9417023','9417','SERAMBAKON'),('9417024','9417','KOLOMDOL'),('9417025','9417','OKSOP'),('9417026','9417','OK BAPE'),('9417027','9417','OK AON'),('9417030','9417','BORME'),('9417031','9417','BIME'),('9417032','9417','EPUMEK'),('9417033','9417','WEIME'),('9417034','9417','PAMEK'),('9417035','9417','NONGME'),('9417036','9417','BATANI'),('9417040','9417','OKBI'),('9417041','9417','ABOY'),('9417042','9417','OKBAB'),('9417043','9417','TEIRAPLU'),('9417044','9417','YEFTA'),('9417050','9417','KIWIROK'),('9417051','9417','KIWIROK TIMUR'),('9417052','9417','OKSEBANG'),('9417053','9417','OKHIKA'),('9417054','9417','OKLIP'),('9417055','9417','OKSAMOL'),('9417056','9417','OKBEMTA'),('9417060','9417','BATOM'),('9417061','9417','MURKIM'),('9417062','9417','MOFINOP'),('9418010','9418','KANGGIME'),('9418011','9418','WONIKI'),('9418012','9418','NABUNAGE'),('9418013','9418','GILUBANDU'),('9418014','9418','WAKUO'),('9418015','9418','AWEKU'),('9418016','9418','BOGONUK'),('9418020','9418','KARUBAGA'),('9418021','9418','GOYAGE'),('9418022','9418','WUNIN'),('9418023','9418','KONDAGA'),('9418024','9418','NELAWI'),('9418025','9418','KUARI'),('9418026','9418','LIANOGOMA'),('9418027','9418','BIUK'),('9418030','9418','BOKONDINI'),('9418031','9418','BOKONERI'),('9418032','9418','BEWANI'),('9418040','9418','KEMBU'),('9418041','9418','WINA'),('9418042','9418','UMAGI'),('9418043','9418','PANAGA'),('9418044','9418','POGANERI'),('9418045','9418','KAMBONERI'),('9418046','9418','AIR GARAM'),('9418047','9418','DOW'),('9418048','9418','WARI / TAIYEVE'),('9418049','9418','EGIAM'),('9418051','9418','NUNGGAWI'),('9418060','9418','KUBU'),('9418061','9418','ANAWI'),('9418062','9418','WUGI'),('9418070','9418','GEYA'),('9418071','9418','WENAM'),('9418080','9418','NUMBA'),('9418081','9418','KAI'),('9418090','9418','DUNDU'),('9418100','9418','GUNDAGI'),('9418110','9418','TIMORI'),('9418121','9418','YUNERI'),('9418125','9418','TAGIME'),('9418126','9418','DANIME'),('9418127','9418','YUKO'),('9418541','9418','TELENGGEME'),('9418542','9418','GIKA'),('9418543','9418','TAGINERI'),('9419021','9419','PANTAI TIMUR BAGIAN BARAT'),('9419022','9419','PANTAI TIMUR'),('9419024','9419','SUNGAI BIRI'),('9419031','9419','BONGGO'),('9419032','9419','BONGGO TIMUR'),('9419033','9419','BONGGO BARAT'),('9419040','9419','TOR ATAS'),('9419041','9419','ISMARI'),('9419050','9419','SARMI'),('9419051','9419','SARMI TIMUR'),('9419052','9419','SARMI SELATAN'),('9419053','9419','SOBEY'),('9419054','9419','MUARA TOR'),('9419055','9419','VERKAM'),('9419060','9419','PANTAI BARAT'),('9419061','9419','APAWER HULU'),('9419062','9419','APAWER HILIR'),('9419063','9419','APAWER TENGAH'),('9420010','9420','WEB'),('9420011','9420','TOWE'),('9420012','9420','YAFFI'),('9420020','9420','SENGGI'),('9420021','9420','KAISENAR'),('9420030','9420','WARIS'),('9420040','9420','ARSO'),('9420041','9420','ARSO TIMUR'),('9420042','9420','ARSO BARAT'),('9420043','9420','MANNEM'),('9420050','9420','SKANTO'),('9426010','9426','WAROPEN BAWAH'),('9426011','9426','INGGERUS'),('9426012','9426','UREI FAISEI'),('9426013','9426','OUDATE'),('9426014','9426','WAPOGA'),('9426020','9426','MASIREI'),('9426021','9426','RISEI SAYATI'),('9426022','9426','DEMBA'),('9426023','9426','SOYOI MAMBAI'),('9426024','9426','WONTI'),('9426030','9426','WALANI'),('9426040','9426','KIRIHI'),('9427010','9427','SUPIORI SELATAN'),('9427011','9427','KEPULAUAN ARURI'),('9427020','9427','SUPIORI UTARA'),('9427021','9427','SUPIORI BARAT'),('9427030','9427','SUPIORI TIMUR'),('9428030','9428','WAROPEN ATAS'),('9428031','9428','BENUKI'),('9428032','9428','SAWAI'),('9428040','9428','MAMBERAMO ILIR'),('9428050','9428','MAMBERAMO TENGAH'),('9428051','9428','IWASO'),('9428060','9428','MAMBERAMO TENGAH TIMUR'),('9428070','9428','ROFAER'),('9428080','9428','MAMBERAMO ULU'),('9429010','9429','WOSAK'),('9429020','9429','KENYAM'),('9429030','9429','GESELMA'),('9429040','9429','MAPENDUMA'),('9429050','9429','MUGI'),('9429060','9429','YIGI'),('9429070','9429','MBUWA'),('9429080','9429','GEAREK'),('9430010','9430','MAKKI'),('9430011','9430','GUPURA'),('9430012','9430','KOLAWA'),('9430013','9430','GELOK BEAM'),('9430020','9430','PIRIME'),('9430021','9430','BUGUK GONA'),('9430022','9430','MILIMBO'),('9430023','9430','GOLLO'),('9430024','9430','WIRINGGABUT'),('9430030','9430','TIOM'),('9430031','9430','NOGI'),('9430032','9430','MOKONI'),('9430033','9430','NINAME'),('9430034','9430','YIGINUA'),('9430040','9430','BALINGGA'),('9430041','9430','BALINGGA BARAT'),('9430042','9430','BRUWA'),('9430050','9430','KUYAWAGE'),('9430051','9430','WANO BARAT'),('9430060','9430','MALAGAINERI'),('9430061','9430','MELAGAI'),('9430070','9430','TIOMNERI'),('9430071','9430','WEREKA'),('9430080','9430','DIMBA'),('9430081','9430','KELULOME'),('9430090','9430','GAMELIA'),('9430091','9430','KARU'),('9430092','9430','YILUK'),('9430093','9430','GUNA'),('9430100','9430','POGA'),('9430101','9430','MUARA'),('9431010','9431','KOBAKMA'),('9431020','9431','ILUGWA'),('9431030','9431','KELILA'),('9431040','9431','ERAGAYAM'),('9431050','9431','MEGAMBILIS'),('9432010','9432','WELAREK'),('9432020','9432','APALAPSILI'),('9432030','9432','ABENAHO'),('9432040','9432','ELELIM'),('9432050','9432','BENAWA'),('9433010','9433','AGADUGUME'),('9433020','9433','GOME'),('9433030','9433','ILAGA'),('9433040','9433','SINAK'),('9433050','9433','POGOMA'),('9433060','9433','WANGBE'),('9433070','9433','BEOGA'),('9433080','9433','DOUFO'),('9434010','9434','SUKIKAI SELATAN'),('9434020','9434','PIYAIYE'),('9434030','9434','MAPIA BARAT'),('9434040','9434','MAPIA TENGAH'),('9434050','9434','MAPIA'),('9434060','9434','DOGIYAI'),('9434070','9434','KAMU SELATAN'),('9434080','9434','KAMU'),('9434090','9434','KAMU TIMUR'),('9434100','9434','KAMU UTARA'),('9435010','9435','HOMEYO'),('9435020','9435','SUGAPA'),('9435030','9435','HITADIPA'),('9435040','9435','AGISIGA'),('9435050','9435','BIANDOGA'),('9435060','9435','WANDAI'),('9436010','9436','KAPIRAYA'),('9436020','9436','TIGI BARAT'),('9436030','9436','TIGI'),('9436040','9436','TIGI TIMUR'),('9436050','9436','BOWOBADO'),('9471010','9471','MUARA TAMI'),('9471020','9471','ABEPURA'),('9471021','9471','HERAM'),('9471030','9471','JAYAPURA SELATAN'),('9471040','9471','JAYAPURA UTARA');

/*Table structure for table `m_agama` */

DROP TABLE IF EXISTS `m_agama`;

CREATE TABLE `m_agama` (
  `agama_id` int(11) NOT NULL AUTO_INCREMENT,
  `agama_nama` varchar(50) NOT NULL,
  `agama_status_aktif` char(1) NOT NULL DEFAULT 'y',
  `agama_created_date` datetime NOT NULL,
  `agama_created_by` varchar(50) NOT NULL,
  `agama_updated_date` datetime DEFAULT NULL,
  `agama_updated_by` varchar(50) DEFAULT NULL,
  `agama_revised` int(11) DEFAULT '0',
  PRIMARY KEY (`agama_id`)
) ENGINE=InnoDB DEFAULT CHARSET=utf8;

/*Data for the table `m_agama` */

/*Table structure for table `m_atribut_barang` */

DROP TABLE IF EXISTS `m_atribut_barang`;

CREATE TABLE `m_atribut_barang` (
  `atribut_id` int(11) NOT NULL AUTO_INCREMENT,
  `m_barang_id` int(11) NOT NULL,
  `atribut_jenis` varchar(255) NOT NULL,
  `atribut_nama` varchar(255) NOT NULL,
  `atribut_satuan` varchar(255) DEFAULT NULL,
  `atribut_default_value` varchar(255) DEFAULT NULL,
  `atribut_status_aktif` varchar(255) NOT NULL,
  `atribut_create_date` datetime NOT NULL DEFAULT '0000-00-00 00:00:00',
  `atribut_create_by` varchar(255) NOT NULL,
  `atribut_update_date` datetime DEFAULT NULL ON UPDATE CURRENT_TIMESTAMP,
  `atribut_update_by` varchar(255) DEFAULT NULL,
  `atribut_revised` int(11) DEFAULT NULL,
  PRIMARY KEY (`atribut_id`),
  KEY `barang` (`m_barang_id`)
) ENGINE=InnoDB AUTO_INCREMENT=10 DEFAULT CHARSET=latin1;

/*Data for the table `m_atribut_barang` */

insert  into `m_atribut_barang`(`atribut_id`,`m_barang_id`,`atribut_jenis`,`atribut_nama`,`atribut_satuan`,`atribut_default_value`,`atribut_status_aktif`,`atribut_create_date`,`atribut_create_by`,`atribut_update_date`,`atribut_update_by`,`atribut_revised`) values (1,14,'3','Dimensi Panjang','2','0','y','2017-02-15 18:11:38','developer','2017-04-18 10:32:27','developer',17),(2,1,'3','Dimensi Lebar','1','0','n','2017-02-15 18:15:15','developer','2017-05-06 03:42:15','developer',19),(3,1,'3','Dimensi Tinggi','1','0','n','2017-02-15 18:15:44','developer','2017-05-06 03:42:15','developer',19),(4,1,'3','Berat','2','0','n','2017-02-15 18:16:10','developer','2017-05-06 03:42:15','developer',19),(5,1,'1','Warna',NULL,'[{\"id\":\"1\",\"nama\":\"Abu Abu\"},{\"id\":\"2\",\"nama\":\"Hitam\"},{\"id\":\"3\",\"nama\":\"Putih\"}]','n','2017-02-15 18:19:36','developer','2017-05-06 03:42:15','developer',19),(6,1,'2','Keterangan Lain',NULL,'-','n','2017-02-15 18:20:00','developer','2017-05-06 03:42:15','developer',20),(7,1,'3','dimensi tinggi','1','0','n','2017-03-06 13:50:01','developer','2017-05-06 03:42:15','developer',6),(8,2,'3','berat','2','0','n','2017-03-08 09:31:11','developer','2017-05-06 03:42:22','developer',2),(9,3183,'3','ATT1TEST','738','test','y','2017-04-17 12:32:16','developer','2017-04-17 12:33:11','developer',1);

/*Table structure for table `m_bank` */

DROP TABLE IF EXISTS `m_bank`;

CREATE TABLE `m_bank` (
  `bank_id` int(11) NOT NULL AUTO_INCREMENT,
  `bank_cabang` varchar(255) DEFAULT NULL,
  `bank_nama` varchar(255) DEFAULT NULL,
  `bank_atas_nama` varchar(255) DEFAULT NULL,
  `bank_no_rek` varchar(255) DEFAULT NULL,
  `bank_status_aktif` char(1) DEFAULT NULL,
  `bank_created_date` datetime DEFAULT NULL,
  `bank_created_by` varchar(255) DEFAULT NULL,
  `bank_update_date` datetime DEFAULT NULL,
  `bank_update_by` varchar(255) DEFAULT NULL,
  `bank_revised` int(11) DEFAULT NULL,
  `m_cabang_id` int(11) DEFAULT NULL,
  PRIMARY KEY (`bank_id`)
) ENGINE=MyISAM AUTO_INCREMENT=7 DEFAULT CHARSET=latin1;

/*Data for the table `m_bank` */

insert  into `m_bank`(`bank_id`,`bank_cabang`,`bank_nama`,`bank_atas_nama`,`bank_no_rek`,`bank_status_aktif`,`bank_created_date`,`bank_created_by`,`bank_update_date`,`bank_update_by`,`bank_revised`,`m_cabang_id`) values (1,'Cabang 1','BCA','NIM','376234589','y','2017-03-21 15:03:11','developer','2017-03-22 13:37:28','developer',3,1),(2,'Cabang B','Bank A','ABC','32415253','n','2017-03-22 13:23:17','developer','2017-03-29 11:01:01','developer',2,2),(3,'Cabang 1','BRI','Metalindo','132252','y','2017-03-22 13:26:15','developer','2017-03-22 13:37:09','developer',4,1),(4,'BNI SURABAYA','BNI','tes','2393488934894','y','2017-03-29 11:00:48','developer','2017-03-29 11:00:48',NULL,0,1),(5,'asa','BCA','saya','1212121','n','2017-04-03 10:50:13','developer','2017-04-03 10:50:22','developer',1,1),(6,'Mulyosari','Bank BCA','Agun','897368769321696','y','2017-04-12 15:04:24','developer','2017-04-12 15:05:50','developer',2,8);

/*Table structure for table `m_barang` */

DROP TABLE IF EXISTS `m_barang`;

CREATE TABLE `m_barang` (
  `barang_id` int(11) NOT NULL AUTO_INCREMENT,
  `m_jenis_barang_id` int(11) DEFAULT NULL,
  `m_category_2_id` int(11) DEFAULT NULL,
  `barang_kode` varchar(255) DEFAULT NULL,
  `barang_nomor` varchar(255) DEFAULT NULL,
  `barang_nama` varchar(255) DEFAULT NULL,
  `m_satuan_id` int(11) DEFAULT NULL,
  `m_brand_id` int(11) DEFAULT NULL,
  `harga_beli` int(11) DEFAULT NULL,
  `harga_jual` int(11) DEFAULT NULL,
  `harga_jual_pajak` int(11) DEFAULT NULL,
  `stok` int(11) DEFAULT '0',
  `barang_minimum_stok` int(11) DEFAULT NULL,
  `stok_maks` int(11) DEFAULT NULL,
  `barang_status_aktif` char(1) DEFAULT NULL,
  `barang_create_date` datetime DEFAULT '0000-00-00 00:00:00',
  `barang_create_by` varchar(255) DEFAULT NULL,
  `barang_update_date` datetime DEFAULT NULL ON UPDATE CURRENT_TIMESTAMP,
  `barang_update_by` varchar(255) DEFAULT NULL,
  `barang_revised` int(11) DEFAULT NULL,
  PRIMARY KEY (`barang_id`),
  UNIQUE KEY `barang_kode` (`barang_nomor`),
  KEY `jenis_barang` (`m_jenis_barang_id`)
) ENGINE=InnoDB AUTO_INCREMENT=3177 DEFAULT CHARSET=latin1;

/*Data for the table `m_barang` */

insert  into `m_barang`(`barang_id`,`m_jenis_barang_id`,`m_category_2_id`,`barang_kode`,`barang_nomor`,`barang_nama`,`m_satuan_id`,`m_brand_id`,`harga_beli`,`harga_jual`,`harga_jual_pajak`,`stok`,`barang_minimum_stok`,`stok_maks`,`barang_status_aktif`,`barang_create_date`,`barang_create_by`,`barang_update_date`,`barang_update_by`,`barang_revised`) values (1,1,1,'','01010001','MESIN DRILL 10MM 6411 MAKITA.',1,1,348637,528182,581000,0,0,0,'y','2017-05-08 14:39:41','developer','0000-00-00 00:00:00','',0),(2,1,1,'','01010002','MESIN DRILL 10MM 6412 MAKITA.',1,1,430909,600000,660000,0,0,0,'y','2017-05-08 14:39:41','developer','0000-00-00 00:00:00','',0),(3,1,1,'','01010003','MESIN DRILL 13MM 6013BRDS4011 MAKITA',1,1,2000000,3283636,3612000,0,0,0,'y','2017-05-08 14:39:42','developer','0000-00-00 00:00:00','',0),(4,1,1,'','01010004','MESIN DRILL 13MM 6301 MAKITA',1,1,2137500,2324545,2557000,0,0,0,'y','2017-05-08 14:39:42','developer','0000-00-00 00:00:00','',0),(5,1,1,'','01010005','MESIN DRILL 10MM MT602MT605 MAKTEC.',1,2,274956,431818,475000,0,0,0,'y','2017-05-08 14:39:42','developer','0000-00-00 00:00:00','',0),(6,1,1,'','01010006','MESIN DRILL 10MM MT603MT606 MAKTEC.',1,2,403426,490909,540000,0,0,0,'y','2017-05-08 14:39:42','developer','0000-00-00 00:00:00','',0),(7,1,1,'','01010007','MESIN DRILL 6,5MM MT650MT652 MAKTEC.',1,2,314266,408182,449000,0,0,0,'y','2017-05-08 14:39:42','developer','0000-00-00 00:00:00','',0),(8,1,1,'','01010008','MESIN IMPACT DRILL 13MM MT80B MAKTEC.',1,2,388529,522727,575000,0,0,0,'y','2017-05-08 14:39:42','developer','0000-00-00 00:00:00','',0),(9,1,1,'','01010009','MESIN DRILL 10MM RE J1ZFF10A DCA',1,3,235227,305455,336001,0,0,0,'y','2017-05-08 14:39:42','developer','0000-00-00 00:00:00','',0),(10,1,1,'','01010010','MESIN DRILL 10MM RE J1ZFF0410A DCA',1,3,301602,470000,517000,0,0,0,'y','2017-05-08 14:39:42','developer','0000-00-00 00:00:00','',0),(11,1,1,'','01010011','MESIN DRILL 10MM RE J1ZFF0510A DCA',1,3,232331,356364,392000,0,0,0,'y','2017-05-08 14:39:42','developer','0000-00-00 00:00:00','',0),(12,1,1,'','01010012','MESIN DRILL 13MM RE J1ZFF0213 DCA',1,3,321666,584545,643000,0,0,0,'y','2017-05-08 14:39:42','developer','0000-00-00 00:00:00','',0),(13,1,1,'','01010013','MESIN DRILL 16MM J1ZFF16A DCA',1,3,367619,597273,657000,0,0,0,'y','2017-05-08 14:39:42','developer','0000-00-00 00:00:00','',0),(14,1,1,'','01010014','MESIN DRILL 6,5MM RE JIZFF026A DCA',1,3,207114,312727,344000,0,0,0,'y','2017-05-08 14:39:43','developer','0000-00-00 00:00:00','',0),(15,1,1,'','01010015','MESIN IMPACT DRILL 13MM Z1JFF13 DCA',1,3,354154,513636,565000,0,0,0,'y','2017-05-08 14:39:43','developer','0000-00-00 00:00:00','',0),(16,1,1,'','01010016','MESIN IMPACT DRILL 13MM Z1JFF0213 DCA',1,3,305694,435000,478500,0,0,0,'y','2017-05-08 14:39:43','developer','0000-00-00 00:00:00','',0),(17,1,1,'','01010017','MESIN ROTARY HAMMER 20MM Z1CFF0220 DCA',1,3,656250,1074091,1181500,0,0,0,'y','2017-05-08 14:39:43','developer','0000-00-00 00:00:00','',0),(18,1,1,'','01010018','MESIN ROTARY HAMMER 26MM Z1CFF26 DCA',1,3,675500,1305909,1436500,0,0,0,'y','2017-05-08 14:39:43','developer','0000-00-00 00:00:00','',0),(19,1,1,'','01010019','MESIN ROTARY HAMMER 38MM Z1CFF38 DCA',1,3,1643071,3321818,3654000,0,0,0,'y','2017-05-08 14:39:43','developer','0000-00-00 00:00:00','',0),(20,1,1,'','01010020','DEMOLITION HAMMER HEX17 Z1GFF6 DCA',1,3,1260000,2613636,2875000,0,0,0,'y','2017-05-08 14:39:43','developer','0000-00-00 00:00:00','',0),(21,1,1,'','01010021','DEMOLITION HAMMER HEX30  Z1GFF15 DCA',1,3,2362500,3973636,4371000,0,0,0,'y','2017-05-08 14:39:43','developer','0000-00-00 00:00:00','',0),(22,1,1,'','01010022','DEMOLITION HAMMER SDS MAX Z1GFF10 DCA',1,3,0,4294545,4724000,0,0,0,'y','2017-05-08 14:39:43','developer','0000-00-00 00:00:00','',0),(23,1,2,'','01020023','MESIN GERINDA 4 GA 4030 MAKITA.',1,1,430909,599091,659000,0,0,0,'y','2017-05-08 14:39:43','developer','0000-00-00 00:00:00','',0),(24,1,2,'','01020024','MESIN GERINDA 4 N 9500N MAKITA',1,1,1092500,1213636,1335000,0,0,0,'y','2017-05-08 14:39:43','developer','0000-00-00 00:00:00','',0),(25,1,2,'','01020025','MESIN CUT OFF 14 MT240MT241 MAKTEC.',1,2,1248727,1489091,1638000,0,0,0,'y','2017-05-08 14:39:43','developer','0000-00-00 00:00:00','',0),(26,1,2,'','01020026','MESIN GERINDA 4 GWS 5100 BOSCH',1,4,290110,468182,515000,0,0,0,'y','2017-05-08 14:39:43','developer','0000-00-00 00:00:00','',0),(27,1,2,'','01020027','MESIN JIG SAW 85MM M1QFF85 DCA',1,3,601304,1007273,1108000,0,0,0,'y','2017-05-08 14:39:43','developer','0000-00-00 00:00:00','',0),(28,1,2,'','01020028','MESIN MARBLE CUTTER 110MM Z1EFF110 DCA',1,3,374412,580909,639000,0,0,0,'y','2017-05-08 14:39:44','developer','0000-00-00 00:00:00','',0),(29,1,2,'','01020029','MESIN MARBLE CUTTER 180MM Z1EFF180 DCA',1,3,712500,1669091,1836000,0,0,0,'y','2017-05-08 14:39:44','developer','0000-00-00 00:00:00','',0),(30,1,2,'','01020030','MESIN CUT OFF 14 J1GFF02355 DCA',1,3,1081503,1526364,1679000,0,0,0,'y','2017-05-08 14:39:44','developer','0000-00-00 00:00:00','',0),(31,1,2,'','01020031','MESIN CIRCULAR SAW 7 M1YFF185 DCA',1,3,590308,863636,950000,0,0,0,'y','2017-05-08 14:39:44','developer','0000-00-00 00:00:00','',0),(32,1,2,'','01020032','MESIN CIRCULAR SAW 9 M1YFF235 DCA',1,3,0,1486364,1635000,0,0,0,'y','2017-05-08 14:39:44','developer','0000-00-00 00:00:00','',0),(33,1,2,'','01020033','MESIN MITER SAW 10 J1XFF255 DCA',1,3,1785000,2698182,2968000,0,0,0,'y','2017-05-08 14:39:44','developer','0000-00-00 00:00:00','',0),(34,1,2,'','01020034','MESIN GERINDA 4 S1MFF100A DCA',1,3,261954,339545,373500,0,0,0,'y','2017-05-08 14:39:44','developer','0000-00-00 00:00:00','',0),(35,1,2,'','01020035','MESIN GERINDA 4 S1MFF02100A DCA',1,3,242612,370909,408000,0,0,0,'y','2017-05-08 14:39:44','developer','0000-00-00 00:00:00','',0),(36,1,2,'','01020036','MESIN GERINDA 4 S1MFF03100A DCA',1,3,245226,338636,372500,0,0,0,'y','2017-05-08 14:39:44','developer','0000-00-00 00:00:00','',0),(37,1,2,'','01020037','MESIN GERINDA 4 S1MFF10100 DCA',1,3,453550,670909,738000,0,0,0,'y','2017-05-08 14:39:44','developer','0000-00-00 00:00:00','',0),(38,1,2,'','01020038','MESIN GERINDA 5 S1MFF125A DCA',1,3,0,480909,529000,0,0,0,'y','2017-05-08 14:39:44','developer','0000-00-00 00:00:00','',0),(39,1,2,'','01020039','MESIN GERINDA 7 S1MFF180A DCA',1,3,770070,1090000,1199000,0,0,0,'y','2017-05-08 14:39:44','developer','0000-00-00 00:00:00','',0),(40,1,3,'','01030040','MESIN ROUTER 12 M1RFF12 DCA',1,3,696217,1157273,1273000,0,0,0,'y','2017-05-08 14:39:44','developer','0000-00-00 00:00:00','',0),(41,1,3,'','01030041','MESIN ORBITAL SANDER S1BFF110X100 DCA',1,3,223146,359091,395000,0,0,0,'y','2017-05-08 14:39:44','developer','0000-00-00 00:00:00','',0),(42,1,3,'','01030042','MESIN ORBITAL SANDER S1BFF93X185 DCA',1,3,250900,398182,438000,0,0,0,'y','2017-05-08 14:39:44','developer','0000-00-00 00:00:00','',0),(43,1,3,'','01030043','MESIN BLOWER 680W Q1FFF2832 DCA',1,3,315000,502727,553000,0,0,0,'y','2017-05-08 14:39:44','developer','0000-00-00 00:00:00','',0),(44,1,3,'','01030044','HOT GUN 1600W Q1BFF021600 DCA',1,3,212738,333636,367000,0,0,0,'y','2017-05-08 14:39:44','developer','0000-00-00 00:00:00','',0),(45,1,3,'','01030045','HOT GUN 2000W Q1BFF2000 DCA',1,3,236250,379091,417000,0,0,0,'y','2017-05-08 14:39:45','developer','0000-00-00 00:00:00','',0),(46,1,3,'','01030046','MESIN IMPACT WRENCH 12 P1BFF20C DCA',1,3,0,1120000,1232000,0,0,0,'y','2017-05-08 14:39:45','developer','0000-00-00 00:00:00','',0),(47,1,3,'','01030047','POWER MIXER 160MM Q1UFF160 DCA',1,3,435904,898182,988000,0,0,0,'y','2017-05-08 14:39:45','developer','0000-00-00 00:00:00','',0),(48,2,4,'','02040048','KLEM C HD 10 ORANGE 356105 JASON',1,5,81818,126818,139500,0,0,0,'y','2017-05-08 14:39:45','developer','0000-00-00 00:00:00','',0),(49,2,4,'','02040049','KLEM C HD 12 ORANGE 356106 JASON',1,5,105056,140909,155000,0,0,0,'y','2017-05-08 14:39:45','developer','0000-00-00 00:00:00','',0),(50,2,4,'8997018199845','02040050','KLEM C HD 4 ORANGE 356101 JASON',1,5,36591,52273,57500,0,0,0,'y','2017-05-08 14:39:45','developer','0000-00-00 00:00:00','',0),(51,2,4,'8997018199852','02040051','KLEM C HD 5 ORANGE 356102 JASON',1,5,44546,63636,70000,0,0,0,'y','2017-05-08 14:39:45','developer','0000-00-00 00:00:00','',0),(52,2,4,'8997018199869','02040052','KLEM C HD 6 ORANGE 356103 JASON',1,5,51137,81818,90000,0,0,0,'y','2017-05-08 14:39:45','developer','0000-00-00 00:00:00','',0),(53,2,4,'8997018199876','02040053','KLEM C HD 8 ORANGE 356104 JASON',1,5,67954,109091,120000,0,0,0,'y','2017-05-08 14:39:45','developer','0000-00-00 00:00:00','',0),(54,2,4,'8997018192655','02040054','CATOK MEJA 60MM 356071 JASON',1,5,95455,142273,156500,0,0,0,'y','2017-05-08 14:39:45','developer','0000-00-00 00:00:00','',0),(55,2,4,'8997011422490','02040055','CATOK PARON 3 356011 JASON',1,5,292728,463636,510000,0,0,0,'y','2017-05-08 14:39:45','developer','0000-00-00 00:00:00','',0),(56,2,4,'8997011422506','02040056','CATOK PARON 4 356012 JASON',1,5,368182,606818,667500,0,0,0,'y','2017-05-08 14:39:45','developer','0000-00-00 00:00:00','',0),(57,2,4,'8997011422513','02040057','CATOK PARON 5 356013 JASON',1,5,496591,894545,984000,0,0,0,'y','2017-05-08 14:39:45','developer','0000-00-00 00:00:00','',0),(58,2,4,'','02040058','CATOK PARON 6 356014 JASON',1,5,738636,1286818,1415500,0,0,0,'y','2017-05-08 14:39:46','developer','0000-00-00 00:00:00','',0),(59,2,4,'8997011425941','02040059','CATOK PARON 8 356015 JASON',1,5,909091,2368182,2605000,0,0,0,'y','2017-05-08 14:39:46','developer','0000-00-00 00:00:00','',0),(60,2,5,'8997011421349','02050060','PALU BATU HDL FB 10LBX400MM 354006JASON',1,5,0,379091,417000,0,0,0,'y','2017-05-08 14:39:46','developer','0000-00-00 00:00:00','',0),(61,2,5,'','02050061','PALU BATU HDL FB 12LBX900MM 354007JASON',1,5,214318,431364,474500,0,0,0,'y','2017-05-08 14:39:46','developer','0000-00-00 00:00:00','',0),(62,2,5,'','02050062','PALU BATU HDL FB 14LBX900MM 354008JASON',1,5,0,479091,527000,0,0,0,'y','2017-05-08 14:39:46','developer','0000-00-00 00:00:00','',0),(63,2,5,'8997011425941','02050063','PALU BATU HDL FB 2LBX300MM 354001 JASON',1,5,52159,100000,110000,0,0,0,'y','2017-05-08 14:39:46','developer','0000-00-00 00:00:00','',0),(64,2,5,'','02050064','PALU BATU HDL FB 3LBX350MM 354002 JASON',1,5,68181,120000,132000,0,0,0,'y','2017-05-08 14:39:46','developer','0000-00-00 00:00:00','',0),(65,2,5,'','02050065','PALU BATU HDL FB 4LBX400MM 354003 JASON',1,5,90909,159545,175500,0,0,0,'y','2017-05-08 14:39:46','developer','0000-00-00 00:00:00','',0),(66,2,5,'','02050066','PALU BATU HDL FB 6LBX900MM 354004 JASON',1,5,157454,280455,308501,0,0,0,'y','2017-05-08 14:39:46','developer','0000-00-00 00:00:00','',0),(67,2,5,'','02050067','PALU BATU HDL FB 8LBX900MM 354005 JASON',1,5,184091,322727,355000,0,0,0,'y','2017-05-08 14:39:46','developer','0000-00-00 00:00:00','',0),(68,2,5,'','02050068','PALU BATU HDL KY 2LBX350MM 354090 JASON',1,5,44034,70909,78000,0,0,0,'y','2017-05-08 14:39:46','developer','0000-00-00 00:00:00','',0),(69,2,5,'','02050069','PALU BATU HDL KY 3LBX380MM 354091 JASON',1,5,56819,86818,95500,0,0,0,'y','2017-05-08 14:39:46','developer','0000-00-00 00:00:00','',0),(70,2,5,'','02050070','PALU BATU HDL KY 4LBX400MM 354092 JASON',1,5,60114,103182,113500,0,0,0,'y','2017-05-08 14:39:46','developer','0000-00-00 00:00:00','',0),(71,2,5,'','02050071','PALU FINIL ORANGE 1,5LB 354102 JASON',1,5,63637,152727,168000,0,0,0,'y','2017-05-08 14:39:46','developer','0000-00-00 00:00:00','',0),(72,2,5,'8997018199050','02050072','PALU FINIL ORANGE 1LB 354101 JASON',1,5,51515,123182,135500,0,0,0,'y','2017-05-08 14:39:46','developer','0000-00-00 00:00:00','',0),(73,2,5,'','02050073','PALU FINIL ORANGE 2LB 354103 JASON',1,5,114546,173636,191000,0,0,0,'y','2017-05-08 14:39:47','developer','0000-00-00 00:00:00','',0),(74,2,5,'','02050074','PALU KAMBING FB 13OZ  354022 JASON',1,5,38182,76364,84000,0,0,0,'y','2017-05-08 14:39:47','developer','0000-00-00 00:00:00','',0),(75,2,5,'','02050075','PALU KAMBING FB 16OZ 354023 JASON',1,5,41364,83182,91500,0,0,0,'y','2017-05-08 14:39:47','developer','0000-00-00 00:00:00','',0),(76,2,5,'','02050076','PALU KAMBING FB 8OZ 354021 JASON',1,5,28637,50455,55501,0,0,0,'y','2017-05-08 14:39:47','developer','0000-00-00 00:00:00','',0),(77,2,5,'','02050077','PALU KAMBING HDL BESI 16OZ 354083 JASON',1,5,68182,151364,166500,0,0,0,'y','2017-05-08 14:39:48','developer','0000-00-00 00:00:00','',0),(78,2,5,'8997011424579','02050078','PALU KAMBING HDL KY 16OZ 354033 JASON',1,5,39773,82727,91000,0,0,0,'y','2017-05-08 14:39:48','developer','0000-00-00 00:00:00','',0),(79,2,5,'8997011424562','02050079','PALU KAMBING HDL KY 8OZ 354031 JASON',1,5,31818,50909,56000,0,0,0,'y','2017-05-08 14:39:48','developer','0000-00-00 00:00:00','',0),(80,2,5,'','02050080','PALU KAMBING MINI 8OZ 354084 JASON',1,5,28409,52273,57500,0,0,0,'y','2017-05-08 14:39:49','developer','0000-00-00 00:00:00','',0),(81,2,5,'8997018190163','02050081','PALU KETOK KARAT FBR 0,3KG 354063 JASON',1,5,31250,60909,67000,0,0,0,'y','2017-05-08 14:39:49','developer','0000-00-00 00:00:00','',0),(82,2,5,'8997018190170','02050082','PALU KETOK KARAT FBR 0,5KG 354065 JASON',1,5,42954,75000,82500,0,0,0,'y','2017-05-08 14:39:49','developer','0000-00-00 00:00:00','',0),(83,2,5,'','02050083','PALU KONDE FBR 16OZ 354013 JASON',1,5,44546,65000,71500,0,0,0,'y','2017-05-08 14:39:49','developer','0000-00-00 00:00:00','',0),(84,2,5,'','02050084','PALU KONDE FBR 24OZ 354014 JASON',1,5,50909,76364,84000,0,0,0,'y','2017-05-08 14:39:49','developer','0000-00-00 00:00:00','',0),(85,2,5,'','02050085','PALU KONDE FBR 32OZ 354015 JASON',1,5,62499,114091,125500,0,0,0,'y','2017-05-08 14:39:49','developer','0000-00-00 00:00:00','',0),(86,2,5,'','02050086','PALU KONDE FBR 8OZ 354011 JASON',1,5,31818,48636,53500,0,0,0,'y','2017-05-08 14:39:49','developer','0000-00-00 00:00:00','',0),(87,2,5,'8997011424593','02050087','PALU KONDE KY 12OZ 354042 JASON',1,5,33465,56364,62000,0,0,0,'y','2017-05-08 14:39:49','developer','0000-00-00 00:00:00','',0),(88,2,5,'8997011424609','02050088','PALU KONDE KY 16OZ 354043 JASON',1,5,37910,64091,70500,0,0,0,'y','2017-05-08 14:39:49','developer','0000-00-00 00:00:00','',0),(89,2,5,'8997011424616','02050089','PALU KONDE KY 24OZ 354044 JASON',1,5,44546,74091,81500,0,0,0,'y','2017-05-08 14:39:49','developer','0000-00-00 00:00:00','',0),(90,2,5,'8997011424623','02050090','PALU KONDE KY 32OZ 354045 JASON',1,5,50909,110909,122000,0,0,0,'y','2017-05-08 14:39:49','developer','0000-00-00 00:00:00','',0),(91,2,5,'8997011424586','02050091','PALU KONDE KY 8OZ 354041 JASON',1,5,31575,48636,53500,0,0,0,'y','2017-05-08 14:39:50','developer','0000-00-00 00:00:00','',0),(92,2,5,'','02050092','PALU TUKANG FBR 0,14KG 354071 JASON',1,5,28000,44545,49000,0,0,0,'y','2017-05-08 14:39:50','developer','0000-00-00 00:00:00','',0),(93,2,5,'','02050093','PALU TUKANG FBR 0,21KG 354072 JASON',1,5,31818,50455,55501,0,0,0,'y','2017-05-08 14:39:50','developer','0000-00-00 00:00:00','',0),(94,2,5,'','02050094','PALU TUKANG FBR 0,24KG 354073 JASON',1,5,35000,55455,61001,0,0,0,'y','2017-05-08 14:39:50','developer','0000-00-00 00:00:00','',0),(95,2,5,'','02050095','PALU TUKANG FBR 0,52KG 354074 JASON',1,5,46022,75000,82500,0,0,0,'y','2017-05-08 14:39:50','developer','0000-00-00 00:00:00','',0),(96,2,5,'8997011426795','02050096','PALU KARET FBR 12OZ 354052 JASON',1,5,24183,37273,41000,0,0,0,'y','2017-05-08 14:39:50','developer','0000-00-00 00:00:00','',0),(97,2,5,'8997011426801','02050097','PALU KARET FBR 16OZ 354053 JASON',1,5,30069,46818,51500,0,0,0,'y','2017-05-08 14:39:50','developer','0000-00-00 00:00:00','',0),(98,2,5,'8997011426818','02050098','PALU KARET FBR 24OZ 354054 JASON',1,5,37546,56364,62000,0,0,0,'y','2017-05-08 14:39:50','developer','0000-00-00 00:00:00','',0),(99,2,5,'8997011426788','02050099','PALU KARET FBR 8OZ 354051 JASON',1,5,20865,35455,39001,0,0,0,'y','2017-05-08 14:39:50','developer','0000-00-00 00:00:00','',0),(100,2,6,'','02060100','TANG KOMBINASI ADJ 8 347004 JASON',1,5,72672,149545,164500,0,0,0,'y','2017-05-08 14:39:50','developer','0000-00-00 00:00:00','',0),(101,2,6,'','02060101','TANG KOMBINASI CHR 6 347007 JASON',1,5,26091,41818,46000,0,0,0,'y','2017-05-08 14:39:50','developer','0000-00-00 00:00:00','',0),(102,2,6,'8997011428782','02060102','TANG KOMBINASI CHR 7 347008 JASON',1,5,29273,46818,51500,0,0,0,'y','2017-05-08 14:39:50','developer','0000-00-00 00:00:00','',0),(103,2,6,'8997011428799','02060103','TANG KOMBINASI CHR 8 347009 JASON',1,5,33091,52273,57500,0,0,0,'y','2017-05-08 14:39:50','developer','0000-00-00 00:00:00','',0),(104,2,6,'','02060104','TANG KOMBINASI MINI 4.5 347000 JASON',1,5,14000,23636,26000,0,0,0,'y','2017-05-08 14:39:50','developer','0000-00-00 00:00:00','',0),(105,2,6,'','02060105','TANG KOMBINASI STN 6 347001 JASON',1,5,28637,46818,51500,0,0,0,'y','2017-05-08 14:39:51','developer','0000-00-00 00:00:00','',0),(106,2,6,'','02060106','TANG KOMBINASI STN 7 347002 JASON',1,5,31818,50455,55501,0,0,0,'y','2017-05-08 14:39:51','developer','0000-00-00 00:00:00','',0),(107,2,6,'','02060107','TANG KOMBINASI STN 8 347003 JASON',1,5,38182,56364,62000,0,0,0,'y','2017-05-08 14:39:51','developer','0000-00-00 00:00:00','',0),(108,2,6,'','02060108','TANG MINI STN 5PCS 347100 JASON',1,5,89091,125000,137500,0,0,0,'y','2017-05-08 14:39:51','developer','0000-00-00 00:00:00','',0),(109,2,6,'','02060109','TANG KUPAS KABEL 6 347066 JASON',1,5,39886,61364,67500,0,0,0,'y','2017-05-08 14:39:51','developer','0000-00-00 00:00:00','',0),(110,2,6,'','02060110','TANG KUPAS KABEL AUTO  BS 347068 JASON',1,5,35000,67273,74000,0,0,0,'y','2017-05-08 14:39:51','developer','0000-00-00 00:00:00','',0),(111,2,6,'','02060111','TANG KUPAS KABEL AUTO 7 347067 JASON',1,5,38183,57273,63000,0,0,0,'y','2017-05-08 14:39:51','developer','0000-00-00 00:00:00','',0),(112,2,6,'8997011428805','02060112','TANG POTONG CHR 6 347022 JASON',1,5,23011,38182,42000,0,0,0,'y','2017-05-08 14:39:52','developer','0000-00-00 00:00:00','',0),(113,2,6,'','02060113','TANG POTONG HD 7.5 347020 JASON',1,5,72727,175000,192500,0,0,0,'y','2017-05-08 14:39:52','developer','0000-00-00 00:00:00','',0),(114,2,6,'','02060114','TANG POTONG KABEL 10 362090 JASON',1,5,70000,115909,127500,0,0,0,'y','2017-05-08 14:39:52','developer','0000-00-00 00:00:00','',0),(115,2,6,'','02060115','TANG POTONG MINI 4.5 347006 JASON',1,5,14000,23636,26000,0,0,0,'y','2017-05-08 14:39:52','developer','0000-00-00 00:00:00','',0),(116,2,6,'','02060116','TANG POTONG MINI CRV 347101 JASON',1,5,24546,48182,53000,0,0,0,'y','2017-05-08 14:39:52','developer','0000-00-00 00:00:00','',0),(117,2,6,'','02060117','TANG POTONG STN 6 347021 JASON',1,5,26727,41818,46000,0,0,0,'y','2017-05-08 14:39:52','developer','0000-00-00 00:00:00','',0),(118,2,6,'','02060118','TANG LANCIP BKK MINI 4.5 347071 JASON',1,5,14000,23636,26000,0,0,0,'y','2017-05-08 14:39:53','developer','0000-00-00 00:00:00','',0),(119,2,6,'8997011428812','02060119','TANG LANCIP CHR 6 347012 JASON',1,5,23864,39091,43000,0,0,0,'y','2017-05-08 14:39:53','developer','0000-00-00 00:00:00','',0),(120,2,6,'','02060120','TANG LANCIP HD 8 347010 JASON',1,5,72727,175000,192500,0,0,0,'y','2017-05-08 14:39:53','developer','0000-00-00 00:00:00','',0),(121,2,6,'','02060121','TANG LANCIP MINI 4.5 347016 JASON',1,5,14000,23636,26000,0,0,0,'y','2017-05-08 14:39:53','developer','0000-00-00 00:00:00','',0),(122,2,6,'','02060122','TANG LANCIP STN 6 347011 JASON',1,5,26728,41818,46000,0,0,0,'y','2017-05-08 14:39:53','developer','0000-00-00 00:00:00','',0),(123,2,6,'','02060123','TANG BUAYA BULAT 10 347033 JASON',1,5,36909,57727,63500,0,0,0,'y','2017-05-08 14:39:53','developer','0000-00-00 00:00:00','',0),(124,2,6,'','02060124','TANG BUAYA BULAT 5 347028 JASON',1,5,0,65000,71500,0,0,0,'y','2017-05-08 14:39:53','developer','0000-00-00 00:00:00','',0),(125,2,6,'8997011425200','02060125','TANG BUAYA FLAT 10 347032 JASON',1,5,36910,57727,63500,0,0,0,'y','2017-05-08 14:39:53','developer','0000-00-00 00:00:00','',0),(126,2,6,'','02060126','TANG BUAYA FLAT 5 347034 JASON',1,5,0,65000,71500,0,0,0,'y','2017-05-08 14:39:53','developer','0000-00-00 00:00:00','',0),(127,2,6,'8997011420618','02060127','TANG BUAYA OVAL 10 347031 JASON',1,5,36909,57727,63500,0,0,0,'y','2017-05-08 14:39:53','developer','0000-00-00 00:00:00','',0),(128,2,6,'','02060128','TANG BUAYA OVAL 5 347037 JASON',1,5,0,65000,71500,0,0,0,'y','2017-05-08 14:39:53','developer','0000-00-00 00:00:00','',0),(129,2,6,'8997011420458','02060129','TANG SNAPRING B.EXT 7 347051 JASON',1,5,23864,44091,48500,0,0,0,'y','2017-05-08 14:39:53','developer','0000-00-00 00:00:00','',0),(130,2,6,'8997011420434','02060130','TANG SNAPRING B.INT 7 347053 JASON',1,5,23863,44091,48500,0,0,0,'y','2017-05-08 14:39:53','developer','0000-00-00 00:00:00','',0),(131,2,6,'8997011420441','02060131','TANG SNAPRING L.EXT 7 347052 JASON',1,5,23864,44091,48500,0,0,0,'y','2017-05-08 14:39:53','developer','0000-00-00 00:00:00','',0),(132,2,6,'8997011420427','02060132','TANG SNAPRING L.INT 7 347054 JASON',1,5,23863,44091,48500,0,0,0,'y','2017-05-08 14:39:54','developer','0000-00-00 00:00:00','',0),(133,2,6,'','02060133','TANG CRIMPING 7.5 SK7202B 347112JASON',1,5,75859,118182,130000,0,0,0,'y','2017-05-08 14:39:54','developer','0000-00-00 00:00:00','',0),(134,2,6,'','02060134','TANG CRIMPING 7 SK7041 347111 JASON',1,5,63000,85909,94500,0,0,0,'y','2017-05-08 14:39:54','developer','0000-00-00 00:00:00','',0),(135,2,6,'','02060135','TANG CRIMPING 8 347069 JASON',1,5,80959,132727,146000,0,0,0,'y','2017-05-08 14:39:54','developer','0000-00-00 00:00:00','',0),(136,2,6,'','02060136','TANG TERMINAL 26PCS 347065 JASON',1,5,106655,167727,184500,0,0,0,'y','2017-05-08 14:39:54','developer','0000-00-00 00:00:00','',0),(137,2,6,'','02060137','TANG RIVET CHR 347042 JASON',1,5,63637,116818,128500,0,0,0,'y','2017-05-08 14:39:54','developer','0000-00-00 00:00:00','',0),(138,2,6,'','02060138','TANG RIVET HD JAPAN TYPE 347043 JASON',1,5,101819,187273,206000,0,0,0,'y','2017-05-08 14:39:54','developer','0000-00-00 00:00:00','',0),(139,2,6,'8997011420762','02060139','TANG RIVET HTM 347041 JASON',1,5,60015,113182,124500,0,0,0,'y','2017-05-08 14:39:54','developer','0000-00-00 00:00:00','',0),(140,2,6,'','02060140','TANG RIVET PUTAR 360 347044 JASON',1,5,124091,225000,247500,0,0,0,'y','2017-05-08 14:39:54','developer','0000-00-00 00:00:00','',0),(141,2,6,'','02060141','TANG PLONG KULIT 10 347200 JASON',1,5,40924,99545,109500,0,0,0,'y','2017-05-08 14:39:54','developer','0000-00-00 00:00:00','',0),(142,2,6,'','02060142','TANG KAKAKTUA MINI CRV 347103 JASON',1,5,21197,48182,53000,0,0,0,'y','2017-05-08 14:39:54','developer','0000-00-00 00:00:00','',0),(143,2,6,'','02060143','TANG KAKAKTUA 10 347095 JASON',1,5,47728,71364,78500,0,0,0,'y','2017-05-08 14:39:54','developer','0000-00-00 00:00:00','',0),(144,2,6,'','02060144','TANG KAKAKTUA 7 347077 JASON',1,5,31818,48636,53500,0,0,0,'y','2017-05-08 14:39:54','developer','0000-00-00 00:00:00','',0),(145,2,6,'','02060145','TANG KAKAKTUA 8 347078 JASON',1,5,38183,57273,63000,0,0,0,'y','2017-05-08 14:39:55','developer','0000-00-00 00:00:00','',0),(146,2,6,'','02060146','TANG KAKAKTUA 9 347094 JASON',1,5,44546,65000,71500,0,0,0,'y','2017-05-08 14:39:55','developer','0000-00-00 00:00:00','',0),(147,2,6,'','02060147','TANG KAKAKTUA MINI 4.5 347026 JASON',1,5,14000,23636,26000,0,0,0,'y','2017-05-08 14:39:55','developer','0000-00-00 00:00:00','',0),(148,2,6,'','02060148','TANG GROOVE JOINT 10 347084 JASON',1,5,27272,59091,65000,0,0,0,'y','2017-05-08 14:39:55','developer','0000-00-00 00:00:00','',0),(149,2,6,'','02060149','TANG GROOVE JOINT 12 347085 JASON',1,5,0,75455,83001,0,0,0,'y','2017-05-08 14:39:55','developer','0000-00-00 00:00:00','',0),(150,2,6,'','02060150','TANG SIWALAN GERGAJI 347401 JASON',1,5,50910,75455,83001,0,0,0,'y','2017-05-08 14:39:55','developer','0000-00-00 00:00:00','',0),(151,2,6,'','02060151','TANG SLIP JOINT 6 347046 JASON',1,5,22886,37273,41000,0,0,0,'y','2017-05-08 14:39:55','developer','0000-00-00 00:00:00','',0),(152,2,6,'','02060152','TANG SLIP JOINT 8 347047 JASON',1,5,28637,44545,49000,0,0,0,'y','2017-05-08 14:39:55','developer','0000-00-00 00:00:00','',0),(153,2,7,'','02070153','OBENG  C_LINE 3X3MM 348542 JASON',1,5,2605,5909,6500,0,0,0,'y','2017-05-08 14:39:55','developer','0000-00-00 00:00:00','',0),(154,2,7,'8997018193973','02070154','OBENG  C_LINE 5X3MM 348046 JASON',1,5,3712,6818,7500,0,0,0,'y','2017-05-08 14:39:55','developer','0000-00-00 00:00:00','',0),(155,2,7,'8997018193850','02070155','OBENG  C_LINE 6X100MM 348024 JASON',1,5,13249,21818,24000,0,0,0,'y','2017-05-08 14:39:55','developer','0000-00-00 00:00:00','',0),(156,2,7,'8997018193874','02070156','OBENG  C_LINE 6X125MM 348026 JASON',1,5,14053,25000,27500,0,0,0,'y','2017-05-08 14:39:55','developer','0000-00-00 00:00:00','',0),(157,2,7,'8997018193898','02070157','OBENG  C_LINE 6X150MM 348028 JASON',1,5,14574,25000,27500,0,0,0,'y','2017-05-08 14:39:55','developer','0000-00-00 00:00:00','',0),(158,2,7,'8997018193991','02070158','OBENG  C_LINE 6X200MM 348030 JASON',1,5,16175,29091,32000,0,0,0,'y','2017-05-08 14:39:55','developer','0000-00-00 00:00:00','',0),(159,2,7,'8997018193997','02070159','OBENG  C_LINE 6X3MM 348048 JASON',1,5,4242,7727,8500,0,0,0,'y','2017-05-08 14:39:56','developer','0000-00-00 00:00:00','',0),(160,2,7,'8997018193836','02070160','OBENG  C_LINE 6X75MM 348022 JASON',1,5,11871,19545,21500,0,0,0,'y','2017-05-08 14:39:56','developer','0000-00-00 00:00:00','',0),(161,2,7,'8997018194017','02070161','OBENG  C_LINE 8X3MM 348050 JASON',1,5,4025,8636,9500,0,0,0,'y','2017-05-08 14:39:56','developer','0000-00-00 00:00:00','',0),(162,2,7,'','02070162','OBENG  MINI 1,5X6MM 348082 JASON',1,5,9280,14545,16000,0,0,0,'y','2017-05-08 14:39:56','developer','0000-00-00 00:00:00','',0),(163,2,7,'','02070163','OBENG LISTRIK 4X100MM 348091 JASON',1,5,10042,29091,32000,0,0,0,'y','2017-05-08 14:39:56','developer','0000-00-00 00:00:00','',0),(164,2,7,'','02070164','OBENG LISTRIK 5,5X125MM 348092 JASON',1,5,12632,38636,42500,0,0,0,'y','2017-05-08 14:39:56','developer','0000-00-00 00:00:00','',0),(165,2,7,'','02070165','OBENG LISTRIK 6,5X150MM 348093 JASON',1,5,14489,39545,43500,0,0,0,'y','2017-05-08 14:39:56','developer','0000-00-00 00:00:00','',0),(166,2,7,'','02070166','OBENG  C_LINE 3X3MM 348541 JASON',1,5,2595,5909,6500,0,0,0,'y','2017-05-08 14:39:56','developer','0000-00-00 00:00:00','',0),(167,2,7,'','02070167','OBENG  C_LINE 4X3MM 348543 JASON',1,5,3447,6364,7000,0,0,0,'y','2017-05-08 14:39:56','developer','0000-00-00 00:00:00','',0),(168,2,7,'8997018193966','02070168','OBENG  C_LINE 5X3MM 348045 JASON',1,5,3579,6818,7500,0,0,0,'y','2017-05-08 14:39:56','developer','0000-00-00 00:00:00','',0),(169,2,7,'8997018193843','02070169','OBENG  C_LINE 6X100MM 348023 JASON',1,5,13258,21818,24000,0,0,0,'y','2017-05-08 14:39:56','developer','0000-00-00 00:00:00','',0),(170,2,7,'8997018193867','02070170','OBENG  C_LINE 6X125MM 348025 JASON',1,5,11837,25000,27500,0,0,0,'y','2017-05-08 14:39:56','developer','0000-00-00 00:00:00','',0),(171,2,7,'8997018193881','02070171','OBENG  C_LINE 6X150MM 348027 JASON',1,5,14583,25000,27500,0,0,0,'y','2017-05-08 14:39:57','developer','0000-00-00 00:00:00','',0),(172,2,7,'8997018193904','02070172','OBENG  C_LINE 6X200MM 348029 JASON',1,5,16174,29091,32000,0,0,0,'y','2017-05-08 14:39:57','developer','0000-00-00 00:00:00','',0),(173,2,7,'8997018193980','02070173','OBENG  C_LINE 6X3MM 348047 JASON',1,5,4243,7727,8500,0,0,0,'y','2017-05-08 14:39:57','developer','0000-00-00 00:00:00','',0),(174,2,7,'8997018193829','02070174','OBENG  C_LINE 6X75MM 348021 JASON',1,5,11932,19545,21500,0,0,0,'y','2017-05-08 14:39:57','developer','0000-00-00 00:00:00','',0),(175,2,7,'8997018194000','02070175','OBENG  C_LINE 8X3MM 348049 JASON',1,5,3900,8636,9500,0,0,0,'y','2017-05-08 14:39:57','developer','0000-00-00 00:00:00','',0),(176,2,7,'','02070176','OBENG  MINI 1,5X6MM 348081 JASON',1,5,8485,13182,14500,0,0,0,'y','2017-05-08 14:39:57','developer','0000-00-00 00:00:00','',0),(177,2,7,'','02070177','OBENG LISTRIK PH0X60MM 348094 JASON',1,5,10948,26364,29000,0,0,0,'y','2017-05-08 14:39:57','developer','0000-00-00 00:00:00','',0),(178,2,7,'','02070178','OBENG LISTRIK PH1X80MM 348095 JASON',1,5,15105,35455,39001,0,0,0,'y','2017-05-08 14:39:57','developer','0000-00-00 00:00:00','',0),(179,2,7,'','02070179','OBENG BOLAKBALIK MULTIFUNGSI348212JASON',1,5,27614,46818,51500,0,0,0,'y','2017-05-08 14:39:57','developer','0000-00-00 00:00:00','',0),(180,2,7,'','02070180','OBENG FARADIC TESTER 348116 JASON',1,5,14000,22273,24500,0,0,0,'y','2017-05-08 14:39:57','developer','0000-00-00 00:00:00','',0),(181,2,7,'8994844008686','02070181','OBENG TESPEN 2 WAY 348114 JASON',1,5,18236,37273,41000,0,0,0,'y','2017-05-08 14:39:57','developer','0000-00-00 00:00:00','',0),(182,2,7,'','02070182','OBENG TESPEN 7,5 348112 JASON',1,5,16546,20909,23000,0,0,0,'y','2017-05-08 14:39:57','developer','0000-00-00 00:00:00','',0),(183,2,7,'8997011420380','02070183','OBENG TESPEN 7 348111 JASON',1,5,6873,12727,14000,0,0,0,'y','2017-05-08 14:39:57','developer','0000-00-00 00:00:00','',0),(184,2,7,'8997018198503','02070184','OBENGTEMBUS G.BIRU 3X5MM 348131JASON',1,5,12728,19091,21000,0,0,0,'y','2017-05-08 14:39:58','developer','0000-00-00 00:00:00','',0),(185,2,7,'8997018198527','02070185','OBENGTEMBUS G.BIRU 4X6MM 348133JASON',1,5,9849,21364,23500,0,0,0,'y','2017-05-08 14:39:58','developer','0000-00-00 00:00:00','',0),(186,2,7,'8997018198541','02070186','OBENGTEMBUS G.BIRU 5X6MM 348135JASON',1,5,14848,21818,24000,0,0,0,'y','2017-05-08 14:39:58','developer','0000-00-00 00:00:00','',0),(187,2,7,'8997018198565','02070187','OBENGTEMBUS G.BIRU 6X6MM 348137JASON',1,5,15909,24091,26500,0,0,0,'y','2017-05-08 14:39:58','developer','0000-00-00 00:00:00','',0),(188,2,7,'8997018198589','02070188','OBENGTEMBUS G.BIRU 8X6MM 348139JASON',1,5,22273,33182,36500,0,0,0,'y','2017-05-08 14:39:58','developer','0000-00-00 00:00:00','',0),(189,2,7,'8997018198497','02070189','OBENGTEMBUS G.BIRU 3X5MM 348130JASON',1,5,12728,19091,21000,0,0,0,'y','2017-05-08 14:39:58','developer','0000-00-00 00:00:00','',0),(190,2,7,'8997018198510','02070190','OBENGTEMBUS G.BIRU 4X6MM 348132JASON',1,5,13789,21364,23500,0,0,0,'y','2017-05-08 14:39:58','developer','0000-00-00 00:00:00','',0),(191,2,7,'8997018198534','02070191','OBENGTEMBUS G.BIRU 5X6MM 348134JASON',1,5,14848,22273,24500,0,0,0,'y','2017-05-08 14:39:58','developer','0000-00-00 00:00:00','',0),(192,2,7,'8997018198558','02070192','OBENGTEMBUS G.BIRU 6X6MM 348136JASON',1,5,15909,24091,26500,0,0,0,'y','2017-05-08 14:39:58','developer','0000-00-00 00:00:00','',0),(193,2,7,'8997018198572','02070193','OBENGTEMBUS G.BIRU 8X6MM 348138JASON',1,5,22273,33182,36500,0,0,0,'y','2017-05-08 14:39:59','developer','0000-00-00 00:00:00','',0),(194,2,7,'','02070194','OBENG  10 IN 1 CRV 348215 JASON',1,5,50909,83182,91500,0,0,0,'y','2017-05-08 14:39:59','developer','0000-00-00 00:00:00','',0),(195,2,7,'8997018199784','02070195','OBENG 2 PCS 38MMX6MM 348083 JASON',1,5,17183,30000,33000,0,0,0,'y','2017-05-08 14:39:59','developer','0000-00-00 00:00:00','',0),(196,2,7,'','02070196','OBENG 30 IN 1 CRV 348214 JASON',1,5,27272,55455,61001,0,0,0,'y','2017-05-08 14:39:59','developer','0000-00-00 00:00:00','',0),(197,2,7,'','02070197','OBENG ELECTRIC 5PCS 348101 JASON',1,5,54016,99545,109500,0,0,0,'y','2017-05-08 14:39:59','developer','0000-00-00 00:00:00','',0),(198,2,7,'','02070198','OBENG ELEKTRONIK CRV 31PCS 348500 JASON',1,5,27940,60000,66000,0,0,0,'y','2017-05-08 14:39:59','developer','0000-00-00 00:00:00','',0),(199,2,7,'','02070199','OBENG KACAMATA SET 12 IN 1 391022 JASON',1,5,79546,125000,137500,0,0,0,'y','2017-05-08 14:39:59','developer','0000-00-00 00:00:00','',0),(200,2,7,'8997011420526','02070200','OBENG ARLOJI SET 6 PCS 1 348121 JASON',1,5,11454,17273,19000,0,0,0,'y','2017-05-08 14:39:59','developer','0000-00-00 00:00:00','',0),(201,2,7,'','02070201','OBENG MULTI FUNGSI 17PC 348213 JASON',1,5,49697,90455,99501,0,0,0,'y','2017-05-08 14:39:59','developer','0000-00-00 00:00:00','',0),(202,2,7,'','02070202','OBENG SET 6 IN 1 348201 JASON',1,5,54092,85455,94001,0,0,0,'y','2017-05-08 14:39:59','developer','0000-00-00 00:00:00','',0),(203,2,7,'','02070203','OBENG SET 6PC GG KRISTAL 348052 JASON',1,5,0,95455,105001,0,0,0,'y','2017-05-08 14:39:59','developer','0000-00-00 00:00:00','',0),(204,2,7,'','02070204','OBENG SET 7PC CRV 2  348015 JASON',1,5,101819,149545,164500,0,0,0,'y','2017-05-08 14:40:00','developer','0000-00-00 00:00:00','',0),(205,2,7,'','02070205','OBENG SET 7PC GG KRT  348051 JASON',1,5,50000,104091,114500,0,0,0,'y','2017-05-08 14:40:00','developer','0000-00-00 00:00:00','',0),(206,2,7,'','02070206','OBENG SET 8 IN 1 348202 JASON',1,5,50000,105455,116001,0,0,0,'y','2017-05-08 14:40:00','developer','0000-00-00 00:00:00','',0),(207,2,7,'','02070207','OBENG SET CRV 4 PC 348054 JASON',1,5,55228,84091,92500,0,0,0,'y','2017-05-08 14:40:00','developer','0000-00-00 00:00:00','',0),(208,2,7,'','02070208','MATA OBENG SET 65MM 348170 10 PC JASON',1,5,0,72273,79500,0,0,0,'y','2017-05-08 14:40:00','developer','0000-00-00 00:00:00','',0),(209,2,7,'','02070209','MATA OBENG KETOK PH2 348156151 JASON',1,5,7640,11364,12500,0,0,0,'y','2017-05-08 14:40:00','developer','0000-00-00 00:00:00','',0),(210,2,7,'','02070210','MATA OBENG KETOK PH3 348157152 JASON',1,5,0,11364,12500,0,0,0,'y','2017-05-08 14:40:00','developer','0000-00-00 00:00:00','',0),(211,2,7,'','02070211','MATA OBENG PH1X50MM 348166 1PC JASON',1,5,0,65909,72500,0,0,0,'y','2017-05-08 14:40:00','developer','0000-00-00 00:00:00','',0),(212,2,7,'','02070212','MATA OBENG PH2X110MM 348169 1PC JASON',1,5,0,9545,10500,0,0,0,'y','2017-05-08 14:40:00','developer','0000-00-00 00:00:00','',0),(213,2,7,'','02070213','MATA OBENG PH2X50MM 348167 1PC JASON',1,5,4119,6364,7000,0,0,0,'y','2017-05-08 14:40:00','developer','0000-00-00 00:00:00','',0),(214,2,7,'','02070214','MATA OBENG PH2X65MM 348168 1PC JASON',1,5,0,6364,7000,0,0,0,'y','2017-05-08 14:40:00','developer','0000-00-00 00:00:00','',0),(215,2,7,'','02070215','OBENG KETOK 12 PCS 348163 JASON',1,5,130000,254545,280000,0,0,0,'y','2017-05-08 14:40:00','developer','0000-00-00 00:00:00','',0),(216,2,7,'','02070216','OBENG KETOK 5PCS 348161 JASON',1,5,126142,188182,207000,0,0,0,'y','2017-05-08 14:40:00','developer','0000-00-00 00:00:00','',0),(217,2,7,'','02070217','OBENG KETOK 7PCS 348162 JASON',1,5,83523,151818,167000,0,0,0,'y','2017-05-08 14:40:00','developer','0000-00-00 00:00:00','',0),(218,2,7,'8997018199777','02070218','OBENG KETOK HD 13 PCS 348164 JASON',1,5,119319,212273,233500,0,0,0,'y','2017-05-08 14:40:00','developer','0000-00-00 00:00:00','',0),(219,2,7,'','02070219','OBENG  5X100 RSS4 BL0150027 BULLOCK',1,6,28035,44091,48500,0,0,0,'y','2017-05-08 14:40:01','developer','0000-00-00 00:00:00','',0),(220,2,7,'','02070220','OBENG  6X150 RSS6 BL0150028 BULLOCK',1,6,39558,60909,67000,0,0,0,'y','2017-05-08 14:40:01','developer','0000-00-00 00:00:00','',0),(221,2,7,'','02070221','OBENG  TEMBUS 6X100 MS04 BULLOCK',1,6,19336,30455,33501,0,0,0,'y','2017-05-08 14:40:01','developer','0000-00-00 00:00:00','',0),(222,2,7,'','02070222','OBENG MINI 6X38 TS38BL0151003 BULLOCK',1,6,23167,39091,43000,0,0,0,'y','2017-05-08 14:40:01','developer','0000-00-00 00:00:00','',0),(223,2,7,'','02070223','OBENG  TEMBUS 2 6X100 MP04 BULLOCK',1,6,19336,30455,33501,0,0,0,'y','2017-05-08 14:40:01','developer','0000-00-00 00:00:00','',0),(224,2,7,'','02070224','OBENG 1 5X100 RSP4 BL0150030BULLOCK',1,6,28034,44091,48500,0,0,0,'y','2017-05-08 14:40:01','developer','0000-00-00 00:00:00','',0),(225,2,7,'','02070225','OBENG 2 6X150 RSP6 BL0150031 BULLOCK',1,6,39558,60909,67000,0,0,0,'y','2017-05-08 14:40:01','developer','0000-00-00 00:00:00','',0),(226,2,7,'','02070226','OBENG2WAY6X100 USAFLAG BL0151001 BULLOCK',1,6,44432,98636,108500,0,0,0,'y','2017-05-08 14:40:01','developer','0000-00-00 00:00:00','',0),(227,2,7,'','02070227','OBENG SET 7 PCS BL0151000 BULLOCK',1,6,93075,165909,182500,0,0,0,'y','2017-05-08 14:40:01','developer','0000-00-00 00:00:00','',0),(228,2,8,'8997018198251','02080228','SOCK 12 DR 12P 10MM 346662 JASON',1,5,7637,13636,15000,0,0,0,'y','2017-05-08 14:40:01','developer','0000-00-00 00:00:00','',0),(229,2,8,'8997018198275','02080229','SOCK 12 DR 12P 12MM 346664 JASON',1,5,7637,14545,16000,0,0,0,'y','2017-05-08 14:40:01','developer','0000-00-00 00:00:00','',0),(230,2,8,'8997018198282','02080230','SOCK 12 DR 12P 13MM 346665 JASON',1,5,6272,15000,16500,0,0,0,'y','2017-05-08 14:40:01','developer','0000-00-00 00:00:00','',0),(231,2,8,'8997018198299','02080231','SOCK 12 DR 12P 14MM 346666 JASON',1,5,8591,16364,18000,0,0,0,'y','2017-05-08 14:40:01','developer','0000-00-00 00:00:00','',0),(232,2,8,'8997018198305','02080232','SOCK 12 DR 12P 15MM 346667 JASON',1,5,6997,17273,19000,0,0,0,'y','2017-05-08 14:40:01','developer','0000-00-00 00:00:00','',0),(233,2,8,'8997018198329','02080233','SOCK 12 DR 12P 17MM 346669 JASON',1,5,9546,19545,21500,0,0,0,'y','2017-05-08 14:40:01','developer','0000-00-00 00:00:00','',0),(234,2,8,'8997018198336','02080234','SOCK 12 DR 12P 18MM 346670 JASON',1,5,9863,21818,24000,0,0,0,'y','2017-05-08 14:40:02','developer','0000-00-00 00:00:00','',0),(235,2,8,'8997018198343','02080235','SOCK 12 DR 12P 19MM 346671 JASON',1,5,10182,23636,26000,0,0,0,'y','2017-05-08 14:40:02','developer','0000-00-00 00:00:00','',0),(236,2,8,'','02080236','SOCK 12 DR 12P 20MM 346672 JASON',1,5,7273,24091,26500,0,0,0,'y','2017-05-08 14:40:02','developer','0000-00-00 00:00:00','',0),(237,2,8,'8997018198367','02080237','SOCK 12 DR 12P 21MM 346673 JASON',1,5,10818,25909,28500,0,0,0,'y','2017-05-08 14:40:02','developer','0000-00-00 00:00:00','',0),(238,2,8,'8997018198374','02080238','SOCK 12 DR 12P 22MM 346674 JASON',1,5,12091,28182,31000,0,0,0,'y','2017-05-08 14:40:02','developer','0000-00-00 00:00:00','',0),(239,2,8,'','02080239','SOCK 12 DR 12P 23MM 346675 JASON',1,5,12727,29091,32000,0,0,0,'y','2017-05-08 14:40:02','developer','0000-00-00 00:00:00','',0),(240,2,8,'8997018198398','02080240','SOCK 12 DR 12P 24MM 346676 JASON',1,5,13364,30000,33000,0,0,0,'y','2017-05-08 14:40:02','developer','0000-00-00 00:00:00','',0),(241,2,8,'8997018198404','02080241','SOCK 12 DR 12P 27MM 346677 JASON',1,5,18455,39091,43000,0,0,0,'y','2017-05-08 14:40:02','developer','0000-00-00 00:00:00','',0),(242,2,8,'8997018198411','02080242','SOCK 12 DR 12P 30MM 346678 JASON',1,5,23546,44545,49000,0,0,0,'y','2017-05-08 14:40:02','developer','0000-00-00 00:00:00','',0),(243,2,8,'8997018198428','02080243','SOCK 12 DR 12P 32MM 346679 JASON',1,5,24183,50909,56000,0,0,0,'y','2017-05-08 14:40:02','developer','0000-00-00 00:00:00','',0),(244,2,8,'8997018198237','02080244','SOCK 12 DR 12P 8MM 346660 JASON',1,5,7637,13182,14500,0,0,0,'y','2017-05-08 14:40:02','developer','0000-00-00 00:00:00','',0),(245,2,8,'','02080245','SOCK 12 DR 6P 10MM 346454 JASON',1,5,8592,15455,17001,0,0,0,'y','2017-05-08 14:40:02','developer','0000-00-00 00:00:00','',0),(246,2,8,'','02080246','SOCK 12 DR 6P 11MM 346455 JASON',1,5,8591,15455,17001,0,0,0,'y','2017-05-08 14:40:02','developer','0000-00-00 00:00:00','',0),(247,2,8,'','02080247','SOCK 12 DR 6P 12MM 346456 JASON',1,5,8591,15455,17001,0,0,0,'y','2017-05-08 14:40:02','developer','0000-00-00 00:00:00','',0),(248,2,8,'','02080248','SOCK 12 DR 6P 13MM 346457 JASON',1,5,8591,15455,17001,0,0,0,'y','2017-05-08 14:40:02','developer','0000-00-00 00:00:00','',0),(249,2,8,'','02080249','SOCK 12 DR 6P 14MM 346458 JASON',1,5,9227,15455,17001,0,0,0,'y','2017-05-08 14:40:02','developer','0000-00-00 00:00:00','',0),(250,2,8,'','02080250','SOCK 12 DR 6P 15MM 346459 JASON',1,5,9227,15455,17001,0,0,0,'y','2017-05-08 14:40:02','developer','0000-00-00 00:00:00','',0),(251,2,8,'','02080251','SOCK 12 DR 6P 16MM 346460 JASON',1,5,7579,15455,17001,0,0,0,'y','2017-05-08 14:40:03','developer','0000-00-00 00:00:00','',0),(252,2,8,'','02080252','SOCK 12 DR 6P 17MM 346461 JASON',1,5,10182,18636,20500,0,0,0,'y','2017-05-08 14:40:03','developer','0000-00-00 00:00:00','',0),(253,2,8,'','02080253','SOCK 12 DR 6P 18MM 346462 JASON',1,5,10182,19545,21500,0,0,0,'y','2017-05-08 14:40:03','developer','0000-00-00 00:00:00','',0),(254,2,8,'','02080254','SOCK 12 DR 6P 19MM 346463 JASON',1,5,10500,19545,21500,0,0,0,'y','2017-05-08 14:40:03','developer','0000-00-00 00:00:00','',0),(255,2,8,'','02080255','SOCK 12 DR 6P 20MM 346464 JASON',1,5,7968,25455,28001,0,0,0,'y','2017-05-08 14:40:03','developer','0000-00-00 00:00:00','',0),(256,2,8,'','02080256','SOCK 12 DR 6P 21MM 346465 JASON',1,5,12727,26364,29000,0,0,0,'y','2017-05-08 14:40:03','developer','0000-00-00 00:00:00','',0),(257,2,8,'','02080257','SOCK 12 DR 6P 22MM 346466 JASON',1,5,12579,27727,30500,0,0,0,'y','2017-05-08 14:40:03','developer','0000-00-00 00:00:00','',0),(258,2,8,'','02080258','SOCK 12 DR 6P 23MM 346467 JASON',1,5,9221,32727,36000,0,0,0,'y','2017-05-08 14:40:03','developer','0000-00-00 00:00:00','',0),(259,2,8,'','02080259','SOCK 12 DR 6P 24MM 346468 JASON',1,5,18925,33636,37000,0,0,0,'y','2017-05-08 14:40:03','developer','0000-00-00 00:00:00','',0),(260,2,8,'','02080260','SOCK 12 DR 6P 27MM 346469 JASON',1,5,17773,38182,42000,0,0,0,'y','2017-05-08 14:40:03','developer','0000-00-00 00:00:00','',0),(261,2,8,'','02080261','SOCK 12 DR 6P 30MM 346470 JASON',1,5,23673,49545,54500,0,0,0,'y','2017-05-08 14:40:03','developer','0000-00-00 00:00:00','',0),(262,2,8,'','02080262','SOCK 12 DR 6P 32MM  346471 JASON',1,5,26704,61818,68000,0,0,0,'y','2017-05-08 14:40:03','developer','0000-00-00 00:00:00','',0),(263,2,8,'','02080263','SOCK 12 DR 6P 8MM 346452 JASON',1,5,8591,15455,17001,0,0,0,'y','2017-05-08 14:40:03','developer','0000-00-00 00:00:00','',0),(264,2,8,'','02080264','SOCK 12 DR 6P 9MM  346453 JASON',1,5,8591,15455,17001,0,0,0,'y','2017-05-08 14:40:04','developer','0000-00-00 00:00:00','',0),(265,2,8,'','02080265','SOCK SET 12DR 6P9PC 1022 346401JASON',1,5,184546,288182,317000,0,0,0,'y','2017-05-08 14:40:04','developer','0000-00-00 00:00:00','',0),(266,2,8,'','02080266','SOCK SET RATCHET38 6P 7PC 346404JASON',1,5,109091,263182,289500,0,0,0,'y','2017-05-08 14:40:04','developer','0000-00-00 00:00:00','',0),(267,2,8,'8997011423824','02080267','SOCKSET 12DR 6P 10PC 1024 346402JASON',1,5,203637,325909,358500,0,0,0,'y','2017-05-08 14:40:04','developer','0000-00-00 00:00:00','',0),(268,2,8,'8997011423831','02080268','SOCKSET 12DR 6P 25PC 1032 346403JASON',1,5,604546,872273,959500,0,0,0,'y','2017-05-08 14:40:04','developer','0000-00-00 00:00:00','',0),(269,2,8,'','02080269','EXTENSION BAR 12DR 10 346306 JASON',1,5,41363,68182,75000,0,0,0,'y','2017-05-08 14:40:04','developer','0000-00-00 00:00:00','',0),(270,2,8,'','02080270','EXTENSION BAR 12DR 3 346304 JASON',1,5,22273,35909,39500,0,0,0,'y','2017-05-08 14:40:04','developer','0000-00-00 00:00:00','',0),(271,2,8,'','02080271','EXTENSION BAR 12DR 5 346305 JASON',1,5,28637,46818,51500,0,0,0,'y','2017-05-08 14:40:04','developer','0000-00-00 00:00:00','',0),(272,2,8,'','02080272','KUNCI BUSI SOCK 16MM 346198 JASON',1,5,22909,46364,51000,0,0,0,'y','2017-05-08 14:40:04','developer','0000-00-00 00:00:00','',0),(273,2,8,'8997018196523','02080273','KUNCI BUSI SOCK 21MM 346199 JASON',1,5,22909,46364,51000,0,0,0,'y','2017-05-08 14:40:04','developer','0000-00-00 00:00:00','',0),(274,2,8,'8997018196462','02080274','L HANDLE 12DR 10 346302 JASON',1,5,38183,86818,95500,0,0,0,'y','2017-05-08 14:40:04','developer','0000-00-00 00:00:00','',0),(275,2,8,'','02080275','MAGNETIC NUTSTTR 8X65MM 348173 4PCJASON',1,5,30682,57273,63000,0,0,0,'y','2017-05-08 14:40:04','developer','0000-00-00 00:00:00','',0),(276,2,8,'8997018196547','02080276','RACHET 12DR 346308 JASON',1,5,98637,155455,171001,0,0,0,'y','2017-05-08 14:40:04','developer','0000-00-00 00:00:00','',0),(277,2,8,'','02080277','SOCK L 17MM 346100 JASON',1,5,0,57273,63000,0,0,0,'y','2017-05-08 14:40:04','developer','0000-00-00 00:00:00','',0),(278,2,8,'','02080278','SOCK L 19MM 346101 JASON',1,5,0,61364,67500,0,0,0,'y','2017-05-08 14:40:05','developer','0000-00-00 00:00:00','',0),(279,2,8,'','02080279','SOCK L 21MM 346102 JASON',1,5,0,65000,71500,0,0,0,'y','2017-05-08 14:40:05','developer','0000-00-00 00:00:00','',0),(280,2,8,'','02080280','UNIVERSAL JOINT 12DR 3 346307 JASON',1,5,47728,76818,84500,0,0,0,'y','2017-05-08 14:40:05','developer','0000-00-00 00:00:00','',0),(281,2,8,'','02080281','KUNCI SOCK T HDL KARET 10MM 346281JASON',1,5,17613,31818,35000,0,0,0,'y','2017-05-08 14:40:05','developer','0000-00-00 00:00:00','',0),(282,2,8,'','02080282','KUNCI SOCK T HDL KARET 11MM 346282JASON',1,5,20250,33636,37000,0,0,0,'y','2017-05-08 14:40:05','developer','0000-00-00 00:00:00','',0),(283,2,8,'','02080283','KUNCI SOCK T HDL KARET 12MM 346283JASON',1,5,19978,33636,37000,0,0,0,'y','2017-05-08 14:40:05','developer','0000-00-00 00:00:00','',0),(284,2,8,'','02080284','KUNCI SOCK T HDL KARET 13MM 346284JASON',1,5,21000,33636,37000,0,0,0,'y','2017-05-08 14:40:05','developer','0000-00-00 00:00:00','',0),(285,2,8,'','02080285','KUNCI SOCK T HDL KARET 8MM 346280 JASON',1,5,17614,31818,35000,0,0,0,'y','2017-05-08 14:40:05','developer','0000-00-00 00:00:00','',0),(286,2,8,'','02080286','KUNCI SOCK T ROTARY 10MM 346147 JASON',1,5,27364,44091,48500,0,0,0,'y','2017-05-08 14:40:05','developer','0000-00-00 00:00:00','',0),(287,2,8,'','02080287','KUNCI SOCK T ROTARY 12MM 346148 JASON',1,5,27364,44091,48500,0,0,0,'y','2017-05-08 14:40:05','developer','0000-00-00 00:00:00','',0),(288,2,8,'','02080288','KUNCI SOCK T ROTARY 8MM 346146 JASON',1,5,27364,44091,48500,0,0,0,'y','2017-05-08 14:40:06','developer','0000-00-00 00:00:00','',0),(289,2,8,'','02080289','KUNCI SOCK T SLIDING 10MM 346122 JASON',1,5,25455,40000,44000,0,0,0,'y','2017-05-08 14:40:06','developer','0000-00-00 00:00:00','',0),(290,2,8,'','02080290','KUNCI SOCK T SLIDING 12MM 346124 JASON',1,5,25455,40000,44000,0,0,0,'y','2017-05-08 14:40:06','developer','0000-00-00 00:00:00','',0),(291,2,8,'','02080291','KUNCI SOCK T SLIDING 14MM 346126 JASON',1,5,25455,40000,44000,0,0,0,'y','2017-05-08 14:40:06','developer','0000-00-00 00:00:00','',0),(292,2,8,'','02080292','KUNCI SOCK T SLIDING 17MM 346127 JASON',1,5,25455,40000,44000,0,0,0,'y','2017-05-08 14:40:06','developer','0000-00-00 00:00:00','',0),(293,2,8,'','02080293','KUNCI SOCK T SLIDING 8MM 346121 JASON',1,5,25455,40000,44000,0,0,0,'y','2017-05-08 14:40:06','developer','0000-00-00 00:00:00','',0),(294,2,8,'','02080294','OBENG T ROTARY PH 2 348109 JASON',1,5,22909,49545,54500,0,0,0,'y','2017-05-08 14:40:06','developer','0000-00-00 00:00:00','',0),(295,2,8,'','02080295','OBENG T ROTARY PH 3 348110 JASON',1,5,21955,49545,54500,0,0,0,'y','2017-05-08 14:40:06','developer','0000-00-00 00:00:00','',0),(296,2,8,'8997018196479','02080296','SLIDING T HANDLE 12DR 10 346303JASON',1,5,35000,80000,88000,0,0,0,'y','2017-05-08 14:40:06','developer','0000-00-00 00:00:00','',0),(297,2,8,'','02080297','SOCK T 3IN1 10X11X13MM 346108 JASON',1,5,39886,59091,65000,0,0,0,'y','2017-05-08 14:40:06','developer','0000-00-00 00:00:00','',0),(298,2,8,'','02080298','SOCK T 3IN1 10X12X14MM 346109 JASON',1,5,29766,58182,64000,0,0,0,'y','2017-05-08 14:40:06','developer','0000-00-00 00:00:00','',0),(299,2,8,'','02080299','SOCK T 3IN1 12X14X17MM 346110 JASON',1,5,34682,69545,76500,0,0,0,'y','2017-05-08 14:40:06','developer','0000-00-00 00:00:00','',0),(300,2,8,'','02080300','SOCK T 3IN1 8X10X12MM 346107 JASON',1,5,30909,59091,65000,0,0,0,'y','2017-05-08 14:40:06','developer','0000-00-00 00:00:00','',0),(301,2,8,'','02080301','SOCK T 3IN1 8X9X10MM 346106 JASON',1,5,39886,58182,64000,0,0,0,'y','2017-05-08 14:40:06','developer','0000-00-00 00:00:00','',0),(302,2,8,'8997011425002','02080302','SOCK Y CH  8X10X12 346142 JASON',1,5,13364,24545,27000,0,0,0,'y','2017-05-08 14:40:06','developer','0000-00-00 00:00:00','',0),(303,2,8,'8997011425019','02080303','SOCK Y CH 10X11X13 346143 JASON',1,5,13364,24545,27000,0,0,0,'y','2017-05-08 14:40:06','developer','0000-00-00 00:00:00','',0),(304,2,8,'8997011425026','02080304','SOCK Y CH 10X12X14 346144 JASON',1,5,13364,24545,27000,0,0,0,'y','2017-05-08 14:40:06','developer','0000-00-00 00:00:00','',0),(305,2,8,'8997011425033','02080305','SOCK Y CH 12X14X17 346145 JASON',1,5,15592,27727,30500,0,0,0,'y','2017-05-08 14:40:07','developer','0000-00-00 00:00:00','',0),(306,2,8,'8997011424999','02080306','SOCK Y CH 8X9X10 346141 JASON',1,5,12887,24545,27000,0,0,0,'y','2017-05-08 14:40:07','developer','0000-00-00 00:00:00','',0),(307,2,8,'','02080307','SOCK 12DR 12P 10MM BL0115102 BULLOCK',1,6,16065,25909,28500,0,0,0,'y','2017-05-08 14:40:07','developer','0000-00-00 00:00:00','',0),(308,2,8,'','02080308','SOCK 12DR 12P 12MM BL0115104 BULLOCK',1,6,16065,25909,28500,0,0,0,'y','2017-05-08 14:40:07','developer','0000-00-00 00:00:00','',0),(309,2,8,'','02080309','SOCK 12DR 12P 14MM BL0115106 BULLOCK',1,6,17395,26818,29500,0,0,0,'y','2017-05-08 14:40:07','developer','0000-00-00 00:00:00','',0),(310,2,8,'','02080310','SOCK 12DR 12P 17MM BL0115109 BULLOCK',1,6,15840,28182,31000,0,0,0,'y','2017-05-08 14:40:07','developer','0000-00-00 00:00:00','',0),(311,2,8,'','02080311','SOCK 12DR 12P 19MM BL0115111 BULLOCK',1,6,19168,29091,32000,0,0,0,'y','2017-05-08 14:40:07','developer','0000-00-00 00:00:00','',0),(312,2,8,'','02080312','SOCK 12DR 12P 21MM BL0115113 BULLOCK',1,6,20133,35455,39001,0,0,0,'y','2017-05-08 14:40:07','developer','0000-00-00 00:00:00','',0),(313,2,8,'','02080313','SOCK 12DR 12P 22MM BL0115114 BULLOCK',1,6,19599,39091,43000,0,0,0,'y','2017-05-08 14:40:07','developer','0000-00-00 00:00:00','',0),(314,2,8,'','02080314','SOCK 12DR 12P 24MM BL0115116 BULLOCK',1,6,21705,42727,47000,0,0,0,'y','2017-05-08 14:40:07','developer','0000-00-00 00:00:00','',0),(315,2,8,'','02080315','SOCK 12DR 12P 8MM BL0115100 BULLOCK',1,6,16065,25909,28500,0,0,0,'y','2017-05-08 14:40:07','developer','0000-00-00 00:00:00','',0),(316,2,8,'','02080316','SOCK DEEP 12DR 6P 10MM BL0115701BULLOCK',1,6,27431,53182,58500,0,0,0,'y','2017-05-08 14:40:07','developer','0000-00-00 00:00:00','',0),(317,2,8,'','02080317','SOCK DEEP 12DR 6P 8MM BL0115700 BULLOCK',1,6,26493,53182,58500,0,0,0,'y','2017-05-08 14:40:07','developer','0000-00-00 00:00:00','',0),(318,2,8,'','02080318','SOCK DEEP 12DR 6P12MM BL0115702 BULLOCK',1,6,34348,53182,58500,0,0,0,'y','2017-05-08 14:40:08','developer','0000-00-00 00:00:00','',0),(319,2,8,'','02080319','SOCK DEEP 12DR 6P14MM BL0115703 BULLOCK',1,6,34348,53182,58500,0,0,0,'y','2017-05-08 14:40:08','developer','0000-00-00 00:00:00','',0),(320,2,8,'','02080320','SOCK DEEP 12DR 6P17MM BL0115704 BULLOCK',1,6,37673,57727,63500,0,0,0,'y','2017-05-08 14:40:08','developer','0000-00-00 00:00:00','',0),(321,2,8,'','02080321','SOCK DEEP 12DR 6P19MM BL0115705 BULLOCK',1,6,38782,60000,66000,0,0,0,'y','2017-05-08 14:40:08','developer','0000-00-00 00:00:00','',0),(322,2,8,'','02080322','SOCK DEEP 12DR 6P21MM BL0115706 BULLOCK',1,6,44322,68182,75000,0,0,0,'y','2017-05-08 14:40:08','developer','0000-00-00 00:00:00','',0),(323,2,9,'','02090323','KUNCI INGGRIS 10 346206 JASON',1,5,44545,80000,88000,0,0,0,'y','2017-05-08 14:40:08','developer','0000-00-00 00:00:00','',0),(324,2,9,'','02090324','KUNCI INGGRIS 12 346207 JASON',1,5,60455,109091,120000,0,0,0,'y','2017-05-08 14:40:08','developer','0000-00-00 00:00:00','',0),(325,2,9,'','02090325','KUNCI INGGRIS 15 346208 JASON',1,5,133636,207273,228000,0,0,0,'y','2017-05-08 14:40:08','developer','0000-00-00 00:00:00','',0),(326,2,9,'','02090326','KUNCI INGGRIS 8 346205 JASON',1,5,35000,56818,62500,0,0,0,'y','2017-05-08 14:40:08','developer','0000-00-00 00:00:00','',0),(327,2,9,'8997011421073','02090327','KUNCI PIPA HD 10 346251 JASON',1,5,41364,63182,69500,0,0,0,'y','2017-05-08 14:40:08','developer','0000-00-00 00:00:00','',0),(328,2,9,'8997011421080','02090328','KUNCI PIPA HD 12 346252 JASON',1,5,50909,76364,84000,0,0,0,'y','2017-05-08 14:40:08','developer','0000-00-00 00:00:00','',0),(329,2,9,'8997011421097','02090329','KUNCI PIPA HD 14 346253 JASON',1,5,63637,99545,109500,0,0,0,'y','2017-05-08 14:40:08','developer','0000-00-00 00:00:00','',0),(330,2,9,'8997011421103','02090330','KUNCI PIPA HD 18 346254 JASON',1,5,70871,140909,155000,0,0,0,'y','2017-05-08 14:40:08','developer','0000-00-00 00:00:00','',0),(331,2,9,'8997011421110','02090331','KUNCI PIPA HD 24 346255 JASON',1,5,110796,193182,212500,0,0,0,'y','2017-05-08 14:40:08','developer','0000-00-00 00:00:00','',0),(332,2,9,'','02090332','KUNCI PIPA HD 36 346256 JASON',1,5,215909,356364,392000,0,0,0,'y','2017-05-08 14:40:09','developer','0000-00-00 00:00:00','',0),(333,2,9,'','02090333','KUNCI NEPEL SATIN CRV4PC 346715 JASON',1,5,78409,165000,181500,0,0,0,'y','2017-05-08 14:40:09','developer','0000-00-00 00:00:00','',0),(334,2,9,'','02090334','KUNCI RING PAS CHROM 11MM 346745 JASON',1,5,13014,25909,28500,0,0,0,'y','2017-05-08 14:40:09','developer','0000-00-00 00:00:00','',0),(335,2,9,'','02090335','KUNCI RING PAS CHROM 16MM 346750 JASON',1,5,16890,34091,37500,0,0,0,'y','2017-05-08 14:40:09','developer','0000-00-00 00:00:00','',0),(336,2,9,'','02090336','KUNCI RING PAS CHROM 20MM 346753 JASON',1,5,21954,49545,54500,0,0,0,'y','2017-05-08 14:40:09','developer','0000-00-00 00:00:00','',0),(337,2,9,'','02090337','KUNCI RING PAS CHROM 21MM 346754 JASON',1,5,24045,51818,57000,0,0,0,'y','2017-05-08 14:40:09','developer','0000-00-00 00:00:00','',0),(338,2,9,'','02090338','KUNCI RING PAS CHROM 22MM 346755 JASON',1,5,31049,58182,64000,0,0,0,'y','2017-05-08 14:40:09','developer','0000-00-00 00:00:00','',0),(339,2,9,'','02090339','KUNCI RING PAS CHROM 27MM 346758 JASON',1,5,50273,95000,104500,0,0,0,'y','2017-05-08 14:40:09','developer','0000-00-00 00:00:00','',0),(340,2,9,'','02090340','KUNCI RING PAS CHROM 28MM 346759 JASON',1,5,52819,104545,115000,0,0,0,'y','2017-05-08 14:40:09','developer','0000-00-00 00:00:00','',0),(341,2,9,'','02090341','KUNCI RING PAS CHROM 30MM 346760 JASON',1,5,57849,143636,158000,0,0,0,'y','2017-05-08 14:40:09','developer','0000-00-00 00:00:00','',0),(342,2,9,'','02090342','KUNCI RING PAS CHROM 32MM 346761 JASON',1,5,62155,157273,173000,0,0,0,'y','2017-05-08 14:40:09','developer','0000-00-00 00:00:00','',0),(343,2,9,'','02090343','KUNCI RING PAS CHROM 9MM 346743 JASON',1,5,10455,23636,26000,0,0,0,'y','2017-05-08 14:40:09','developer','0000-00-00 00:00:00','',0),(344,2,9,'','02090344','KUNCI RINGPAS STN 14PC 824 346095JASON',1,5,279797,529545,582500,0,0,0,'y','2017-05-08 14:40:09','developer','0000-00-00 00:00:00','',0),(345,2,9,'','02090345','KUNCI RINGPAS STN 14PC 832 346096JASON',1,5,306818,602727,663000,0,0,0,'y','2017-05-08 14:40:10','developer','0000-00-00 00:00:00','',0),(346,2,9,'','02090346','KUNCI RINGPASCHROM11PC824MM346767JASON',1,5,186667,364091,400500,0,0,0,'y','2017-05-08 14:40:10','developer','0000-00-00 00:00:00','',0),(347,2,9,'','02090347','KUNCI RINGPASCHROM14PC824MM346768JASON',1,5,256767,469091,516000,0,0,0,'y','2017-05-08 14:40:10','developer','0000-00-00 00:00:00','',0),(348,2,9,'','02090348','KUNCI RINGPASCHROM14PC832MM346769JASON',1,5,335199,602727,663000,0,0,0,'y','2017-05-08 14:40:10','developer','0000-00-00 00:00:00','',0),(349,2,9,'8994844005678','02090349','KUNCI RING CHROM 16X17 346780 JASON',1,5,34459,61364,67500,0,0,0,'y','2017-05-08 14:40:10','developer','0000-00-00 00:00:00','',0),(350,2,9,'8994844005685','02090350','KUNCI RING CHROM 17X19 346781 JASON',1,5,34224,64091,70500,0,0,0,'y','2017-05-08 14:40:10','developer','0000-00-00 00:00:00','',0),(351,2,9,'8994844005692','02090351','KUNCI RING CHROM 18X19 346782 JASON',1,5,37546,64091,70500,0,0,0,'y','2017-05-08 14:40:10','developer','0000-00-00 00:00:00','',0),(352,2,9,'','02090352','KUNCI RING CHROM 20X22 346783 JASON',1,5,41296,85455,94001,0,0,0,'y','2017-05-08 14:40:10','developer','0000-00-00 00:00:00','',0),(353,2,9,'','02090353','KUNCI RING CHROM 21X23 346784 JASON',1,5,0,96818,106500,0,0,0,'y','2017-05-08 14:40:10','developer','0000-00-00 00:00:00','',0),(354,2,9,'','02090354','KUNCI RING CHROM 24X27 346785 JASON',1,5,63000,119091,131000,0,0,0,'y','2017-05-08 14:40:10','developer','0000-00-00 00:00:00','',0),(355,2,9,'','02090355','KUNCI RING CHROM 25X28 346786 JASON',1,5,0,124545,137000,0,0,0,'y','2017-05-08 14:40:10','developer','0000-00-00 00:00:00','',0),(356,2,9,'','02090356','KUNCI RING CHROM 30X32 346787 JASON',1,5,73181,150455,165501,0,0,0,'y','2017-05-08 14:40:10','developer','0000-00-00 00:00:00','',0),(357,2,9,'8994844005753','02090357','KUNCI RING CHROM 8PC 624MM 346789JASON',1,5,219546,386364,425000,0,0,0,'y','2017-05-08 14:40:10','developer','0000-00-00 00:00:00','',0),(358,2,9,'8994844005609','02090358','KUNCI RING CHROM 8X10 346773 JASON',1,5,16836,31818,35000,0,0,0,'y','2017-05-08 14:40:10','developer','0000-00-00 00:00:00','',0),(359,2,9,'','02090359','KUNCI RING CHROM 8X9 346772 JASON',1,5,16477,31818,35000,0,0,0,'y','2017-05-08 14:40:10','developer','0000-00-00 00:00:00','',0),(360,2,9,'','02090360','KUNCI RING SATIN 8PC 622 346082 JASON',1,5,136994,280909,309000,0,0,0,'y','2017-05-08 14:40:10','developer','0000-00-00 00:00:00','',0),(361,2,9,'','02090361','KUNCI RING STN 12PC 632 346083 JASON',1,5,335227,659091,725000,0,0,0,'y','2017-05-08 14:40:10','developer','0000-00-00 00:00:00','',0),(362,2,9,'','02090362','KUNCI RINGBULAN SATIN 10X12 346076JASON',1,5,0,55455,61001,0,0,0,'y','2017-05-08 14:40:11','developer','0000-00-00 00:00:00','',0),(363,2,9,'','02090363','KUNCI RINGBULAN SATIN 11X13 346077JASON',1,5,0,71364,78500,0,0,0,'y','2017-05-08 14:40:11','developer','0000-00-00 00:00:00','',0),(364,2,9,'','02090364','KUNCI RINGBULAN SATIN 14X17 346078JASON',1,5,0,88182,97000,0,0,0,'y','2017-05-08 14:40:11','developer','0000-00-00 00:00:00','',0),(365,2,9,'','02090365','KUNCI RINGBULAN SATIN 16X18 346079JASON',1,5,0,96818,106500,0,0,0,'y','2017-05-08 14:40:11','developer','0000-00-00 00:00:00','',0),(366,2,9,'8994844005210','02090366','KUNCI PAS CHROM 12X14 346727 JASON',1,5,13068,27273,30000,0,0,0,'y','2017-05-08 14:40:11','developer','0000-00-00 00:00:00','',0),(367,2,9,'8994844005234','02090367','KUNCI PAS CHROM 14X17 346729 JASON',1,5,16568,29091,32000,0,0,0,'y','2017-05-08 14:40:11','developer','0000-00-00 00:00:00','',0),(368,2,9,'8994844005258','02090368','KUNCI PAS CHROM 17X19 346731 JASON',1,5,21086,38182,42000,0,0,0,'y','2017-05-08 14:40:11','developer','0000-00-00 00:00:00','',0),(369,2,9,'8994844005265','02090369','KUNCI PAS CHROM 18X19 346732 JASON',1,5,24055,45909,50500,0,0,0,'y','2017-05-08 14:40:11','developer','0000-00-00 00:00:00','',0),(370,2,9,'','02090370','KUNCI PAS CHROM 20X22 346733 JASON',1,5,0,54545,60000,0,0,0,'y','2017-05-08 14:40:11','developer','0000-00-00 00:00:00','',0),(371,2,9,'','02090371','KUNCI PAS CHROM 21X23 346734 JASON',1,5,0,59091,65000,0,0,0,'y','2017-05-08 14:40:11','developer','0000-00-00 00:00:00','',0),(372,2,9,'8994844005296','02090372','KUNCI PAS CHROM 24X27 346735 JASON',1,5,0,66364,73000,0,0,0,'y','2017-05-08 14:40:11','developer','0000-00-00 00:00:00','',0),(373,2,9,'','02090373','KUNCI PAS CHROM 25X28 346736 JASON',1,5,0,85455,94001,0,0,0,'y','2017-05-08 14:40:11','developer','0000-00-00 00:00:00','',0),(374,2,9,'','02090374','KUNCI PAS CHROM 30X32 346737 JASON',1,5,0,103636,114000,0,0,0,'y','2017-05-08 14:40:11','developer','0000-00-00 00:00:00','',0),(375,2,9,'8994844005326','02090375','KUNCI PAS CHROM 8PC 624MM 346738 JASON',1,5,146363,267727,294500,0,0,0,'y','2017-05-08 14:40:11','developer','0000-00-00 00:00:00','',0),(376,2,9,'8994844005173','02090376','KUNCI PAS CHROM 8X10 346723 JASON',1,5,11498,21818,24000,0,0,0,'y','2017-05-08 14:40:11','developer','0000-00-00 00:00:00','',0),(377,2,9,'8994844005166','02090377','KUNCI PAS CHROM 8X9 346722 JASON',1,5,11363,21818,24000,0,0,0,'y','2017-05-08 14:40:12','developer','0000-00-00 00:00:00','',0),(378,2,9,'','02090378','KUNCI PAS SET SATIN 12PC 346073 JASON',1,5,186818,420455,462501,0,0,0,'y','2017-05-08 14:40:12','developer','0000-00-00 00:00:00','',0),(379,2,9,'','02090379','KUNCI PAS SET SATIN 8PC 346072 JASON',1,5,105255,240455,264501,0,0,0,'y','2017-05-08 14:40:12','developer','0000-00-00 00:00:00','',0),(380,2,9,'','02090380','KUNCI NEPEL 10X12 346712 JASON',1,5,15681,27727,30500,0,0,0,'y','2017-05-08 14:40:12','developer','0000-00-00 00:00:00','',0),(381,2,9,'','02090381','KUNCI NEPEL 12X14 346713 JASON',1,5,19620,36364,40000,0,0,0,'y','2017-05-08 14:40:12','developer','0000-00-00 00:00:00','',0),(382,2,9,'','02090382','KUNCI NEPEL 14X17 346714 JASON',1,5,21525,40909,45000,0,0,0,'y','2017-05-08 14:40:12','developer','0000-00-00 00:00:00','',0),(383,2,9,'','02090383','KUNCI NEPEL 8X10 346711 JASON',1,5,11364,24091,26500,0,0,0,'y','2017-05-08 14:40:12','developer','0000-00-00 00:00:00','',0),(384,2,9,'','02090384','KUNCI RINGPAS 10MM BL0111434CHROMBULLOCK',1,6,12338,29545,32500,0,0,0,'y','2017-05-08 14:40:12','developer','0000-00-00 00:00:00','',0),(385,2,9,'','02090385','KUNCI RINGPAS 12MM BL0111436CHROMBULLOCK',1,6,14265,34545,38000,0,0,0,'y','2017-05-08 14:40:12','developer','0000-00-00 00:00:00','',0),(386,2,9,'','02090386','KUNCI RINGPAS 14MM BL0111438CHROMBULLOCK',1,6,20049,37727,41500,0,0,0,'y','2017-05-08 14:40:12','developer','0000-00-00 00:00:00','',0),(387,2,9,'','02090387','KUNCI RINGPAS 14PC BL0111456 CRM BULLOCK',1,6,520483,775909,853500,0,0,0,'y','2017-05-08 14:40:12','developer','0000-00-00 00:00:00','',0),(388,2,9,'','02090388','KUNCI RINGPAS 17MM BL0111441CHROMBULLOCK',1,6,26988,52273,57500,0,0,0,'y','2017-05-08 14:40:13','developer','0000-00-00 00:00:00','',0),(389,2,9,'','02090389','KUNCI RINGPAS 19MM BL0111443CHROMBULLOCK',1,6,32385,63182,69500,0,0,0,'y','2017-05-08 14:40:13','developer','0000-00-00 00:00:00','',0),(390,2,9,'','02090390','KUNCI RINGPAS 824 BL0111457 CRM BULLOCK',1,6,293012,437727,481500,0,0,0,'y','2017-05-08 14:40:13','developer','0000-00-00 00:00:00','',0),(391,2,9,'','02090391','KUNCI RINGPAS 8MM BL0111432CHROM BULLOCK',1,6,9815,25455,28001,0,0,0,'y','2017-05-08 14:40:13','developer','0000-00-00 00:00:00','',0),(392,2,10,'8994844000529','02100392','KUNCI L CRV BINTANG T40 346156 JASON',1,5,13500,22273,24500,0,0,0,'y','2017-05-08 14:40:13','developer','0000-00-00 00:00:00','',0),(393,2,10,'','02100393','KUNCI L CRV BINTANG T45 346157 JASON',1,5,15274,25455,28001,0,0,0,'y','2017-05-08 14:40:13','developer','0000-00-00 00:00:00','',0),(394,2,10,'8994844000543','02100394','KUNCI L CRV BINTANG T50 346158 JASON',1,5,16545,26818,29500,0,0,0,'y','2017-05-08 14:40:13','developer','0000-00-00 00:00:00','',0),(395,2,10,'','02100395','KUNCI L TX  XL 3PC T40T50 346180 JASON',1,5,59079,122273,134500,0,0,0,'y','2017-05-08 14:40:13','developer','0000-00-00 00:00:00','',0),(396,2,10,'8997011420410','02100396','KUNCI L BP SET 9PC1,510MM 346173 JASON',1,5,57274,84091,92500,0,0,0,'y','2017-05-08 14:40:13','developer','0000-00-00 00:00:00','',0),(397,2,10,'','02100397','KUNCI L BPSETXLS2 9PC1,510 346176JASON',1,5,120909,184091,202500,0,0,0,'y','2017-05-08 14:40:13','developer','0000-00-00 00:00:00','',0),(398,2,10,'','02100398','KUNCI L PJGBINTANG20PC 346190SET JASON',1,5,3769,245455,270001,0,0,0,'y','2017-05-08 14:40:13','developer','0000-00-00 00:00:00','',0),(399,2,10,'8997018199555','02100399','KUNCI L SATIN CRV 1,5MM 346330 JASON',1,5,1400,5455,6001,0,0,0,'y','2017-05-08 14:40:13','developer','0000-00-00 00:00:00','',0),(400,2,10,'8997018199630','02100400','KUNCI L SATIN CRV 10MM 346338 JASON',1,5,9091,17273,19000,0,0,0,'y','2017-05-08 14:40:13','developer','0000-00-00 00:00:00','',0),(401,2,10,'8997018199647','02100401','KUNCI L SATIN CRV 12MM 346339 JASON',1,5,19636,32727,36000,0,0,0,'y','2017-05-08 14:40:13','developer','0000-00-00 00:00:00','',0),(402,2,10,'8997018199654','02100402','KUNCI L SATIN CRV 14MM 346340 JASON',1,5,28637,45909,50500,0,0,0,'y','2017-05-08 14:40:14','developer','0000-00-00 00:00:00','',0),(403,2,10,'8997018199579','02100403','KUNCI L SATIN CRV 2,5MM 346332 JASON',1,5,1592,5455,6001,0,0,0,'y','2017-05-08 14:40:14','developer','0000-00-00 00:00:00','',0),(404,2,10,'8997018199562','02100404','KUNCI L SATIN CRV 2MM 346331 JASON',1,5,1463,5455,6001,0,0,0,'y','2017-05-08 14:40:14','developer','0000-00-00 00:00:00','',0),(405,2,10,'8997018199586','02100405','KUNCI L SATIN CRV 3MM 346333 JASON',1,5,1907,5455,6001,0,0,0,'y','2017-05-08 14:40:14','developer','0000-00-00 00:00:00','',0),(406,2,10,'8997018199593','02100406','KUNCI L SATIN CRV 4MM 346334 JASON',1,5,2419,6364,7000,0,0,0,'y','2017-05-08 14:40:14','developer','0000-00-00 00:00:00','',0),(407,2,10,'8997018199609','02100407','KUNCI L SATIN CRV 5MM 346335 JASON',1,5,3183,6818,7500,0,0,0,'y','2017-05-08 14:40:14','developer','0000-00-00 00:00:00','',0),(408,2,10,'8997018199616','02100408','KUNCI L SATIN CRV 6MM 346336 JASON',1,5,4137,8182,9000,0,0,0,'y','2017-05-08 14:40:14','developer','0000-00-00 00:00:00','',0),(409,2,10,'8997018199623','02100409','KUNCI L SATIN CRV 8MM 346337 JASON',1,5,6364,11364,12500,0,0,0,'y','2017-05-08 14:40:14','developer','0000-00-00 00:00:00','',0),(410,2,10,'8997011420397','02100410','KUNCI L SET 10PC 1.510MM 346171 JASON',1,5,38183,58182,64000,0,0,0,'y','2017-05-08 14:40:14','developer','0000-00-00 00:00:00','',0),(411,2,10,'','02100411','KUNCI L SET 10PC 1.510MM 346182 JASON',1,5,11454,17273,19000,0,0,0,'y','2017-05-08 14:40:14','developer','0000-00-00 00:00:00','',0),(412,2,10,'','02100412','KUNCI L SET 10PC 11638 346172 JASON',1,5,41364,61364,67500,0,0,0,'y','2017-05-08 14:40:14','developer','0000-00-00 00:00:00','',0),(413,2,10,'','02100413','KUNCI L SET 3PC 46MM 346186 JASON',1,5,9546,13636,15000,0,0,0,'y','2017-05-08 14:40:15','developer','0000-00-00 00:00:00','',0),(414,2,10,'','02100414','KUNCI L TORX SET8PC T9T40 346175 JASON',1,5,35625,57273,63000,0,0,0,'y','2017-05-08 14:40:15','developer','0000-00-00 00:00:00','',0),(415,2,10,'','02100415','KUNCI L TX XL 9PCT10T50 346181JASON',1,5,82728,175000,192500,0,0,0,'y','2017-05-08 14:40:15','developer','0000-00-00 00:00:00','',0),(416,2,10,'','02100416','KUNCI L  XLONG TX T40 BL0117311 BULLOCK',1,6,16177,25909,28500,0,0,0,'y','2017-05-08 14:40:15','developer','0000-00-00 00:00:00','',0),(417,2,10,'','02100417','KUNCI L SHORT 12MM BL0117011 BULLOCK',1,6,23164,42273,46500,0,0,0,'y','2017-05-08 14:40:15','developer','0000-00-00 00:00:00','',0),(418,2,10,'','02100418','KUNCI L SHORT 2.5MM BL0117002 BULLOCK',1,6,1163,6364,7000,0,0,0,'y','2017-05-08 14:40:15','developer','0000-00-00 00:00:00','',0),(419,2,10,'','02100419','KUNCI L SHORT 2MM BL0117001 BULLOCK',1,6,784,5909,6500,0,0,0,'y','2017-05-08 14:40:15','developer','0000-00-00 00:00:00','',0),(420,2,10,'','02100420','KUNCI L SHORT 3MM BL0117003 BULLOCK',1,6,1864,6818,7500,0,0,0,'y','2017-05-08 14:40:15','developer','0000-00-00 00:00:00','',0),(421,2,10,'','02100421','KUNCI L SHORT 4MM BL0117004 BULLOCK',1,6,3045,7273,8000,0,0,0,'y','2017-05-08 14:40:15','developer','0000-00-00 00:00:00','',0),(422,2,10,'','02100422','KUNCI L SHORT 5MM BL0117005 BULLOCK',1,6,3946,9091,10000,0,0,0,'y','2017-05-08 14:40:15','developer','0000-00-00 00:00:00','',0),(423,2,10,'','02100423','KUNCI L SHORT 6MM BL0117007 BULLOCK',1,6,4598,9091,10000,0,0,0,'y','2017-05-08 14:40:15','developer','0000-00-00 00:00:00','',0),(424,2,10,'','02100424','KUNCI L SHORT 8MM BL0117009 BULLOCK',1,6,7746,16364,18000,0,0,0,'y','2017-05-08 14:40:15','developer','0000-00-00 00:00:00','',0),(425,2,10,'','02100425','KUNCI L SHORT TX T30 BL0117206 BULLOCK',1,6,8460,15000,16500,0,0,0,'y','2017-05-08 14:40:15','developer','0000-00-00 00:00:00','',0),(426,2,10,'','02100426','KUNCI L SHORT TX T40 BL0117207 BULLOCK',1,6,11635,18182,20000,0,0,0,'y','2017-05-08 14:40:15','developer','0000-00-00 00:00:00','',0),(427,2,10,'','02100427','KUNCI L SHORT TX T45 BL0117208 BULLOCK',1,6,14737,23182,25500,0,0,0,'y','2017-05-08 14:40:16','developer','0000-00-00 00:00:00','',0),(428,2,10,'','02100428','KUNCI L SHORT TX T50 BL0117209 BULLOCK',1,6,18283,28182,31000,0,0,0,'y','2017-05-08 14:40:16','developer','0000-00-00 00:00:00','',0),(429,2,10,'','02100429','KUNCI L EXTLONGBP10PC11638BULLOCK',1,6,161331,248636,273500,0,0,0,'y','2017-05-08 14:40:16','developer','0000-00-00 00:00:00','',0),(430,2,10,'','02100430','KUNCI L EXTRALONG BP10PC1,510MM BULLOCK',1,6,161331,248636,273500,0,0,0,'y','2017-05-08 14:40:16','developer','0000-00-00 00:00:00','',0),(431,2,10,'','02100431','KUNCI L LONG TX SET 9PC T10T50 BULLOCK',1,6,203145,318182,350000,0,0,0,'y','2017-05-08 14:40:16','developer','0000-00-00 00:00:00','',0),(432,2,10,'','02100432','KUNCI L SET 8PC LIPAT 210MM BULLOCK',1,6,77342,118636,130500,0,0,0,'y','2017-05-08 14:40:16','developer','0000-00-00 00:00:00','',0),(433,2,10,'','02100433','KUNCI L SHORT SET 10PC 1,510MM BULLOCK',1,6,73020,111818,123000,0,0,0,'y','2017-05-08 14:40:16','developer','0000-00-00 00:00:00','',0),(434,2,10,'','02100434','KUNCI L SHORT TX SET 9PC T10T50 BULLOCK',1,6,109364,168636,185500,0,0,0,'y','2017-05-08 14:40:16','developer','0000-00-00 00:00:00','',0),(435,2,10,'','02100435','KUNCI L XLONG SET 10PCS 1,510MM BULLOCK',1,6,132633,204545,225000,0,0,0,'y','2017-05-08 14:40:16','developer','0000-00-00 00:00:00','',0),(436,2,11,'8997011420533','02110436','GUNTING BETON HD 18 362001 JASON',1,5,111363,150909,166000,0,0,0,'y','2017-05-08 14:40:16','developer','0000-00-00 00:00:00','',0),(437,2,11,'8997011420540','02110437','GUNTING BETON HD 24 362002 JASON',1,5,152728,206364,227000,0,0,0,'y','2017-05-08 14:40:16','developer','0000-00-00 00:00:00','',0),(438,2,11,'8997011420557','02110438','GUNTING BETON HD 30 362003 JASON',1,5,190909,264091,290500,0,0,0,'y','2017-05-08 14:40:16','developer','0000-00-00 00:00:00','',0),(439,2,11,'8997011420564','02110439','GUNTING BETON HD 36  362004 JASON',1,5,251363,340455,374501,0,0,0,'y','2017-05-08 14:40:16','developer','0000-00-00 00:00:00','',0),(440,2,11,'','02110440','GUNTING BETON HD 42 362005 JASON',1,5,439091,609091,670000,0,0,0,'y','2017-05-08 14:40:16','developer','0000-00-00 00:00:00','',0),(441,2,11,'','02110441','CUTTER 5 BLADE 362061 JASON',1,5,28637,42727,47000,0,0,0,'y','2017-05-08 14:40:17','developer','0000-00-00 00:00:00','',0),(442,2,11,'','02110442','CUTTER SET 2 PC 362062 JASON',1,5,33091,48182,53000,0,0,0,'y','2017-05-08 14:40:17','developer','0000-00-00 00:00:00','',0),(443,2,11,'8997018198596','02110443','PISAU LIPAT 12 IN 1 362065 JASON',1,5,27615,46818,51500,0,0,0,'y','2017-05-08 14:40:17','developer','0000-00-00 00:00:00','',0),(444,2,11,'','02110444','ALAT POTONG KACA TC90 362042 JASON',1,5,47728,82273,90500,0,0,0,'y','2017-05-08 14:40:17','developer','0000-00-00 00:00:00','',0),(445,2,11,'8997011425255','02110445','GERGAJI HDL KY 18 363021 JASON',1,5,43272,63182,69500,0,0,0,'y','2017-05-08 14:40:17','developer','0000-00-00 00:00:00','',0),(446,2,11,'8997011425262','02110446','GERGAJI HDL KY 20 363022 JASON',1,5,45409,68182,75000,0,0,0,'y','2017-05-08 14:40:17','developer','0000-00-00 00:00:00','',0),(447,2,11,'','02110447','GERGAJI KAYU 18 363011 JASON',1,5,27575,40455,44501,0,0,0,'y','2017-05-08 14:40:17','developer','0000-00-00 00:00:00','',0),(448,2,11,'','02110448','GERGAJI KAYU 20 363012 JASON',1,5,27575,44545,49000,0,0,0,'y','2017-05-08 14:40:17','developer','0000-00-00 00:00:00','',0),(449,2,11,'','02110449','GERGAJI KAYU HDL KRT18 363031 JASON',1,5,41364,61364,67500,0,0,0,'y','2017-05-08 14:40:17','developer','0000-00-00 00:00:00','',0),(450,2,11,'','02110450','GERGAJI KAYU HDL KRT20 363032 JASON',1,5,43908,64091,70500,0,0,0,'y','2017-05-08 14:40:17','developer','0000-00-00 00:00:00','',0),(451,2,11,'8997011424937','02110451','STANG GERGAJI 12 2IN1 364001 JASON',1,5,71331,119091,131000,0,0,0,'y','2017-05-08 14:40:17','developer','0000-00-00 00:00:00','',0),(452,2,11,'8997018194598','02110452','STANG GERGAJI 12 2IN1 364003 JASON',1,5,47348,67273,74000,0,0,0,'y','2017-05-08 14:40:17','developer','0000-00-00 00:00:00','',0),(453,2,11,'','02110453','STANG GERGAJI 12 364010 JASON',1,5,24181,33182,36500,0,0,0,'y','2017-05-08 14:40:17','developer','0000-00-00 00:00:00','',0),(454,2,11,'','02110454','STANG GERGAJI CRM 812 364004 JASON',1,5,20000,40455,44501,0,0,0,'y','2017-05-08 14:40:17','developer','0000-00-00 00:00:00','',0),(455,2,11,'','02110455','STANG GERGAJI PROF 12 364002 JASON',1,5,47728,62273,68500,0,0,0,'y','2017-05-08 14:40:17','developer','0000-00-00 00:00:00','',0),(456,2,11,'8997011420472','02110456','GUNTING SENG HD 10 362022 JASON',1,5,50909,65909,72500,0,0,0,'y','2017-05-08 14:40:17','developer','0000-00-00 00:00:00','',0),(457,2,11,'','02110457','GUNTING SENG HD 12 362023 JASON',1,5,57272,80000,88000,0,0,0,'y','2017-05-08 14:40:17','developer','0000-00-00 00:00:00','',0),(458,2,11,'','02110458','GUNTING SENG HD 8 362021 JASON',1,5,38181,51818,57000,0,0,0,'y','2017-05-08 14:40:18','developer','0000-00-00 00:00:00','',0),(459,2,11,'','02110459','GUNTING SENG LURUS 10362112 JASON',1,5,52159,105455,116001,0,0,0,'y','2017-05-08 14:40:18','developer','0000-00-00 00:00:00','',0),(460,2,11,'8997011429376','02110460','ALAT POTONG KERAMIK400MM3IN1365001JASON',1,5,334091,515000,566500,0,0,0,'y','2017-05-08 14:40:18','developer','0000-00-00 00:00:00','',0),(461,2,11,'8997018194864','02110461','ALAT POTONG KERAMIK600MM3IN1365003JASON',1,5,426364,610000,671000,0,0,0,'y','2017-05-08 14:40:18','developer','0000-00-00 00:00:00','',0),(462,2,11,'','02110462','FLARING TOOL 615MM 362051 JASON',1,5,66819,103636,114000,0,0,0,'y','2017-05-08 14:40:18','developer','0000-00-00 00:00:00','',0),(463,2,11,'','02110463','UNCEK SET 3,4,5,6MM 350024 JASON',1,5,9090,19091,21000,0,0,0,'y','2017-05-08 14:40:18','developer','0000-00-00 00:00:00','',0),(464,2,11,'','02110464','GERGAJI BLOK CITICON',1,7,33000,44545,49000,0,0,0,'y','2017-05-08 14:40:18','developer','0000-00-00 00:00:00','',0),(465,2,12,'','02120465','KAPI 1.5 377036 JASON',1,5,6363,10000,11000,0,0,0,'y','2017-05-08 14:40:18','developer','0000-00-00 00:00:00','',0),(466,2,12,'','02120466','KAPI 2.5 377038 JASON',1,5,7954,11364,12500,0,0,0,'y','2017-05-08 14:40:18','developer','0000-00-00 00:00:00','',0),(467,2,12,'','02120467','KAPI 2 377037 JASON',1,5,6894,10455,11501,0,0,0,'y','2017-05-08 14:40:18','developer','0000-00-00 00:00:00','',0),(468,2,12,'','02120468','KAPI 3 377039 JASON',1,5,9016,12273,13500,0,0,0,'y','2017-05-08 14:40:18','developer','0000-00-00 00:00:00','',0),(469,2,12,'','02120469','KAPI 4 377040 JASON',1,5,11137,15455,17001,0,0,0,'y','2017-05-08 14:40:18','developer','0000-00-00 00:00:00','',0),(470,2,12,'','02120470','KAPI SET 4PC 377031 JASON',1,5,10795,19545,21500,0,0,0,'y','2017-05-08 14:40:18','developer','0000-00-00 00:00:00','',0),(471,2,12,'','02120471','KAPI SS HDL KAYU  1.5 377042 JASON',1,5,6439,14545,16000,0,0,0,'y','2017-05-08 14:40:18','developer','0000-00-00 00:00:00','',0),(472,2,12,'','02120472','KAPI SS HDL KAYU  2.5 377044 JASON',1,5,8404,14545,16000,0,0,0,'y','2017-05-08 14:40:19','developer','0000-00-00 00:00:00','',0),(473,2,12,'','02120473','KAPI SS HDL KAYU  2 377043 JASON',1,5,8063,15455,17001,0,0,0,'y','2017-05-08 14:40:19','developer','0000-00-00 00:00:00','',0),(474,2,12,'','02120474','KAPI SS HDL KAYU  3 377045 JASON',1,5,9540,17273,19000,0,0,0,'y','2017-05-08 14:40:19','developer','0000-00-00 00:00:00','',0),(475,2,12,'','02120475','KAPI SS HDL KAYU  4 377046 JASON',1,5,9849,20909,23000,0,0,0,'y','2017-05-08 14:40:19','developer','0000-00-00 00:00:00','',0),(476,2,12,'','02120476','KAPI WALLPAPER 280MM 377047 JASON',1,5,22159,37273,41000,0,0,0,'y','2017-05-08 14:40:19','developer','0000-00-00 00:00:00','',0),(477,2,12,'','02120477','GUN TACKER 3IN1 414MM 358002 JASON',1,5,79545,125000,137500,0,0,0,'y','2017-05-08 14:40:19','developer','0000-00-00 00:00:00','',0),(478,2,12,'','02120478','GUN TACKER 48MM 358001 JASON',1,5,49091,80909,89000,0,0,0,'y','2017-05-08 14:40:19','developer','0000-00-00 00:00:00','',0),(479,2,12,'','02120479','GUN TACKER 4IN1 414MM 358021 JASON',1,5,155901,232727,256000,0,0,0,'y','2017-05-08 14:40:19','developer','0000-00-00 00:00:00','',0),(480,2,12,'','02120480','CAULKING GUN 9 360001 JASON',1,5,38183,52727,58000,0,0,0,'y','2017-05-08 14:40:19','developer','0000-00-00 00:00:00','',0),(481,2,12,'','02120481','CAULKING GUN 9 NYLON 360002 JASON',1,5,35860,50455,55501,0,0,0,'y','2017-05-08 14:40:20','developer','0000-00-00 00:00:00','',0),(482,2,12,'','02120482','ALAT BUKA PAKU 12X12MM 347501 JASON',1,5,36909,60000,66000,0,0,0,'y','2017-05-08 14:40:20','developer','0000-00-00 00:00:00','',0),(483,2,12,'','02120483','ALAT BUKA PAKU 18X16MM 347502 JASON',1,5,47438,98636,108500,0,0,0,'y','2017-05-08 14:40:20','developer','0000-00-00 00:00:00','',0),(484,2,12,'','02120484','ALAT BUKA PAKU 24X16MM 347503 JASON',1,5,71023,128182,141000,0,0,0,'y','2017-05-08 14:40:20','developer','0000-00-00 00:00:00','',0),(485,2,12,'','02120485','KOP KACA 5 3 KAKI 362044 JASON',1,5,178182,415455,457001,0,0,0,'y','2017-05-08 14:40:20','developer','0000-00-00 00:00:00','',0),(486,2,12,'','02120486','PAHAT KAYU HDL KAYU 1 371227 JASON',1,5,9584,15909,17500,0,0,0,'y','2017-05-08 14:40:20','developer','0000-00-00 00:00:00','',0),(487,2,12,'','02120487','PAHAT KAYU HDL KAYU 12 371224 JASON',1,5,6439,12727,14000,0,0,0,'y','2017-05-08 14:40:20','developer','0000-00-00 00:00:00','',0),(488,2,12,'','02120488','PAHAT KAYU HDL KAYU  371221 JASON',1,5,6326,10000,11000,0,0,0,'y','2017-05-08 14:40:20','developer','0000-00-00 00:00:00','',0),(489,2,12,'','02120489','PAHAT KAYU HDL KAYU 38 371223 JASON',1,5,6137,11818,13000,0,0,0,'y','2017-05-08 14:40:20','developer','0000-00-00 00:00:00','',0),(490,2,12,'','02120490','PAHAT KAYU HDL KAYU  371226 JASON',1,5,8710,13636,15000,0,0,0,'y','2017-05-08 14:40:20','developer','0000-00-00 00:00:00','',0),(491,2,12,'','02120491','PAHAT KAYU HDL KAYU 516 371222 JASON',1,5,5757,10455,11501,0,0,0,'y','2017-05-08 14:40:20','developer','0000-00-00 00:00:00','',0),(492,2,12,'','02120492','TROWEL GERIGI 100MM CITICON',1,7,30250,40909,45000,0,0,0,'y','2017-05-08 14:40:20','developer','0000-00-00 00:00:00','',0),(493,2,12,'','02120493','TROWEL GERIGI 75MM CITICON',1,7,30250,40909,45000,0,0,0,'y','2017-05-08 14:40:21','developer','0000-00-00 00:00:00','',0),(494,2,12,'','02120494','TROWEL BULAT BIRU 6 377068 JASON',1,5,10606,28182,31000,0,0,0,'y','2017-05-08 14:40:21','developer','0000-00-00 00:00:00','',0),(495,2,12,'','02120495','TROWEL BULAT BIRU 7 377069 JASON',1,5,13258,31364,34500,0,0,0,'y','2017-05-08 14:40:21','developer','0000-00-00 00:00:00','',0),(496,2,12,'','02120496','TROWEL BULAT BIRU 8 377070 JASON',1,5,21477,34091,37500,0,0,0,'y','2017-05-08 14:40:21','developer','0000-00-00 00:00:00','',0),(497,2,12,'','02120497','TROWEL OVAL BIRU 6 377071 JASON',1,5,12064,28182,31000,0,0,0,'y','2017-05-08 14:40:21','developer','0000-00-00 00:00:00','',0),(498,2,12,'','02120498','TROWEL OVAL BIRU 7 377072 JASON',1,5,12121,31364,34500,0,0,0,'y','2017-05-08 14:40:21','developer','0000-00-00 00:00:00','',0),(499,2,12,'','02120499','TROWEL OVAL BIRU 8 377073 JASON',1,5,22273,34091,37500,0,0,0,'y','2017-05-08 14:40:21','developer','0000-00-00 00:00:00','',0),(500,2,12,'8997011420694','02120500','KUAS CAT HTM 1.5  377012 JASON',1,5,5170,8182,9000,0,0,0,'y','2017-05-08 14:40:21','developer','0000-00-00 00:00:00','',0),(501,2,12,'8997011420687','02120501','KUAS CAT HTM 1 377011 JASON',1,5,3658,7727,8500,0,0,0,'y','2017-05-08 14:40:21','developer','0000-00-00 00:00:00','',0),(502,2,12,'8997011420717','02120502','KUAS CAT HTM 2,5 377014 JASON',1,5,8653,17273,19000,0,0,0,'y','2017-05-08 14:40:21','developer','0000-00-00 00:00:00','',0),(503,2,12,'8997011420700','02120503','KUAS CAT HTM 2 377013 JASON',1,5,7955,14091,15500,0,0,0,'y','2017-05-08 14:40:21','developer','0000-00-00 00:00:00','',0),(504,2,12,'8997011420724','02120504','KUAS CAT HTM 3 377015 JASON',1,5,12991,21818,24000,0,0,0,'y','2017-05-08 14:40:21','developer','0000-00-00 00:00:00','',0),(505,2,12,'8997011420731','02120505','KUAS CAT HTM 4 377016 JASON',1,5,18030,30909,34000,0,0,0,'y','2017-05-08 14:40:21','developer','0000-00-00 00:00:00','',0),(506,2,12,'8997011428997','02120506','KUAS CAT PTH 1.5 377002 JASON',1,5,3053,6818,7500,0,0,0,'y','2017-05-08 14:40:21','developer','0000-00-00 00:00:00','',0),(507,2,12,'8997011428980','02120507','KUAS CAT PTH 1 377001 JASON',1,5,2254,5455,6001,0,0,0,'y','2017-05-08 14:40:22','developer','0000-00-00 00:00:00','',0),(508,2,12,'8997011429017','02120508','KUAS CAT PTH 2,5 377004 JASON',1,5,6359,12727,14000,0,0,0,'y','2017-05-08 14:40:22','developer','0000-00-00 00:00:00','',0),(509,2,12,'8997011429000','02120509','KUAS CAT PTH 2 377003 JASON',1,5,4304,9545,10500,0,0,0,'y','2017-05-08 14:40:22','developer','0000-00-00 00:00:00','',0),(510,2,12,'8997011429024','02120510','KUAS CAT PTH 3 377005 JASON',1,5,7686,15455,17001,0,0,0,'y','2017-05-08 14:40:22','developer','0000-00-00 00:00:00','',0),(511,2,12,'8997011429031','02120511','KUAS CAT PTH 4 377006 JASON',1,5,12462,25000,27500,0,0,0,'y','2017-05-08 14:40:22','developer','0000-00-00 00:00:00','',0),(512,2,12,'','02120512','KUAS ROL 7 ALUM 377026 JASON',1,5,59091,109545,120500,0,0,0,'y','2017-05-08 14:40:22','developer','0000-00-00 00:00:00','',0),(513,2,12,'8997011426689','02120513','KUAS ROL 9 377009 JASON',1,5,23863,33636,37000,0,0,0,'y','2017-05-08 14:40:22','developer','0000-00-00 00:00:00','',0),(514,2,12,'8997018195830','02120514','KUAS ROLL KAPAL 4X24 377010 JASON',1,5,10341,15455,17001,0,0,0,'y','2017-05-08 14:40:22','developer','0000-00-00 00:00:00','',0),(515,2,12,'','02120515','REFILL KUAS ROL KAPAL 4 377019 JASON',1,5,4293,6818,7500,0,0,0,'y','2017-05-08 14:40:22','developer','0000-00-00 00:00:00','',0),(516,2,13,'','02130516','TOOL BOX DCA',1,3,55000,68182,75000,0,0,0,'y','2017-05-08 14:40:22','developer','0000-00-00 00:00:00','',0),(517,2,13,'','02130517','TOOL BOX 2 SUSUN 50X20X24 391016 JASON',1,5,330910,460455,506501,0,0,0,'y','2017-05-08 14:40:22','developer','0000-00-00 00:00:00','',0),(518,2,13,'','02130518','TOOL BOX 3 SUSUN 50X20X29 391017 JASON',1,5,338150,520000,572000,0,0,0,'y','2017-05-08 14:40:22','developer','0000-00-00 00:00:00','',0),(519,2,13,'','02130519','TOOL BOX BESI 2SSN KNG15 391005 JASON',1,5,154205,308182,339000,0,0,0,'y','2017-05-08 14:40:22','developer','0000-00-00 00:00:00','',0),(520,2,13,'','02130520','TOOL BOX BESI 2SSN KNG20 391006 JASON',1,5,196023,470455,517501,0,0,0,'y','2017-05-08 14:40:23','developer','0000-00-00 00:00:00','',0),(521,2,13,'','02130521','TOOL BOX BM T171 2315 MASPION',1,8,12526,19091,21000,0,0,0,'y','2017-05-08 14:40:23','developer','0000-00-00 00:00:00','',0),(522,2,13,'','02130522','TOOL BOX BM T172 2823 MASPION',1,8,24355,32273,35500,0,0,0,'y','2017-05-08 14:40:23','developer','0000-00-00 00:00:00','',0),(523,2,13,'','02130523','TOOL BOX BM T173 3531 MASPION',1,8,38403,47727,52500,0,0,0,'y','2017-05-08 14:40:23','developer','0000-00-00 00:00:00','',0),(524,2,14,'8997011420236','02140524','METERAN FIBER 100M 368003 JASON',1,5,136819,196364,216000,0,0,0,'y','2017-05-08 14:40:23','developer','0000-00-00 00:00:00','',0),(525,2,14,'8997011420212','02140525','METERAN FIBER 30M 368001 JASON',1,5,47728,69091,76000,0,0,0,'y','2017-05-08 14:40:23','developer','0000-00-00 00:00:00','',0),(526,2,14,'8997011420229','02140526','METERAN FIBER 50M 368002 JASON',1,5,63637,90455,99501,0,0,0,'y','2017-05-08 14:40:23','developer','0000-00-00 00:00:00','',0),(527,2,14,'','02140527','METERAN HONGSUI 5MX19MM 368007 JASON',1,5,11455,18182,20000,0,0,0,'y','2017-05-08 14:40:23','developer','0000-00-00 00:00:00','',0),(528,2,14,'','02140528','METERAN HONGSUI 7,5MX25MM 368008 JASON',1,5,20864,31818,35000,0,0,0,'y','2017-05-08 14:40:23','developer','0000-00-00 00:00:00','',0),(529,2,14,'8997011423763','02140529','METERAN JALAN WRODA 368041 JASON',1,5,572728,819091,901000,0,0,0,'y','2017-05-08 14:40:23','developer','0000-00-00 00:00:00','',0),(530,2,14,'','02140530','METERAN PLAT BESI 100M JASON',1,5,0,289091,318000,0,0,0,'y','2017-05-08 14:40:23','developer','0000-00-00 00:00:00','',0),(531,2,14,'8997011420243','02140531','METERAN PLAT BESI 30M 368031 JASON',1,5,152727,216818,238500,0,0,0,'y','2017-05-08 14:40:23','developer','0000-00-00 00:00:00','',0),(532,2,14,'8997011420250','02140532','METERAN PLAT BESI 50M 368032 JASON',1,5,187727,289091,318000,0,0,0,'y','2017-05-08 14:40:23','developer','0000-00-00 00:00:00','',0),(533,2,14,'8997011423107','02140533','METERAN ROL KNG 3M 368021 JASON',1,5,15273,21818,24000,0,0,0,'y','2017-05-08 14:40:23','developer','0000-00-00 00:00:00','',0),(534,2,14,'8997011423114','02140534','METERAN ROL KNG 5M 368022 JASON',1,5,22272,32273,35500,0,0,0,'y','2017-05-08 14:40:24','developer','0000-00-00 00:00:00','',0),(535,2,14,'8997011423121','02140535','METERAN ROL KNG 7.5M 368023 JASON',1,5,36909,52727,58000,0,0,0,'y','2017-05-08 14:40:24','developer','0000-00-00 00:00:00','',0),(536,2,14,'8997011422711','02140536','METERAN ROL KNG BODI KRT 3M 368026JASON',1,5,18455,29091,32000,0,0,0,'y','2017-05-08 14:40:24','developer','0000-00-00 00:00:00','',0),(537,2,14,'8997011422728','02140537','METERAN ROL KNG BODI KRT 5M 368027JASON',1,5,29272,42727,47000,0,0,0,'y','2017-05-08 14:40:24','developer','0000-00-00 00:00:00','',0),(538,2,14,'8997011423336','02140538','METERAN ROL KNG KRT 7,5M 368028 JASON',1,5,46454,66364,73000,0,0,0,'y','2017-05-08 14:40:24','developer','0000-00-00 00:00:00','',0),(539,2,14,'8997018190965','02140539','METERAN ROL MAGNIT 3M 368056 JASON',1,5,19588,36364,40000,0,0,0,'y','2017-05-08 14:40:24','developer','0000-00-00 00:00:00','',0),(540,2,14,'8997018190972','02140540','METERAN ROL MAGNIT 5M 368057 JASON',1,5,30546,44091,48500,0,0,0,'y','2017-05-08 14:40:24','developer','0000-00-00 00:00:00','',0),(541,2,14,'8997018190989','02140541','METERAN ROL MAGNIT 7,5M 368058 JASON',1,5,47728,68182,75000,0,0,0,'y','2017-05-08 14:40:24','developer','0000-00-00 00:00:00','',0),(542,2,14,'','02140542','METERAN ROL TRANSPARANT 2M 368061 JASON',1,5,6363,14545,16000,0,0,0,'y','2017-05-08 14:40:24','developer','0000-00-00 00:00:00','',0),(543,2,14,'','02140543','METERAN ROL TRANSPARANT 3M 368062 JASON',1,5,11965,18636,20500,0,0,0,'y','2017-05-08 14:40:24','developer','0000-00-00 00:00:00','',0),(544,2,14,'','02140544','METERAN ROL TRANSPARANT 5M 368063 JASON',1,5,18410,27273,30000,0,0,0,'y','2017-05-08 14:40:24','developer','0000-00-00 00:00:00','',0),(545,2,14,'','02140545','PENGGARIS BENANG  KAPUR 368211 JASON',1,5,26516,41818,46000,0,0,0,'y','2017-05-08 14:40:24','developer','0000-00-00 00:00:00','',0),(546,2,14,'8997018198626','02140546','PENGGARIS BNGKPRWTRPS 30M 368210JASON',1,5,24818,35909,39500,0,0,0,'y','2017-05-08 14:40:24','developer','0000-00-00 00:00:00','',0),(547,2,14,'','02140547','PENGGARIS SS 6 368201 JASON',1,5,3940,9091,10000,0,0,0,'y','2017-05-08 14:40:24','developer','0000-00-00 00:00:00','',0),(548,2,14,'','02140548','PENGGARISMISTAR PLAT 8 368202 JASON',1,5,6668,15455,17001,0,0,0,'y','2017-05-08 14:40:24','developer','0000-00-00 00:00:00','',0),(549,2,14,'8997018193188','02140549','SIKU TUKANG ALUMINIUM 10 377222 JASON',1,5,22273,33636,37000,0,0,0,'y','2017-05-08 14:40:24','developer','0000-00-00 00:00:00','',0),(550,2,14,'8997018193195','02140550','SIKU TUKANG ALUMINIUM 12 377223 JASON',1,5,25137,39545,43500,0,0,0,'y','2017-05-08 14:40:24','developer','0000-00-00 00:00:00','',0),(551,2,14,'','02140551','SIKU TUKANG MULTIGUNA 12 377211 JASON',1,5,44538,64091,70500,0,0,0,'y','2017-05-08 14:40:25','developer','0000-00-00 00:00:00','',0),(552,2,14,'8997011428317','02140552','SKETMAT 6 DIGITAL 367003 JASON',1,5,229091,327727,360500,0,0,0,'y','2017-05-08 14:40:25','developer','0000-00-00 00:00:00','',0),(553,2,14,'','02140553','SKETMAT 8 DIGITAL 367005 JASON',1,5,0,547273,602000,0,0,0,'y','2017-05-08 14:40:25','developer','0000-00-00 00:00:00','',0),(554,2,14,'','02140554','SKETMAT BESI 12 367006 JASON',1,5,188125,364091,400500,0,0,0,'y','2017-05-08 14:40:25','developer','0000-00-00 00:00:00','',0),(555,2,14,'8997011420311','02140555','SKETMAT BESI 6 367001 JASON',1,5,85908,123182,135500,0,0,0,'y','2017-05-08 14:40:25','developer','0000-00-00 00:00:00','',0),(556,2,14,'8997011420328','02140556','SKETMAT BESI 8 367002 JASON',1,5,136622,196818,216500,0,0,0,'y','2017-05-08 14:40:25','developer','0000-00-00 00:00:00','',0),(557,2,14,'','02140557','SKETMAT DIAL 6 X 0.02MM 367007 JASON',1,5,171428,290909,320000,0,0,0,'y','2017-05-08 14:40:25','developer','0000-00-00 00:00:00','',0),(558,2,14,'8997018190330','02140558','FULLER 13 BLADES 4 367106 JASON',1,5,22273,32727,36000,0,0,0,'y','2017-05-08 14:40:25','developer','0000-00-00 00:00:00','',0),(559,2,14,'8994844000581','02140559','FULLER 20 BLADES 4 367107 JASON',1,5,35000,50000,55000,0,0,0,'y','2017-05-08 14:40:25','developer','0000-00-00 00:00:00','',0),(560,2,14,'','02140560','WATERPASS ALM 18 367011 JASON',1,5,57272,82273,90500,0,0,0,'y','2017-05-08 14:40:25','developer','0000-00-00 00:00:00','',0),(561,2,14,'','02140561','WATERPASS ALM 24 367012 JASON',1,5,70000,100909,111000,0,0,0,'y','2017-05-08 14:40:25','developer','0000-00-00 00:00:00','',0),(562,2,14,'8997018198855','02140562','WATERPASS ALUMINIUM KNG18367015 JASON',1,5,35000,50455,55501,0,0,0,'y','2017-05-08 14:40:25','developer','0000-00-00 00:00:00','',0),(563,2,14,'8997018198862','02140563','WATERPASS ALUMINIUM KNG24367016 JASON',1,5,44546,63636,70000,0,0,0,'y','2017-05-08 14:40:25','developer','0000-00-00 00:00:00','',0),(564,2,14,'','02140564','WATERPASS ALUMINIUM KNG36367017 JASON',1,5,61364,91364,100500,0,0,0,'y','2017-05-08 14:40:25','developer','0000-00-00 00:00:00','',0),(565,2,14,'','02140565','WATERPASS ALUMINIUM KNG48367018 JASON',1,5,79545,114091,125500,0,0,0,'y','2017-05-08 14:40:25','developer','0000-00-00 00:00:00','',0),(566,2,14,'8997011425293','02140566','WATERPASS MAGNET 18 367021 JASON',1,5,57272,82727,91000,0,0,0,'y','2017-05-08 14:40:26','developer','0000-00-00 00:00:00','',0),(567,2,14,'8997011425309','02140567','WATERPASS MAGNET 24 367022 JASON',1,5,73636,109091,120000,0,0,0,'y','2017-05-08 14:40:26','developer','0000-00-00 00:00:00','',0),(568,2,14,'8997018192648','02140568','WATERPASS TORPEDO 9 367041 JASON',1,5,20681,35000,38500,0,0,0,'y','2017-05-08 14:40:26','developer','0000-00-00 00:00:00','',0),(569,2,14,'','02140569','MANOMETER 2 12 X 100KG 374007 JASON',1,5,38182,54545,60000,0,0,0,'y','2017-05-08 14:40:26','developer','0000-00-00 00:00:00','',0),(570,2,14,'','02140570','MANOMETER 2 12 X 10KG 374003 JASON',1,5,28636,43636,48000,0,0,0,'y','2017-05-08 14:40:26','developer','0000-00-00 00:00:00','',0),(571,2,14,'','02140571','MANOMETER 2 12 X 16KG 374004 JASON',1,5,28636,43636,48000,0,0,0,'y','2017-05-08 14:40:26','developer','0000-00-00 00:00:00','',0),(572,2,14,'','02140572','MANOMETER 2 12 X 200KG374008 JASON',1,5,38150,54545,60000,0,0,0,'y','2017-05-08 14:40:26','developer','0000-00-00 00:00:00','',0),(573,2,14,'','02140573','MANOMETER 2 12 X 25KG 374006 JASON',1,5,28636,43636,48000,0,0,0,'y','2017-05-08 14:40:26','developer','0000-00-00 00:00:00','',0),(574,2,14,'','02140574','MANOMETER 2 12 X 4KG 374001 JASON',1,5,23000,43636,48000,0,0,0,'y','2017-05-08 14:40:26','developer','0000-00-00 00:00:00','',0),(575,2,14,'','02140575','MANOMETER 4 X 100KG 374016 JASON',1,5,0,95455,105001,0,0,0,'y','2017-05-08 14:40:26','developer','0000-00-00 00:00:00','',0),(576,2,14,'','02140576','MANOMETER 4 X 150KG 374017 JASON',1,5,0,95455,105001,0,0,0,'y','2017-05-08 14:40:26','developer','0000-00-00 00:00:00','',0),(577,2,14,'','02140577','MANOMETER 4 X 300KG 374018 JASON',1,5,0,100455,110501,0,0,0,'y','2017-05-08 14:40:26','developer','0000-00-00 00:00:00','',0),(578,2,14,'','02140578','METERAN ROL 3M MELZER',1,9,12480,19091,21000,0,0,0,'y','2017-05-08 14:40:26','developer','0000-00-00 00:00:00','',0),(579,2,14,'','02140579','METERAN ROL 5M MELZER',1,9,19680,30000,33000,0,0,0,'y','2017-05-08 14:40:26','developer','0000-00-00 00:00:00','',0),(580,2,14,'','02140580','METERAN ROL 7,5M MELZER',1,9,38400,59091,65000,0,0,0,'y','2017-05-08 14:40:27','developer','0000-00-00 00:00:00','',0),(581,2,14,'','02140581','SKETMAT 6 DIAL 505683685 MITUTOYO',1,10,775000,1508636,1659500,0,0,0,'y','2017-05-08 14:40:27','developer','0000-00-00 00:00:00','',0),(582,2,14,'','02140582','SKETMAT 6 DIGITAL  500196 MITUTOYO',1,10,1250000,2287273,2516000,0,0,0,'y','2017-05-08 14:40:27','developer','0000-00-00 00:00:00','',0),(583,2,14,'','02140583','SKETMAT 6 VERN 530104 MITUTOYO',1,10,410000,711818,783000,0,0,0,'y','2017-05-08 14:40:27','developer','0000-00-00 00:00:00','',0),(584,2,14,'','02140584','SKETMAT 8 DIAL 505634684 MITUTOYO',1,10,560769,2052273,2257500,0,0,0,'y','2017-05-08 14:40:27','developer','0000-00-00 00:00:00','',0),(585,2,14,'','02140585','SKETMAT 8 DIGITAL 500197 MITUTOYO',1,10,1932000,2682727,2951000,0,0,0,'y','2017-05-08 14:40:27','developer','0000-00-00 00:00:00','',0),(586,2,14,'','02140586','SKETMAT 8 VERN 530114 MITUTOYO',1,10,590625,809091,890000,0,0,0,'y','2017-05-08 14:40:27','developer','0000-00-00 00:00:00','',0),(587,2,14,'','02140587','ANALOG MULTIMETER AM47 I CONSTANT',1,11,283181,436364,480000,0,0,0,'y','2017-05-08 14:40:27','developer','0000-00-00 00:00:00','',0),(588,2,14,'','02140588','DIGITAL CLAMP METER 600A AC600 CONSTANT',1,11,255500,590909,650000,0,0,0,'y','2017-05-08 14:40:27','developer','0000-00-00 00:00:00','',0),(589,2,14,'','02140589','DIGITAL CLAMP METER AC1000 CONSTANT',1,11,278800,863636,950000,0,0,0,'y','2017-05-08 14:40:28','developer','0000-00-00 00:00:00','',0),(590,2,14,'','02140590','DIGITAL CLAMP METER ADC 1000 CONSTANT',1,11,938000,2074545,2282000,0,0,0,'y','2017-05-08 14:40:28','developer','0000-00-00 00:00:00','',0),(591,2,14,'','02140591','DIGITAL INSULATION TESTER1000V CONSTANT',1,11,0,3227273,3550000,0,0,0,'y','2017-05-08 14:40:28','developer','0000-00-00 00:00:00','',0),(592,2,14,'','02140592','DIGITAL INSULATIONMEGER 5KV CONSTANT',1,11,0,6915455,7607001,0,0,0,'y','2017-05-08 14:40:28','developer','0000-00-00 00:00:00','',0),(593,2,14,'','02140593','DIGITAL MULTIMETER 50 CONSTANT',1,11,98000,215455,237001,0,0,0,'y','2017-05-08 14:40:28','developer','0000-00-00 00:00:00','',0),(594,2,14,'','02140594','DIGITAL MULTIMETER AUTO RNG90F CONSTANT',1,11,0,866818,953500,0,0,0,'y','2017-05-08 14:40:28','developer','0000-00-00 00:00:00','',0),(595,2,14,'','02140595','DIGITAL MULTIMETER DMM 600IV CONSTANT',1,11,0,2191818,2411000,0,0,0,'y','2017-05-08 14:40:28','developer','0000-00-00 00:00:00','',0),(596,2,14,'','02140596','DIGITAL MULTIMETER DMM89 CONSTANT',1,11,283181,436364,480000,0,0,0,'y','2017-05-08 14:40:28','developer','0000-00-00 00:00:00','',0),(597,2,14,'','02140597','DIGITAL MULTIMETER POCKET PD10CONSTANT',1,11,0,340909,375000,0,0,0,'y','2017-05-08 14:40:28','developer','0000-00-00 00:00:00','',0),(598,2,14,'','02140598','DIGITAL MULTIMETER WITH LCR 95ICONSTANT',1,11,588636,969091,1066000,0,0,0,'y','2017-05-08 14:40:28','developer','0000-00-00 00:00:00','',0),(599,2,14,'','02140599','DIGITAL POWER CLAMP METER 260W CONSTANT',1,11,0,7031364,7734500,0,0,0,'y','2017-05-08 14:40:28','developer','0000-00-00 00:00:00','',0),(600,2,14,'','02140600','PEN TESTER TDS19 CONSTANT',1,11,0,1181818,1300000,0,0,0,'y','2017-05-08 14:40:28','developer','0000-00-00 00:00:00','',0),(601,2,14,'','02140601','TEST LEAD TL03 CONSTANT',1,11,0,68636,75500,0,0,0,'y','2017-05-08 14:40:28','developer','0000-00-00 00:00:00','',0),(602,2,14,'','02140602','TRUE RMS CLAMP METER ADC 600 CONSTANT',1,11,610909,1510000,1661000,0,0,0,'y','2017-05-08 14:40:28','developer','0000-00-00 00:00:00','',0),(603,2,14,'','02140603','THERMOMETER WBEAD PROBE 20TC CONSTANT',1,11,0,1090909,1200000,0,0,0,'y','2017-05-08 14:40:28','developer','0000-00-00 00:00:00','',0),(604,2,14,'','02140604','SCOTLIGHT U TACHOMETER RPM78 CONSTANT',1,11,0,118182,130000,0,0,0,'y','2017-05-08 14:40:29','developer','0000-00-00 00:00:00','',0),(605,2,14,'','02140605','THERMO HYGROMETER 5070 HT100 CONSTANT',1,11,262500,381818,420000,0,0,0,'y','2017-05-08 14:40:29','developer','0000-00-00 00:00:00','',0),(606,2,14,'','02140606','THERMOMETER W PROBE 20T CONSTANT',1,11,0,1607273,1768000,0,0,0,'y','2017-05-08 14:40:29','developer','0000-00-00 00:00:00','',0),(607,2,14,'','02140607','THERMOMETER WDUAL PROBE TC12 CONSTANT',1,11,0,754545,830000,0,0,0,'y','2017-05-08 14:40:29','developer','0000-00-00 00:00:00','',0),(608,2,14,'','02140608','LASER DISTANCE METER 50 CONSTANT',1,11,0,1318182,1450000,0,0,0,'y','2017-05-08 14:40:29','developer','0000-00-00 00:00:00','',0),(609,2,14,'','02140609','LASER DISTANCE METER 60 CONSTANT',1,11,1193182,1590909,1750000,0,0,0,'y','2017-05-08 14:40:29','developer','0000-00-00 00:00:00','',0),(610,2,14,'','02140610','COATING THICKNESS GAUGE CT40 CONSTANT',1,11,5625000,8669091,9536000,0,0,0,'y','2017-05-08 14:40:29','developer','0000-00-00 00:00:00','',0),(611,2,14,'','02140611','CONCRETE MOISTURE METER MC 100 CONSTANT',1,11,0,2681818,2950000,0,0,0,'y','2017-05-08 14:40:29','developer','0000-00-00 00:00:00','',0),(612,2,14,'','02140612','DIGITAL DEPTH GAUGE DG250 CONSTANT',1,11,0,286364,315000,0,0,0,'y','2017-05-08 14:40:29','developer','0000-00-00 00:00:00','',0),(613,2,14,'','02140613','DIGITAL THICKNESS GAUGE TG120CONSTANT',1,11,0,245455,270001,0,0,0,'y','2017-05-08 14:40:29','developer','0000-00-00 00:00:00','',0),(614,2,14,'','02140614','PH PEN TESTER PH47 CONSTANT',1,11,0,954545,1050000,0,0,0,'y','2017-05-08 14:40:29','developer','0000-00-00 00:00:00','',0),(615,2,14,'','02140615','WOOD MOISTURE METER PRO 100 CONSTANT',1,11,0,2775909,3053500,0,0,0,'y','2017-05-08 14:40:30','developer','0000-00-00 00:00:00','',0),(616,3,15,'','03150616','MATA BOR SDS PLUS 10X160 D00175 MAKITA',1,1,12795,22727,25000,0,0,0,'y','2017-05-08 14:40:30','developer','0000-00-00 00:00:00','',0),(617,3,15,'','03150617','MATA BOR SDS PLUS 10X210 D00181 MAKITA',1,1,14041,27273,30000,0,0,0,'y','2017-05-08 14:40:30','developer','0000-00-00 00:00:00','',0),(618,3,15,'','03150618','MATA BOR SDS PLUS 12X160 D00228 MAKITA',1,1,15182,25909,28500,0,0,0,'y','2017-05-08 14:40:30','developer','0000-00-00 00:00:00','',0),(619,3,15,'','03150619','MATA BOR SDS PLUS 12X210 D00234 MAKITA',1,1,9000,30455,33501,0,0,0,'y','2017-05-08 14:40:30','developer','0000-00-00 00:00:00','',0),(620,3,15,'','03150620','MATA BOR SDS PLUS 14X160 D00262 MAKITA',1,1,0,31364,34500,0,0,0,'y','2017-05-08 14:40:30','developer','0000-00-00 00:00:00','',0),(621,3,15,'','03150621','MATA BOR SDS PLUS 16X210 D00290 MAKITA',1,1,30000,50455,55501,0,0,0,'y','2017-05-08 14:40:30','developer','0000-00-00 00:00:00','',0),(622,3,15,'','03150622','MATA BOR SDS PLUS 6X110 D00050 MAKITA',1,1,9148,18182,20000,0,0,0,'y','2017-05-08 14:40:30','developer','0000-00-00 00:00:00','',0),(623,3,15,'','03150623','MATA BOR SDS PLUS 6X160 D00066 MAKITA',1,1,10400,19091,21000,0,0,0,'y','2017-05-08 14:40:30','developer','0000-00-00 00:00:00','',0),(624,3,15,'','03150624','MATA BOR SDS PLUS 6X210 D00072 MAKITA',1,1,13600,25000,27500,0,0,0,'y','2017-05-08 14:40:30','developer','0000-00-00 00:00:00','',0),(625,3,15,'','03150625','MATA BOR SDS PLUS 8X110 D00125 MAKITA',1,1,11200,20455,22501,0,0,0,'y','2017-05-08 14:40:30','developer','0000-00-00 00:00:00','',0),(626,3,15,'','03150626','MATA BOR SDS PLUS 8X160 D00131 MAKITA',1,1,6387,20455,22501,0,0,0,'y','2017-05-08 14:40:31','developer','0000-00-00 00:00:00','',0),(627,3,15,'','03150627','MATA BOR SDS PLUS 8X210 D00147 MAKITA',1,1,14400,25909,28500,0,0,0,'y','2017-05-08 14:40:31','developer','0000-00-00 00:00:00','',0),(628,3,15,'','03150628','MATA BOR SDS4 PLUS 6X110MM P29256MAKITA',1,1,0,43636,48000,0,0,0,'y','2017-05-08 14:40:31','developer','0000-00-00 00:00:00','',0),(629,3,15,'','03150629','MATA BOR SDS4 PLUS 6X160MM P29262MAKITA',1,1,0,49545,54500,0,0,0,'y','2017-05-08 14:40:31','developer','0000-00-00 00:00:00','',0),(630,3,15,'','03150630','MATA BOR SDS4 PLUS 6X210MM P29278MAKITA',1,1,0,67727,74500,0,0,0,'y','2017-05-08 14:40:31','developer','0000-00-00 00:00:00','',0),(631,3,15,'','03150631','MATA BOR SDS4 PLUS 8X110MM P29343MAKITA',1,1,0,47273,52000,0,0,0,'y','2017-05-08 14:40:31','developer','0000-00-00 00:00:00','',0),(632,3,15,'','03150632','MATA BOR SDS4 PLUS 8X160MM P29359MAKITA',1,1,0,50000,55000,0,0,0,'y','2017-05-08 14:40:31','developer','0000-00-00 00:00:00','',0),(633,3,15,'','03150633','MATA BOR SDS4 PLUS 8X210MM P29365MAKITA',1,1,0,67727,74500,0,0,0,'y','2017-05-08 14:40:31','developer','0000-00-00 00:00:00','',0),(634,3,15,'','03150634','MATA BOR SDS4PLUS 10X160MM P29424MAKITA',1,1,0,59545,65500,0,0,0,'y','2017-05-08 14:40:31','developer','0000-00-00 00:00:00','',0),(635,3,15,'','03150635','MATA BOR SDS4PLUS 10X210MM P29430MAKITA',1,1,0,85455,94001,0,0,0,'y','2017-05-08 14:40:31','developer','0000-00-00 00:00:00','',0),(636,3,15,'','03150636','MATA BOR SDS4PLUS 12X160MM P29480MAKITA',1,1,0,78182,86000,0,0,0,'y','2017-05-08 14:40:31','developer','0000-00-00 00:00:00','',0),(637,3,15,'','03150637','MATA BOR SDS4PLUS 12X210MM P29496MAKITA',1,1,0,99091,109000,0,0,0,'y','2017-05-08 14:40:31','developer','0000-00-00 00:00:00','',0),(638,3,15,'','03150638','MATA BOR SDS4PLUS 14X160MM P29555MAKITA',1,1,0,109545,120500,0,0,0,'y','2017-05-08 14:40:31','developer','0000-00-00 00:00:00','',0),(639,3,15,'','03150639','MATA BOR SDS4PLUS 16X210MM P29620MAKITA',1,1,0,166364,183000,0,0,0,'y','2017-05-08 14:40:31','developer','0000-00-00 00:00:00','',0),(640,3,15,'','03150640','MATA BOR BETON 5X85MM D05240 MAKITA',1,1,7000,11818,13000,0,0,0,'y','2017-05-08 14:40:31','developer','0000-00-00 00:00:00','',0),(641,3,15,'','03150641','MATA BOR BETON 6X100MM D05256 MAKITA',1,1,7000,11818,13000,0,0,0,'y','2017-05-08 14:40:32','developer','0000-00-00 00:00:00','',0),(642,3,15,'','03150642','MATA BOR BETON 7X150MM D05284 MAKITA',1,1,8000,13636,15000,0,0,0,'y','2017-05-08 14:40:32','developer','0000-00-00 00:00:00','',0),(643,3,15,'','03150643','MATA BOR BETON 8X110MM D05290 MAKITA',1,1,8000,13636,15000,0,0,0,'y','2017-05-08 14:40:32','developer','0000-00-00 00:00:00','',0),(644,3,15,'','03150644','MATA BOR BETON 8X150MM D05309 MAKITA',1,1,8000,13636,15000,0,0,0,'y','2017-05-08 14:40:32','developer','0000-00-00 00:00:00','',0),(645,3,15,'','03150645','MATA BOR BETON SET 5PC D36712 MAKITA',1,1,0,62727,69000,0,0,0,'y','2017-05-08 14:40:32','developer','0000-00-00 00:00:00','',0),(646,3,15,'','03150646','MATA BOR BETON PENDEK 10MM 353015 JASON',1,5,14773,25455,28001,0,0,0,'y','2017-05-08 14:40:32','developer','0000-00-00 00:00:00','',0),(647,3,15,'','03150647','MATA BOR BETON PENDEK 12MM 353017 JASON',1,5,22272,35000,38500,0,0,0,'y','2017-05-08 14:40:32','developer','0000-00-00 00:00:00','',0),(648,3,15,'','03150648','MATA BOR BETON PENDEK 14MM 353019 JASON',1,5,18182,40455,44501,0,0,0,'y','2017-05-08 14:40:32','developer','0000-00-00 00:00:00','',0),(649,3,15,'','03150649','MATA BOR BETON PENDEK 16MM 353020 JASON',1,5,31818,50000,55000,0,0,0,'y','2017-05-08 14:40:32','developer','0000-00-00 00:00:00','',0),(650,3,15,'','03150650','MATA BOR BETON PENDEK 4MM 353011 JASON',1,5,7000,11364,12500,0,0,0,'y','2017-05-08 14:40:32','developer','0000-00-00 00:00:00','',0),(651,3,15,'','03150651','MATA BOR BETON PENDEK 5MM 353012 JASON',1,5,8272,13182,14500,0,0,0,'y','2017-05-08 14:40:32','developer','0000-00-00 00:00:00','',0),(652,3,15,'','03150652','MATA BOR BETON PENDEK 6MM 353013 JASON',1,5,10181,17273,19000,0,0,0,'y','2017-05-08 14:40:32','developer','0000-00-00 00:00:00','',0),(653,3,15,'','03150653','MATA BOR BETON PENDEK 8MM 353014 JASON',1,5,11931,21818,24000,0,0,0,'y','2017-05-08 14:40:32','developer','0000-00-00 00:00:00','',0),(654,3,15,'','03150654','MATA BOR KAYU 516X200MM 371101 JASON',1,5,12409,21818,24000,0,0,0,'y','2017-05-08 14:40:33','developer','0000-00-00 00:00:00','',0),(655,3,15,'','03150655','MATA BOR KAYU CHISEL  353342 JASON',1,5,62500,102727,113000,0,0,0,'y','2017-05-08 14:40:33','developer','0000-00-00 00:00:00','',0),(656,3,15,'','03150656','MATA BOR KAYU CHISEL 38 353341 JASON',1,5,50909,95455,105001,0,0,0,'y','2017-05-08 14:40:33','developer','0000-00-00 00:00:00','',0),(657,3,15,'','03150657','MATA BOR KAYU 38X200MM  371103 JASON',1,5,14636,27273,30000,0,0,0,'y','2017-05-08 14:40:33','developer','0000-00-00 00:00:00','',0),(658,3,15,'','03150658','MATA BOR KAYU KIPAS 6PCS 353005 JASON',1,5,36592,48182,53000,0,0,0,'y','2017-05-08 14:40:33','developer','0000-00-00 00:00:00','',0),(659,3,15,'','03150659','MATA BOR KAYU 12X200MM  371105 JASON',1,5,15909,33182,36500,0,0,0,'y','2017-05-08 14:40:33','developer','0000-00-00 00:00:00','',0),(660,3,15,'','03150660','MATA BOR KAYU 58X200MM 371107 JASON',1,5,25455,45455,50001,0,0,0,'y','2017-05-08 14:40:33','developer','0000-00-00 00:00:00','',0),(661,3,15,'','03150661','HOLE DRILLS  ADJ 371123 JASON',1,5,56761,101818,112000,0,0,0,'y','2017-05-08 14:40:33','developer','0000-00-00 00:00:00','',0),(662,3,15,'','03150662','MATA BOR HSS TINCOATED 1.0MM NICHOLSON',1,12,15840,12727,14000,0,0,0,'y','2017-05-08 14:40:33','developer','0000-00-00 00:00:00','',0),(663,3,15,'','03150663','MATA BOR HSS TINCOATED 1.5MM NICHOLSON',1,12,7920,12727,14000,0,0,0,'y','2017-05-08 14:40:33','developer','0000-00-00 00:00:00','',0),(664,3,15,'','03150664','MATA BOR HSS TINCOATED 10.0MM NICHOLSON',1,12,44000,58182,64000,0,0,0,'y','2017-05-08 14:40:33','developer','0000-00-00 00:00:00','',0),(665,3,15,'','03150665','MATA BOR HSS TINCOATED 11.0MM NICHOLSON',1,12,72767,77273,85000,0,0,0,'y','2017-05-08 14:40:33','developer','0000-00-00 00:00:00','',0),(666,3,15,'','03150666','MATA BOR HSS TINCOATED 12.0MM NICHOLSON',1,12,64800,94545,104000,0,0,0,'y','2017-05-08 14:40:33','developer','0000-00-00 00:00:00','',0),(667,3,15,'','03150667','MATA BOR HSS TINCOATED 13.0MM NICHOLSON',1,12,85500,124545,137000,0,0,0,'y','2017-05-08 14:40:33','developer','0000-00-00 00:00:00','',0),(668,3,15,'','03150668','MATA BOR HSS TINCOATED 2.0MM NICHOLSON',1,12,8800,12727,14000,0,0,0,'y','2017-05-08 14:40:33','developer','0000-00-00 00:00:00','',0),(669,3,15,'','03150669','MATA BOR HSS TINCOATED 2.5MM NICHOLSON',1,12,9200,12727,14000,0,0,0,'y','2017-05-08 14:40:34','developer','0000-00-00 00:00:00','',0),(670,3,15,'','03150670','MATA BOR HSS TINCOATED 3.0MM NICHOLSON',1,12,9500,13636,15000,0,0,0,'y','2017-05-08 14:40:34','developer','0000-00-00 00:00:00','',0),(671,3,15,'','03150671','MATA BOR HSS TINCOATED 3.5MM NICHOLSON',1,12,10500,14545,16000,0,0,0,'y','2017-05-08 14:40:34','developer','0000-00-00 00:00:00','',0),(672,3,15,'','03150672','MATA BOR HSS TINCOATED 4.0MM NICHOLSON',1,12,11500,15455,17001,0,0,0,'y','2017-05-08 14:40:34','developer','0000-00-00 00:00:00','',0),(673,3,15,'','03150673','MATA BOR HSS TINCOATED 4.5MM NICHOLSON',1,12,12004,16364,18000,0,0,0,'y','2017-05-08 14:40:34','developer','0000-00-00 00:00:00','',0),(674,3,15,'','03150674','MATA BOR HSS TINCOATED 5.0MM NICHOLSON',1,12,13000,17273,19000,0,0,0,'y','2017-05-08 14:40:34','developer','0000-00-00 00:00:00','',0),(675,3,15,'','03150675','MATA BOR HSS TINCOATED 5.5MM NICHOLSON',1,12,14400,21818,24000,0,0,0,'y','2017-05-08 14:40:34','developer','0000-00-00 00:00:00','',0),(676,3,15,'','03150676','MATA BOR HSS TINCOATED 6.0MM NICHOLSON',1,12,18000,24545,27000,0,0,0,'y','2017-05-08 14:40:34','developer','0000-00-00 00:00:00','',0),(677,3,15,'','03150677','MATA BOR HSS TINCOATED 6.5MM NICHOLSON',1,12,18000,26364,29000,0,0,0,'y','2017-05-08 14:40:34','developer','0000-00-00 00:00:00','',0),(678,3,15,'','03150678','MATA BOR HSS TINCOATED 7.0MM NICHOLSON',1,12,19800,30000,33000,0,0,0,'y','2017-05-08 14:40:34','developer','0000-00-00 00:00:00','',0),(679,3,15,'','03150679','MATA BOR HSS TINCOATED 7.5MM NICHOLSON',1,12,44100,32727,36000,0,0,0,'y','2017-05-08 14:40:35','developer','0000-00-00 00:00:00','',0),(680,3,15,'','03150680','MATA BOR HSS TINCOATED 8.0MM NICHOLSON',1,12,28000,37273,41000,0,0,0,'y','2017-05-08 14:40:35','developer','0000-00-00 00:00:00','',0),(681,3,15,'','03150681','MATA BOR HSS TINCOATED 8.5MM NICHOLSON',1,12,54000,46364,51000,0,0,0,'y','2017-05-08 14:40:35','developer','0000-00-00 00:00:00','',0),(682,3,15,'','03150682','MATA BOR HSS TINCOATED 9.0MM NICHOLSON',1,12,32400,48182,53000,0,0,0,'y','2017-05-08 14:40:35','developer','0000-00-00 00:00:00','',0),(683,3,15,'','03150683','MATA BOR SDS PLUS 6X160 219007 NICHOLSON',1,12,21000,30909,34000,0,0,0,'y','2017-05-08 14:40:35','developer','0000-00-00 00:00:00','',0),(684,3,15,'','03150684','MATA BOR SDS PLUS 8X160 219014 NICHOLSON',1,12,19800,31818,35000,0,0,0,'y','2017-05-08 14:40:35','developer','0000-00-00 00:00:00','',0),(685,3,15,'','03150685','MATA BOR SDS PLUS10X160 219025 NICHOLSON',1,12,24000,34545,38000,0,0,0,'y','2017-05-08 14:40:35','developer','0000-00-00 00:00:00','',0),(686,3,15,'','03150686','MATA BOR SDS PLUS10X210 219026 NICHOLSON',1,12,27000,44545,49000,0,0,0,'y','2017-05-08 14:40:35','developer','0000-00-00 00:00:00','',0),(687,3,15,'','03150687','MATA BOR SDS PLUS10X350 219028 NICHOLSON',1,12,40500,64545,71000,0,0,0,'y','2017-05-08 14:40:35','developer','0000-00-00 00:00:00','',0),(688,3,15,'','03150688','MATA BOR SDS PLUS12X160 219033 NICHOLSON',1,12,22212,34545,38000,0,0,0,'y','2017-05-08 14:40:35','developer','0000-00-00 00:00:00','',0),(689,3,15,'','03150689','MATA BOR SDS PLUS12X210 219034 NICHOLSON',1,12,27900,44545,49000,0,0,0,'y','2017-05-08 14:40:35','developer','0000-00-00 00:00:00','',0),(690,3,15,'','03150690','MATA BOR SDS PLUS12X350 219036 NICHOLSON',1,12,40500,64545,71000,0,0,0,'y','2017-05-08 14:40:35','developer','0000-00-00 00:00:00','',0),(691,3,15,'','03150691','MATA BOR SDS PLUS14X210 219053 NICHOLSON',1,12,0,58182,64000,0,0,0,'y','2017-05-08 14:40:36','developer','0000-00-00 00:00:00','',0),(692,3,15,'','03150692','MATA BOR SDS PLUS16X160 219065 NICHOLSON',1,12,38700,61818,68000,0,0,0,'y','2017-05-08 14:40:36','developer','0000-00-00 00:00:00','',0),(693,3,15,'','03150693','MATA BOR SDS PLUS16X210 219066 NICHOLSON',1,12,44100,70000,77000,0,0,0,'y','2017-05-08 14:40:36','developer','0000-00-00 00:00:00','',0),(694,3,15,'','03150694','MATA BOR SDS PLUS16X350 219068 NICHOLSON',1,12,126000,100000,110000,0,0,0,'y','2017-05-08 14:40:36','developer','0000-00-00 00:00:00','',0),(695,3,15,'','03150695','MATA BOR SDS PLUS18X350 219076 NICHOLSON',1,12,75600,120909,133000,0,0,0,'y','2017-05-08 14:40:36','developer','0000-00-00 00:00:00','',0),(696,3,15,'','03150696','MATA BOR SDS PLUS20X210 219082 NICHOLSON',1,12,75600,120909,133000,0,0,0,'y','2017-05-08 14:40:36','developer','0000-00-00 00:00:00','',0),(697,3,15,'','03150697','MATA BOR SDS PLUS20X350 219084 NICHOLSON',1,12,99000,160000,176000,0,0,0,'y','2017-05-08 14:40:36','developer','0000-00-00 00:00:00','',0),(698,3,15,'','03150698','MATA BOR SDS PLUS22X260 219086 NICHOLSON',1,12,94500,148182,163000,0,0,0,'y','2017-05-08 14:40:36','developer','0000-00-00 00:00:00','',0),(699,3,15,'','03150699','MATA BOR SDS PLUS22X350 219088 NICHOLSON',1,12,104297,180000,198000,0,0,0,'y','2017-05-08 14:40:36','developer','0000-00-00 00:00:00','',0),(700,3,15,'','03150700','MATA BOR SDS PLUS25X260 219090 NICHOLSON',1,12,112500,177273,195000,0,0,0,'y','2017-05-08 14:40:36','developer','0000-00-00 00:00:00','',0),(701,3,15,'','03150701','MATA BOR SDS PLUS25X350 219092 NICHOLSON',1,12,130500,210000,231000,0,0,0,'y','2017-05-08 14:40:36','developer','0000-00-00 00:00:00','',0),(702,3,15,'','03150702','MATA BOR SDS PLUS6X110 219006 NICHOLSON',1,12,18000,30000,33000,0,0,0,'y','2017-05-08 14:40:36','developer','0000-00-00 00:00:00','',0),(703,3,15,'','03150703','MATA BOR BETON 10X140MM 218015 NICHOLSON',1,12,12600,19091,21000,0,0,0,'y','2017-05-08 14:40:36','developer','0000-00-00 00:00:00','',0),(704,3,15,'','03150704','MATA BOR BETON 12X160MM 218017 NICHOLSON',1,12,14850,22727,25000,0,0,0,'y','2017-05-08 14:40:37','developer','0000-00-00 00:00:00','',0),(705,3,15,'','03150705','MATA BOR BETON 5X90MM 218005 NICHOLSON',1,12,0,12727,14000,0,0,0,'y','2017-05-08 14:40:37','developer','0000-00-00 00:00:00','',0),(706,3,15,'','03150706','MATA BOR BETON 6X100MM 218007 NICHOLSON',1,12,8550,13636,15000,0,0,0,'y','2017-05-08 14:40:37','developer','0000-00-00 00:00:00','',0),(707,3,15,'','03150707','MATA BOR BETON 8X120MM 218011 NICHOLSON',1,12,0,15455,17001,0,0,0,'y','2017-05-08 14:40:37','developer','0000-00-00 00:00:00','',0),(708,3,15,'','03150708','MATA BOR HSS 1.0 MM NACHI',1,13,5992,10000,11000,0,0,0,'y','2017-05-08 14:40:37','developer','0000-00-00 00:00:00','',0),(709,3,15,'','03150709','MATA BOR HSS 1.5 MM NACHI',1,13,5992,10000,11000,0,0,0,'y','2017-05-08 14:40:37','developer','0000-00-00 00:00:00','',0),(710,3,15,'','03150710','MATA BOR HSS 10.0 MM NACHI',1,13,44173,82273,90500,0,0,0,'y','2017-05-08 14:40:37','developer','0000-00-00 00:00:00','',0),(711,3,15,'','03150711','MATA BOR HSS 10.5MM NACHI',1,13,48700,72727,80000,0,0,0,'y','2017-05-08 14:40:37','developer','0000-00-00 00:00:00','',0),(712,3,15,'','03150712','MATA BOR HSS 11.0MM NACHI',1,13,50991,75455,83001,0,0,0,'y','2017-05-08 14:40:37','developer','0000-00-00 00:00:00','',0),(713,3,15,'','03150713','MATA BOR HSS 12.0 MM NACHI',1,13,57008,121818,134000,0,0,0,'y','2017-05-08 14:40:37','developer','0000-00-00 00:00:00','',0),(714,3,15,'','03150714','MATA BOR HSS 13.0 MM NACHI',1,13,68360,108636,119500,0,0,0,'y','2017-05-08 14:40:38','developer','0000-00-00 00:00:00','',0),(715,3,15,'','03150715','MATA BOR HSS 14.0 MM NACHI',1,13,128130,199545,219500,0,0,0,'y','2017-05-08 14:40:38','developer','0000-00-00 00:00:00','',0),(716,3,15,'','03150716','MATA BOR HSS 15.0 MM NACHI',1,13,149123,229545,252500,0,0,0,'y','2017-05-08 14:40:38','developer','0000-00-00 00:00:00','',0),(717,3,15,'','03150717','MATA BOR HSS 2.0MM NACHI',1,13,8101,11818,13000,0,0,0,'y','2017-05-08 14:40:38','developer','0000-00-00 00:00:00','',0),(718,3,15,'','03150718','MATA BOR HSS 2.5 MM NACHI',1,13,8124,11818,13000,0,0,0,'y','2017-05-08 14:40:38','developer','0000-00-00 00:00:00','',0),(719,3,15,'','03150719','MATA BOR HSS 3.0 MM NACHI',1,13,7537,10000,11000,0,0,0,'y','2017-05-08 14:40:38','developer','0000-00-00 00:00:00','',0),(720,3,15,'','03150720','MATA BOR HSS 3.5 MM NACHI',1,13,8498,11364,12500,0,0,0,'y','2017-05-08 14:40:38','developer','0000-00-00 00:00:00','',0),(721,3,15,'','03150721','MATA BOR HSS 4.0MM NACHI',1,13,9817,17273,19000,0,0,0,'y','2017-05-08 14:40:38','developer','0000-00-00 00:00:00','',0),(722,3,15,'','03150722','MATA BOR HSS 4.5 MM NACHI',1,13,12769,16364,18000,0,0,0,'y','2017-05-08 14:40:38','developer','0000-00-00 00:00:00','',0),(723,3,15,'','03150723','MATA BOR HSS 5.0 MM NACHI',1,13,13901,24545,27000,0,0,0,'y','2017-05-08 14:40:38','developer','0000-00-00 00:00:00','',0),(724,3,15,'','03150724','MATA BOR HSS 5.5MM NACHI',1,13,12867,20909,23000,0,0,0,'y','2017-05-08 14:40:38','developer','0000-00-00 00:00:00','',0),(725,3,15,'','03150725','MATA BOR HSS 6.0MM NACHI',1,13,18079,31364,34500,0,0,0,'y','2017-05-08 14:40:38','developer','0000-00-00 00:00:00','',0),(726,3,15,'','03150726','MATA BOR HSS 6.5 MM NACHI',1,13,17705,26818,29500,0,0,0,'y','2017-05-08 14:40:38','developer','0000-00-00 00:00:00','',0),(727,3,15,'','03150727','MATA BOR HSS 7.0 MM NACHI',1,13,22860,30000,33000,0,0,0,'y','2017-05-08 14:40:38','developer','0000-00-00 00:00:00','',0),(728,3,15,'','03150728','MATA BOR HSS 7.5MM NACHI',1,13,21859,35000,38500,0,0,0,'y','2017-05-08 14:40:39','developer','0000-00-00 00:00:00','',0),(729,3,15,'','03150729','MATA BOR HSS 8.0 MM NACHI',1,13,28609,50455,55501,0,0,0,'y','2017-05-08 14:40:39','developer','0000-00-00 00:00:00','',0),(730,3,15,'','03150730','MATA BOR HSS 8.5MM NACHI',1,13,28045,44091,48500,0,0,0,'y','2017-05-08 14:40:39','developer','0000-00-00 00:00:00','',0),(731,3,15,'','03150731','MATA BOR HSS 9.0MM NACHI',1,13,30401,48182,53000,0,0,0,'y','2017-05-08 14:40:39','developer','0000-00-00 00:00:00','',0),(732,3,15,'','03150732','MATA BOR HSS 9.5MM NACHI',1,13,35940,57273,63000,0,0,0,'y','2017-05-08 14:40:39','developer','0000-00-00 00:00:00','',0),(733,3,16,'','03160733','MATA JIGSAW A85656 B13  WOOD  MAKITA',1,1,40000,54545,60000,0,0,0,'y','2017-05-08 14:40:39','developer','0000-00-00 00:00:00','',0),(734,3,16,'','03160734','MATA JIGSAW A85737 B22  STEEL  MAKITA',1,1,48000,63636,70000,0,0,0,'y','2017-05-08 14:40:39','developer','0000-00-00 00:00:00','',0),(735,3,16,'','03160735','MATA JIGSAW NO.1 A85802 MAKITA',1,1,47861,67727,74500,0,0,0,'y','2017-05-08 14:40:39','developer','0000-00-00 00:00:00','',0),(736,3,16,'','03160736','MATA JIGSAW NO.10 A85818 MAKITA',1,1,56000,78182,86000,0,0,0,'y','2017-05-08 14:40:39','developer','0000-00-00 00:00:00','',0),(737,3,16,'','03160737','MATA JIGSAW NO.3 A85868 MAKITA',1,1,40000,57273,63000,0,0,0,'y','2017-05-08 14:40:40','developer','0000-00-00 00:00:00','',0),(738,3,16,'','03160738','CIRCULAR SAW ALM 250X100T 60103001 DCA',1,3,147400,315455,347001,0,0,0,'y','2017-05-08 14:40:40','developer','0000-00-00 00:00:00','',0),(739,3,16,'','03160739','CIRCULAR SAW ALM 250X120T 60103002 DCA',1,3,170500,362727,399000,0,0,0,'y','2017-05-08 14:40:40','developer','0000-00-00 00:00:00','',0),(740,3,16,'','03160740','CIRCULAR SAW WOOD 180X40T 60101002 DCA',1,3,43000,80909,89000,0,0,0,'y','2017-05-08 14:40:40','developer','0000-00-00 00:00:00','',0),(741,3,16,'','03160741','CIRCULAR SAW WOOD 180X60T 60101003 DCA',1,3,64900,110000,121000,0,0,0,'y','2017-05-08 14:40:40','developer','0000-00-00 00:00:00','',0),(742,3,16,'','03160742','MULTI CUTTER 105X40T 60106001 DCA',1,3,28557,57273,63000,0,0,0,'y','2017-05-08 14:40:40','developer','0000-00-00 00:00:00','',0),(743,3,16,'','03160743','FLAT CHISEL 30X400MM 60204006 DCA',1,3,86900,166364,183000,0,0,0,'y','2017-05-08 14:40:40','developer','0000-00-00 00:00:00','',0),(744,3,16,'','03160744','FLAT CHISEL HEX 17X280MM 60204002 DCA',1,3,22000,50909,56000,0,0,0,'y','2017-05-08 14:40:40','developer','0000-00-00 00:00:00','',0),(745,3,16,'','03160745','FLAT CHISEL HEX 17X400MM 60204010 DCA',1,3,30250,70000,77000,0,0,0,'y','2017-05-08 14:40:40','developer','0000-00-00 00:00:00','',0),(746,3,16,'','03160746','POINT CHISEL 30X400MM 60204005 DCA',1,3,86900,197273,217000,0,0,0,'y','2017-05-08 14:40:40','developer','0000-00-00 00:00:00','',0),(747,3,16,'','03160747','POINT CHISEL HEX 17X280MM 60204001 DCA',1,3,22000,50909,56000,0,0,0,'y','2017-05-08 14:40:40','developer','0000-00-00 00:00:00','',0),(748,3,16,'','03160748','POINT CHISEL HEX 17X400MM 60204009 DCA',1,3,30250,70000,77000,0,0,0,'y','2017-05-08 14:40:40','developer','0000-00-00 00:00:00','',0),(749,3,16,'','03160749','HOLE SAW 13PCS 1964MM 371126 JASON',1,5,355281,578182,636000,0,0,0,'y','2017-05-08 14:40:40','developer','0000-00-00 00:00:00','',0),(750,3,16,'8997011429611','03160750','HOLE SAW 7BLADE  HD 25MM 371121 JASON',1,5,23000,38636,42500,0,0,0,'y','2017-05-08 14:40:40','developer','0000-00-00 00:00:00','',0),(751,3,16,'','03160751','HOLE SAW 7BLD HD 50MM 371122 JASON',1,5,29546,53636,59000,0,0,0,'y','2017-05-08 14:40:40','developer','0000-00-00 00:00:00','',0),(752,3,16,'','03160752','HOLE SAW HSS 19MM 371132 JASON',1,5,29403,44545,49000,0,0,0,'y','2017-05-08 14:40:41','developer','0000-00-00 00:00:00','',0),(753,3,16,'','03160753','HOLE SAW HSS 20MM 371133 JASON',1,5,30843,46818,51500,0,0,0,'y','2017-05-08 14:40:41','developer','0000-00-00 00:00:00','',0),(754,3,16,'','03160754','HOLE SAW HSS 22MM 371134 JASON',1,5,33750,50909,56000,0,0,0,'y','2017-05-08 14:40:41','developer','0000-00-00 00:00:00','',0),(755,3,16,'','03160755','HOLE SAW HSS 24MM 371135 JASON',1,5,38181,55455,61001,0,0,0,'y','2017-05-08 14:40:41','developer','0000-00-00 00:00:00','',0),(756,3,16,'','03160756','HOLE SAW HSS 25MM 371136 JASON',1,5,39772,59091,65000,0,0,0,'y','2017-05-08 14:40:41','developer','0000-00-00 00:00:00','',0),(757,3,16,'','03160757','HOLE SAW HSS 30MM 371138 JASON',1,5,46022,70000,77000,0,0,0,'y','2017-05-08 14:40:41','developer','0000-00-00 00:00:00','',0),(758,3,16,'','03160758','HOLE SAW HSS 32MM 371139 JASON',1,5,49142,74091,81500,0,0,0,'y','2017-05-08 14:40:41','developer','0000-00-00 00:00:00','',0),(759,3,16,'','03160759','HOLE SAWKAYU 11BLD 1964MM 371125 JASON',1,5,51136,83182,91500,0,0,0,'y','2017-05-08 14:40:41','developer','0000-00-00 00:00:00','',0),(760,3,16,'','03160760','GERGAJI 5 IN 1 363003 JASON',1,5,47728,63182,69500,0,0,0,'y','2017-05-08 14:40:41','developer','0000-00-00 00:00:00','',0),(761,3,16,'8997011427396','03160761','DIAMOND WHEEL DRY 4 366012 JASON',1,5,35000,70909,78000,0,0,0,'y','2017-05-08 14:40:41','developer','0000-00-00 00:00:00','',0),(762,3,16,'','03160762','DIAMOND WHEEL DRY 7 366021 JASON',1,5,79773,108636,119500,0,0,0,'y','2017-05-08 14:40:41','developer','0000-00-00 00:00:00','',0),(763,3,16,'8997011427389','03160763','DIAMOND WHEEL WET 4 366011 JASON',1,5,31818,64091,70500,0,0,0,'y','2017-05-08 14:40:41','developer','0000-00-00 00:00:00','',0),(764,3,16,'','03160764','PLONG 5PC 31612 362201 JASON',1,5,41364,53636,59000,0,0,0,'y','2017-05-08 14:40:41','developer','0000-00-00 00:00:00','',0),(765,3,16,'','03160765','PLONG KULIT 12PC 1834 362202 JASON',1,5,98182,122727,135000,0,0,0,'y','2017-05-08 14:40:41','developer','0000-00-00 00:00:00','',0),(766,3,16,'','03160766','PISAU POTONG KERAMIK 16MM 365101 JASON',1,5,24182,38636,42500,0,0,0,'y','2017-05-08 14:40:41','developer','0000-00-00 00:00:00','',0),(767,3,16,'','03160767','CT WHEEL 14X3MMX25MM NICHOLSON',1,12,32500,50000,55000,0,0,0,'y','2017-05-08 14:40:42','developer','0000-00-00 00:00:00','',0),(768,3,16,'','03160768','CT WHEEL 4X1.2MMX16MM NICHOLSON',1,12,6500,10000,11000,0,0,0,'y','2017-05-08 14:40:42','developer','0000-00-00 00:00:00','',0),(769,3,16,'','03160769','DIAMOND WHEEL DRY 4 SEGMENTD NICHOLSON',1,12,34650,80000,88000,0,0,0,'y','2017-05-08 14:40:42','developer','0000-00-00 00:00:00','',0),(770,3,16,'','03160770','DIAMOND WHEEL WET 4 TURBO NICHOLSON',1,12,60000,77273,85000,0,0,0,'y','2017-05-08 14:40:42','developer','0000-00-00 00:00:00','',0),(771,3,17,'','03170771','HURUF KETOK 27PCS 3 MM 393103 JASON',1,5,59659,111364,122500,0,0,0,'y','2017-05-08 14:40:42','developer','0000-00-00 00:00:00','',0),(772,3,17,'','03170772','HURUF KETOK 27PCS 4 MM 393104 JASON',1,5,60114,122727,135000,0,0,0,'y','2017-05-08 14:40:42','developer','0000-00-00 00:00:00','',0),(773,3,17,'','03170773','HURUF KETOK 27PCS 5 MM 393105 JASON',1,5,78977,135909,149500,0,0,0,'y','2017-05-08 14:40:42','developer','0000-00-00 00:00:00','',0),(774,3,17,'','03170774','HURUF KETOK 27PCS 6 MM 393106 JASON',1,5,91545,155455,171001,0,0,0,'y','2017-05-08 14:40:42','developer','0000-00-00 00:00:00','',0),(775,3,17,'','03170775','HURUF KETOK 27PCS 8 MM 393107 JASON',1,5,120852,239545,263500,0,0,0,'y','2017-05-08 14:40:42','developer','0000-00-00 00:00:00','',0),(776,3,17,'','03170776','NOMOR KETOK SET 9PCS 3MM 393003 JASON',1,5,15909,29091,32000,0,0,0,'y','2017-05-08 14:40:42','developer','0000-00-00 00:00:00','',0),(777,3,17,'','03170777','NOMOR KETOK SET 9PCS 4MM 393004 JASON',1,5,17727,36818,40500,0,0,0,'y','2017-05-08 14:40:42','developer','0000-00-00 00:00:00','',0),(778,3,17,'','03170778','NOMOR KETOK SET 9PCS 5MM 393005 JASON',1,5,22727,42727,47000,0,0,0,'y','2017-05-08 14:40:42','developer','0000-00-00 00:00:00','',0),(779,3,17,'','03170779','NOMOR KETOK SET 9PCS 6MM 393006 JASON',1,5,36363,59545,65500,0,0,0,'y','2017-05-08 14:40:42','developer','0000-00-00 00:00:00','',0),(780,3,17,'','03170780','NOMOR KETOK SET 9PCS 8MM 393007 JASON',1,5,44432,99091,109000,0,0,0,'y','2017-05-08 14:40:42','developer','0000-00-00 00:00:00','',0),(781,3,17,'8997011420137','03170781','BETEL 10 349002 JASON',1,5,30604,50000,55000,0,0,0,'y','2017-05-08 14:40:42','developer','0000-00-00 00:00:00','',0),(782,3,17,'8997011420144','03170782','BETEL 12 349003 JASON',1,5,35000,59545,65500,0,0,0,'y','2017-05-08 14:40:43','developer','0000-00-00 00:00:00','',0),(783,3,17,'8997011420120','03170783','BETEL 8 349001 JASON',1,5,25772,43636,48000,0,0,0,'y','2017-05-08 14:40:43','developer','0000-00-00 00:00:00','',0),(784,3,17,'','03170784','ROUTER STRAIGHT 14X3MM 371021 JASON',1,5,18750,30000,33000,0,0,0,'y','2017-05-08 14:40:43','developer','0000-00-00 00:00:00','',0),(785,3,17,'','03170785','ROUTER STRAIGHT 14X4MM 371022 JASON',1,5,16567,30000,33000,0,0,0,'y','2017-05-08 14:40:43','developer','0000-00-00 00:00:00','',0),(786,3,17,'','03170786','ROUTER STRAIGHT 14X5MM 371023 JASON',1,5,17250,30000,33000,0,0,0,'y','2017-05-08 14:40:43','developer','0000-00-00 00:00:00','',0),(787,3,17,'','03170787','ROUTER STRAIGHT 14X6MM 371024 JASON',1,5,6650,30000,33000,0,0,0,'y','2017-05-08 14:40:43','developer','0000-00-00 00:00:00','',0),(788,3,17,'','03170788','ROUTER STRAIGHT 14X8MM 371025 JASON',1,5,6650,30000,33000,0,0,0,'y','2017-05-08 14:40:43','developer','0000-00-00 00:00:00','',0),(789,3,18,'','03180789','HANDTAPS 12 X 12 399056 JASON',1,5,34780,51818,57000,0,0,0,'y','2017-05-08 14:40:44','developer','0000-00-00 00:00:00','',0),(790,3,18,'','03180790','HANDTAPS 14 X 20 399053 JASON',1,5,19091,28182,31000,0,0,0,'y','2017-05-08 14:40:44','developer','0000-00-00 00:00:00','',0),(791,3,18,'','03180791','HANDTAPS 38 X 16 399055 JASON',1,5,29909,43636,48000,0,0,0,'y','2017-05-08 14:40:45','developer','0000-00-00 00:00:00','',0),(792,3,18,'','03180792','HANDTAPS 516 X 18 399054 JASON',1,5,22909,34091,37500,0,0,0,'y','2017-05-08 14:40:45','developer','0000-00-00 00:00:00','',0),(793,3,18,'','03180793','HANDTAPS M.10 X 1.25 399019 JASON',1,5,28840,43636,48000,0,0,0,'y','2017-05-08 14:40:45','developer','0000-00-00 00:00:00','',0),(794,3,18,'','03180794','HANDTAPS M.10 X 1.5 399020 JASON',1,5,29909,43636,48000,0,0,0,'y','2017-05-08 14:40:45','developer','0000-00-00 00:00:00','',0),(795,3,18,'','03180795','HANDTAPS M.12 X 1.5 399022 JASON',1,5,35636,55455,61001,0,0,0,'y','2017-05-08 14:40:46','developer','0000-00-00 00:00:00','',0),(796,3,18,'','03180796','HANDTAPS M.12 X 1.75 399023 JASON',1,5,35636,55455,61001,0,0,0,'y','2017-05-08 14:40:46','developer','0000-00-00 00:00:00','',0),(797,3,18,'','03180797','HANDTAPS M.3 X 0.5 399011 JASON',1,5,14727,22727,25000,0,0,0,'y','2017-05-08 14:40:46','developer','0000-00-00 00:00:00','',0),(798,3,18,'','03180798','HANDTAPS M.4 X 0.7 399012 JASON',1,5,16864,25455,28001,0,0,0,'y','2017-05-08 14:40:46','developer','0000-00-00 00:00:00','',0),(799,3,18,'','03180799','HANDTAPS M.5 X 0.8 399013 JASON',1,5,17500,26364,29000,0,0,0,'y','2017-05-08 14:40:46','developer','0000-00-00 00:00:00','',0),(800,3,18,'','03180800','HANDTAPS M.6 X 1.0 399014 JASON',1,5,18455,27273,30000,0,0,0,'y','2017-05-08 14:40:47','developer','0000-00-00 00:00:00','',0),(801,3,18,'','03180801','HANDTAPS M.7 X 1.0 399015 JASON',1,5,21636,31364,34500,0,0,0,'y','2017-05-08 14:40:47','developer','0000-00-00 00:00:00','',0),(802,3,18,'','03180802','HANDTAPS M.8 X 1.25 399017 JASON',1,5,22090,34091,37500,0,0,0,'y','2017-05-08 14:40:47','developer','0000-00-00 00:00:00','',0),(803,3,18,'','03180803','HANDTAPS 12 X 12 SKC',1,14,35340,50909,56000,0,0,0,'y','2017-05-08 14:40:47','developer','0000-00-00 00:00:00','',0),(804,3,18,'','03180804','HANDTAPS 14 X 20 SKC',1,14,12776,18636,20500,0,0,0,'y','2017-05-08 14:40:47','developer','0000-00-00 00:00:00','',0),(805,3,18,'','03180805','HANDTAPS 38 X 16 SKC',1,14,19530,35909,39500,0,0,0,'y','2017-05-08 14:40:47','developer','0000-00-00 00:00:00','',0),(806,3,18,'','03180806','HANDTAPS 516 X 18 SKC',1,14,15066,21818,24000,0,0,0,'y','2017-05-08 14:40:47','developer','0000-00-00 00:00:00','',0),(807,3,18,'','03180807','HANDTAPS M.10 X 1.25 SKC',1,14,20460,32727,36000,0,0,0,'y','2017-05-08 14:40:47','developer','0000-00-00 00:00:00','',0),(808,3,18,'','03180808','HANDTAPS M.10 X 1.5 SKC',1,14,20460,32727,36000,0,0,0,'y','2017-05-08 14:40:47','developer','0000-00-00 00:00:00','',0),(809,3,18,'','03180809','HANDTAPS M.12 X 1.25 SKC',1,14,26970,43182,47500,0,0,0,'y','2017-05-08 14:40:48','developer','0000-00-00 00:00:00','',0),(810,3,18,'','03180810','HANDTAPS M.12 X 1.5 SKC',1,14,26970,43182,47500,0,0,0,'y','2017-05-08 14:40:48','developer','0000-00-00 00:00:00','',0),(811,3,18,'','03180811','HANDTAPS M.3 X 0.5 SKC',1,14,10974,17727,19500,0,0,0,'y','2017-05-08 14:40:48','developer','0000-00-00 00:00:00','',0),(812,3,18,'','03180812','HANDTAPS M.4 X 0.7 SKC',1,14,11160,18182,20000,0,0,0,'y','2017-05-08 14:40:48','developer','0000-00-00 00:00:00','',0),(813,3,18,'','03180813','HANDTAPS M.5 X 0.8 SKC',1,14,11532,18636,20500,0,0,0,'y','2017-05-08 14:40:48','developer','0000-00-00 00:00:00','',0),(814,3,18,'','03180814','HANDTAPS M.6 X 1.0 SKC',1,14,12090,19545,21500,0,0,0,'y','2017-05-08 14:40:48','developer','0000-00-00 00:00:00','',0),(815,3,18,'','03180815','HANDTAPS M.7 X 1.0 SKC',1,14,13677,24091,26500,0,0,0,'y','2017-05-08 14:40:49','developer','0000-00-00 00:00:00','',0),(816,3,18,'','03180816','HANDTAPS M.8 X 1.25 SKC',1,14,15624,22727,25000,0,0,0,'y','2017-05-08 14:40:49','developer','0000-00-00 00:00:00','',0),(817,3,18,'','03180817','SNEI BLOCK 12 X 12 SKC',1,14,18600,25000,27500,0,0,0,'y','2017-05-08 14:40:49','developer','0000-00-00 00:00:00','',0),(818,3,18,'','03180818','SNEI BLOCK 14 X 20 SKC',1,14,16423,25000,27500,0,0,0,'y','2017-05-08 14:40:49','developer','0000-00-00 00:00:00','',0),(819,3,18,'','03180819','SNEI BLOCK 38 X 16 SKC',1,14,16794,25000,27500,0,0,0,'y','2017-05-08 14:40:49','developer','0000-00-00 00:00:00','',0),(820,3,18,'','03180820','SNEI BLOCK 516 X 18 SKC',1,14,16704,25000,27500,0,0,0,'y','2017-05-08 14:40:49','developer','0000-00-00 00:00:00','',0),(821,3,18,'','03180821','SNEI BLOCK M.10 X 1.25 SKC',1,14,17499,25000,27500,0,0,0,'y','2017-05-08 14:40:49','developer','0000-00-00 00:00:00','',0),(822,3,18,'','03180822','SNEI BLOCK M.10 X 1.5 SKC',1,14,18018,25000,27500,0,0,0,'y','2017-05-08 14:40:50','developer','0000-00-00 00:00:00','',0),(823,3,18,'','03180823','SNEI BLOCK M.3 X 0.5 SKC',1,14,15884,25000,27500,0,0,0,'y','2017-05-08 14:40:50','developer','0000-00-00 00:00:00','',0),(824,3,18,'','03180824','SNEI BLOCK M.4 X 0.7 SKC',1,14,16211,25000,27500,0,0,0,'y','2017-05-08 14:40:50','developer','0000-00-00 00:00:00','',0),(825,3,18,'','03180825','SNEI BLOCK M.5 X 0.8 SKC',1,14,16218,25000,27500,0,0,0,'y','2017-05-08 14:40:50','developer','0000-00-00 00:00:00','',0),(826,3,18,'','03180826','SNEI BLOCK M.6 X 1.0 SKC',1,14,17802,25000,27500,0,0,0,'y','2017-05-08 14:40:50','developer','0000-00-00 00:00:00','',0),(827,3,18,'','03180827','SNEI BLOCK M.7 X 1.0 SKC',1,14,15702,25000,27500,0,0,0,'y','2017-05-08 14:40:50','developer','0000-00-00 00:00:00','',0),(828,3,18,'','03180828','SNEI BLOCK M.8 X 1.25 SKC',1,14,17795,25000,27500,0,0,0,'y','2017-05-08 14:40:51','developer','0000-00-00 00:00:00','',0),(829,3,19,'8997011424173','03190829','AMPLAS KERTAS 100 369111 5PC JASON',1,5,2291,16364,18000,0,0,0,'y','2017-05-08 14:40:51','developer','0000-00-00 00:00:00','',0),(830,3,19,'','03190830','AMPLAS KERTAS 1000 369124 5PC JASON',1,5,2209,16364,18000,0,0,0,'y','2017-05-08 14:40:51','developer','0000-00-00 00:00:00','',0),(831,3,19,'8997011424180','03190831','AMPLAS KERTAS 120 369112 5PC JASON',1,5,2291,16364,18000,0,0,0,'y','2017-05-08 14:40:51','developer','0000-00-00 00:00:00','',0),(832,3,19,'8997011424197','03190832','AMPLAS KERTAS 150 369113 5PC JASON',1,5,2291,16364,18000,0,0,0,'y','2017-05-08 14:40:51','developer','0000-00-00 00:00:00','',0),(833,3,19,'8997011424203','03190833','AMPLAS KERTAS 180 369114 5PC JASON',1,5,2209,16364,18000,0,0,0,'y','2017-05-08 14:40:51','developer','0000-00-00 00:00:00','',0),(834,3,19,'8997011424210','03190834','AMPLAS KERTAS 220 369115 5PC JASON',1,5,2292,16364,18000,0,0,0,'y','2017-05-08 14:40:51','developer','0000-00-00 00:00:00','',0),(835,3,19,'8997011424227','03190835','AMPLAS KERTAS 240 369116 5PC JASON',1,5,2210,16364,18000,0,0,0,'y','2017-05-08 14:40:52','developer','0000-00-00 00:00:00','',0),(836,3,19,'8997011424234','03190836','AMPLAS KERTAS 280 369117 5PC JASON',1,5,2292,16364,18000,0,0,0,'y','2017-05-08 14:40:52','developer','0000-00-00 00:00:00','',0),(837,3,19,'8997011424241','03190837','AMPLAS KERTAS 320 369118 5PC JASON',1,5,2292,16364,18000,0,0,0,'y','2017-05-08 14:40:52','developer','0000-00-00 00:00:00','',0),(838,3,19,'8997011424258','03190838','AMPLAS KERTAS 360 369119 5PC JASON',1,5,2292,16364,18000,0,0,0,'y','2017-05-08 14:40:52','developer','0000-00-00 00:00:00','',0),(839,3,19,'8997011424265','03190839','AMPLAS KERTAS 400 369120 5PC JASON',1,5,2292,16364,18000,0,0,0,'y','2017-05-08 14:40:52','developer','0000-00-00 00:00:00','',0),(840,3,19,'8997011424289','03190840','AMPLAS KERTAS 600 369122 5PC JASON',1,5,2292,16364,18000,0,0,0,'y','2017-05-08 14:40:52','developer','0000-00-00 00:00:00','',0),(841,3,19,'8997011424296','03190841','AMPLAS KERTAS 800 369123 5PC JASON',1,5,2292,16364,18000,0,0,0,'y','2017-05-08 14:40:52','developer','0000-00-00 00:00:00','',0),(842,3,19,'8997018196080','03190842','BATU ASAH ABUABU HQ 6 369013 JASON',1,5,10500,15000,16500,0,0,0,'y','2017-05-08 14:40:53','developer','0000-00-00 00:00:00','',0),(843,3,19,'8997018196097','03190843','BATU ASAH ABUABU HQ 8 369014 JASON',1,5,12091,17273,19000,0,0,0,'y','2017-05-08 14:40:53','developer','0000-00-00 00:00:00','',0),(844,3,19,'','03190844','BATU ASAH MERAH 6 369011 JASON',1,5,8272,17273,19000,0,0,0,'y','2017-05-08 14:40:53','developer','0000-00-00 00:00:00','',0),(845,3,19,'','03190845','BATU ASAH MERAH 8 369012 JASON',1,5,7954,18182,20000,0,0,0,'y','2017-05-08 14:40:53','developer','0000-00-00 00:00:00','',0),(846,3,19,'8997011420496','03190846','CUP BRUSH  SS 3X1,5 361011 JASON',1,5,44546,60455,66501,0,0,0,'y','2017-05-08 14:40:53','developer','0000-00-00 00:00:00','',0),(847,3,19,'8997011420519','03190847','CUP BRUSH 3X1,5 361013 JASON',1,5,20863,29091,32000,0,0,0,'y','2017-05-08 14:40:53','developer','0000-00-00 00:00:00','',0),(848,3,19,'8997011428966','03190848','CUP BRUSH KEPANG 3X1,5 361015 JASON',1,5,23865,35000,38500,0,0,0,'y','2017-05-08 14:40:53','developer','0000-00-00 00:00:00','',0),(849,3,19,'','03190849','KIKIR FLAT BSTD 10 352007 JASON',1,5,41364,64091,70500,0,0,0,'y','2017-05-08 14:40:53','developer','0000-00-00 00:00:00','',0),(850,3,19,'','03190850','KIKIR FLAT BSTD 12 352008 JASON',1,5,50909,87727,96500,0,0,0,'y','2017-05-08 14:40:53','developer','0000-00-00 00:00:00','',0),(851,3,19,'8997011428218','03190851','KIKIR FLAT BSTD 8 352006 JASON',1,5,31818,50000,55000,0,0,0,'y','2017-05-08 14:40:53','developer','0000-00-00 00:00:00','',0),(852,3,19,'8997011426030','03190852','KIKIR SEGITIGA BSTD 3 352012 JASON',1,5,8220,13182,14500,0,0,0,'y','2017-05-08 14:40:53','developer','0000-00-00 00:00:00','',0),(853,3,19,'','03190853','KIKIR DIAMOND SET 5PCS 70MM 352039JASON',1,5,22727,36818,40500,0,0,0,'y','2017-05-08 14:40:54','developer','0000-00-00 00:00:00','',0),(854,3,19,'8997018199661','03190854','KIKIR DIAMOND SET 6PCS 70MM 352038JASON',1,5,30546,44545,49000,0,0,0,'y','2017-05-08 14:40:54','developer','0000-00-00 00:00:00','',0),(855,3,19,'','03190855','KIKIR EMAS SET 10PC 352001 JASON',1,5,52159,77273,85000,0,0,0,'y','2017-05-08 14:40:54','developer','0000-00-00 00:00:00','',0),(856,3,19,'','03190856','KIKIR SET 7PC 352002 JASON',1,5,75477,119091,131000,0,0,0,'y','2017-05-08 14:40:54','developer','0000-00-00 00:00:00','',0),(857,3,19,'8997018196318','03190857','FLAP DISC 4 P 100 369195 JASON',1,5,9814,17273,19000,0,0,0,'y','2017-05-08 14:40:54','developer','0000-00-00 00:00:00','',0),(858,3,19,'8997018196325','03190858','FLAP DISC 4 P 120 369196 JASON',1,5,9818,17273,19000,0,0,0,'y','2017-05-08 14:40:54','developer','0000-00-00 00:00:00','',0),(859,3,19,'8997018196295','03190859','FLAP DISC 4 P 60 369193 JASON',1,5,9763,17273,19000,0,0,0,'y','2017-05-08 14:40:54','developer','0000-00-00 00:00:00','',0),(860,3,19,'8997018196301','03190860','FLAP DISC 4 P 80 369194 JASON',1,5,9817,16364,18000,0,0,0,'y','2017-05-08 14:40:54','developer','0000-00-00 00:00:00','',0),(861,3,19,'','03190861','MOUNTED STONE 10 PCS 369002 JASON',1,5,19727,29091,32000,0,0,0,'y','2017-05-08 14:40:54','developer','0000-00-00 00:00:00','',0),(862,3,19,'','03190862','MOUNTED STONE 5 PCS 369001 JASON',1,5,10181,15455,17001,0,0,0,'y','2017-05-08 14:40:54','developer','0000-00-00 00:00:00','',0),(863,3,19,'','03190863','AMPLAS SPONGE G100 369185 JASON',1,5,15847,22727,25000,0,0,0,'y','2017-05-08 14:40:55','developer','0000-00-00 00:00:00','',0),(864,3,19,'','03190864','AMPLAS SPONGE G120 369186 JASON',1,5,15954,22727,25000,0,0,0,'y','2017-05-08 14:40:55','developer','0000-00-00 00:00:00','',0),(865,3,19,'','03190865','AMPLAS SPONGE G60 369183 JASON',1,5,15232,22727,25000,0,0,0,'y','2017-05-08 14:40:55','developer','0000-00-00 00:00:00','',0),(866,3,19,'','03190866','AMPLAS SPONGE G80 369184 JASON',1,5,15409,22727,25000,0,0,0,'y','2017-05-08 14:40:55','developer','0000-00-00 00:00:00','',0),(867,4,20,'','04200867','GENERATOR 2.5KW LC35004800AF LONCIN',1,15,2929105,4527273,4980000,0,0,0,'y','2017-05-08 14:40:55','developer','0000-00-00 00:00:00','',0),(868,4,20,'','04200868','GENERATOR 2KW LC30003800AF LONCIN',1,15,2045135,4145455,4560001,0,0,0,'y','2017-05-08 14:40:55','developer','0000-00-00 00:00:00','',0),(869,4,20,'','04200869','GENERATOR 6,5KW LC8800DDCDF1 3PHLONCIN',1,15,0,14545455,16000001,0,0,0,'y','2017-05-08 14:40:55','developer','0000-00-00 00:00:00','',0),(870,4,20,'','04200870','GENERATOR 6,5KW LC8800DFDDCBTRYLONCIN',1,15,7327909,11709091,12880000,0,0,0,'y','2017-05-08 14:40:55','developer','0000-00-00 00:00:00','',0),(871,4,20,'','04200871','GENERATOR 9KW LC1200012800 1PH LONCIN',1,15,0,32545455,35800001,0,0,0,'y','2017-05-08 14:40:55','developer','0000-00-00 00:00:00','',0),(872,4,21,'','04210872','GASOLINE ENGINE GX160 5,5HPHONDA JIALING',1,16,1983273,2479091,2727000,0,0,0,'y','2017-05-08 14:40:56','developer','0000-00-00 00:00:00','',0),(873,4,21,'','04210873','GASOLINE ENGINE GX200 6,5HP HONDAJIALING',1,16,2258727,2823636,3106000,0,0,0,'y','2017-05-08 14:40:56','developer','0000-00-00 00:00:00','',0),(874,4,22,'','04220874','POMPA KURAS SAWAH WB30XNXH HONDAJIALING',1,16,2919818,4113636,4525000,0,0,0,'y','2017-05-08 14:40:56','developer','0000-00-00 00:00:00','',0),(875,4,22,'','04220875','POMPAKURAS SAWAH WB20XNXH2 HONDAJIALING',1,16,2639773,3458182,3804000,0,0,0,'y','2017-05-08 14:40:56','developer','0000-00-00 00:00:00','',0),(876,4,22,'','04220876','POMPA KURAS SAWAH 3 YH WB30 YOKOHAMA',1,17,1423182,1898182,2088000,0,0,0,'y','2017-05-08 14:40:56','developer','0000-00-00 00:00:00','',0),(877,4,2,'','04020877','MESIN POTONG RUMPUT G 328 YOKOHAMA',1,17,619773,1131818,1245000,0,0,0,'y','2017-05-08 14:40:56','developer','0000-00-00 00:00:00','',0),(878,4,2,'','04020878','MSN POTONG RUMPUT G338 YOKOHAMADYTOMO',1,17,918197,1309091,1440000,0,0,0,'y','2017-05-08 14:40:56','developer','0000-00-00 00:00:00','',0),(879,4,23,'','04230879','HAND BAG SEALER 20CM 900156 IWARA',1,18,267273,356818,392500,0,0,0,'y','2017-05-08 14:40:56','developer','0000-00-00 00:00:00','',0),(880,4,23,'','04230880','HAND BAG SEALER 30CM 900157 IWARA',1,18,381818,510455,561501,0,0,0,'y','2017-05-08 14:40:56','developer','0000-00-00 00:00:00','',0),(881,4,24,'','04240881','BLOWER KEONG 2,5 901002 IWARA',1,18,359375,523182,575500,0,0,0,'y','2017-05-08 14:40:57','developer','0000-00-00 00:00:00','',0),(882,4,24,'','04240882','BLOWER KEONG 2 901001 IWARA',1,18,267273,487273,536000,0,0,0,'y','2017-05-08 14:40:57','developer','0000-00-00 00:00:00','',0),(883,4,24,'','04240883','BLOWER KEONG 3 901003 IWARA',1,18,595000,854091,939500,0,0,0,'y','2017-05-08 14:40:57','developer','0000-00-00 00:00:00','',0),(884,4,25,'','04250884','HP CLEANER 135BAR DAYTONA 100 LAKONI',1,19,886421,1144545,1259000,0,0,0,'y','2017-05-08 14:40:57','developer','0000-00-00 00:00:00','',0),(885,4,25,'','04250885','VAC CLEANER DRY 2LT 300W SCE880 SANYO',1,20,556500,655455,721001,0,0,0,'y','2017-05-08 14:40:57','developer','0000-00-00 00:00:00','',0),(886,4,25,'','04250886','VAC CLEANER DRY 2LT 400W SCE620 H SANYO',1,20,612150,720909,793000,0,0,0,'y','2017-05-08 14:40:57','developer','0000-00-00 00:00:00','',0),(887,4,25,'','04250887','VAC CLEANER DRY 400W SCH24 SANYO',1,20,258121,281364,309500,0,0,0,'y','2017-05-08 14:40:57','developer','0000-00-00 00:00:00','',0),(888,4,25,'','04250888','VAC CLEANER WD19LT 480W BSCWDB48 SANYO',1,20,1356136,1753636,1929000,0,0,0,'y','2017-05-08 14:40:57','developer','0000-00-00 00:00:00','',0),(889,4,26,'','04260889','MULTIPURPOSE LUBRICANTML11360MLLOCTITE',1,21,26239,41818,46000,0,0,0,'y','2017-05-08 14:40:57','developer','0000-00-00 00:00:00','',0),(890,5,27,'','05270890','KOMPRESOR 34HP 15L BKC15 DALTON',1,22,685637,945455,1040001,0,0,0,'y','2017-05-08 14:40:57','developer','0000-00-00 00:00:00','',0),(891,5,27,'','05270891','KOMPRESOR 1.5HP 12L IMOLA150 LAKONI',1,19,805513,1500000,1650000,0,0,0,'y','2017-05-08 14:40:57','developer','0000-00-00 00:00:00','',0),(892,5,27,'','05270892','KOMPRESOR 1HP 25L IMOLA125 LAKONI',1,19,876101,1454545,1600000,0,0,0,'y','2017-05-08 14:40:58','developer','0000-00-00 00:00:00','',0),(893,5,27,'','05270893','KOMPRESOR 2HP 25L IMOLA225 LAKONI',1,19,1032955,1672727,1840000,0,0,0,'y','2017-05-08 14:40:58','developer','0000-00-00 00:00:00','',0),(894,5,27,'','05270894','KOMPRESOR 34HP 10L IMOLA75 LAKONI',1,19,670273,1103636,1214000,0,0,0,'y','2017-05-08 14:40:58','developer','0000-00-00 00:00:00','',0),(895,5,28,'8997011422865','05280895','AIR DUSTER 3 IN 1 372001 JASON',1,5,50909,72727,80000,0,0,0,'y','2017-05-08 14:40:58','developer','0000-00-00 00:00:00','',0),(896,5,28,'','05280896','AIR DUSTER DG101 372006 JASON',1,5,26181,44091,48500,0,0,0,'y','2017-05-08 14:40:58','developer','0000-00-00 00:00:00','',0),(897,5,28,'','05280897','AIR DUSTER DG102 372007 JASON',1,5,27747,45455,50001,0,0,0,'y','2017-05-08 14:40:58','developer','0000-00-00 00:00:00','',0),(898,5,28,'8997011422896','05280898','AIR DUSTER DG103 372008 JASON',1,5,35000,50000,55000,0,0,0,'y','2017-05-08 14:40:58','developer','0000-00-00 00:00:00','',0),(899,5,28,'8997011427358','05280899','SELANG KOMPRESOR SPIRAL 12M 395003JASON',1,5,67500,100000,110000,0,0,0,'y','2017-05-08 14:40:58','developer','0000-00-00 00:00:00','',0),(900,5,28,'8997011427334','05280900','SELANG KOMPRESOR SPIRAL 6M 395001 JASON',1,5,39771,64091,70500,0,0,0,'y','2017-05-08 14:40:58','developer','0000-00-00 00:00:00','',0),(901,5,28,'8997011427341','05280901','SELANG KOMPRESOR SPIRAL 9M 395002 JASON',1,5,51136,82273,90500,0,0,0,'y','2017-05-08 14:40:58','developer','0000-00-00 00:00:00','',0),(902,5,28,'','05280902','AIR DIE GRINDER MINI 14 KMJ325MELZER',1,9,121590,208182,229000,0,0,0,'y','2017-05-08 14:40:58','developer','0000-00-00 00:00:00','',0),(903,5,28,'','05280903','AIR DIE GRINDER SET 14 KMJ328 MELZER',1,9,144750,262727,289000,0,0,0,'y','2017-05-08 14:40:58','developer','0000-00-00 00:00:00','',0),(904,5,28,'','05280904','SPRAYGUN 472 MELZER',1,9,101223,182727,201000,0,0,0,'y','2017-05-08 14:40:59','developer','0000-00-00 00:00:00','',0),(905,5,28,'','05280905','SPRAYGUN F100G TA MELZER',1,9,177054,279091,307000,0,0,0,'y','2017-05-08 14:40:59','developer','0000-00-00 00:00:00','',0),(906,5,28,'','05280906','SPRAYGUN F100S TB MELZER',1,9,177319,279091,307000,0,0,0,'y','2017-05-08 14:40:59','developer','0000-00-00 00:00:00','',0),(907,5,28,'','05280907','SPRAYGUN K3A MELZER',1,9,116524,180909,199000,0,0,0,'y','2017-05-08 14:40:59','developer','0000-00-00 00:00:00','',0),(908,5,28,'','05280908','SPRAYGUN LUKIS ABS1 MELZER',1,9,69962,133636,147000,0,0,0,'y','2017-05-08 14:40:59','developer','0000-00-00 00:00:00','',0),(909,5,28,'','05280909','SPRAYGUN LUKIS ABS130 MELZER',1,9,163194,255455,281001,0,0,0,'y','2017-05-08 14:40:59','developer','0000-00-00 00:00:00','',0),(910,5,28,'','05280910','SPRAY HOSE 516 10M RRT',1,23,82696,118182,130000,0,0,0,'y','2017-05-08 14:40:59','developer','0000-00-00 00:00:00','',0),(911,5,28,'','05280911','SPRAY HOSE 516 15M RRT',1,23,105596,150909,166000,0,0,0,'y','2017-05-08 14:40:59','developer','0000-00-00 00:00:00','',0),(912,5,28,'','05280912','QUICK COUPLING CABANG 2 RRT',1,23,17675,40909,45000,0,0,0,'y','2017-05-08 14:40:59','developer','0000-00-00 00:00:00','',0),(913,5,28,'','05280913','QUICK COUPLING CABANG 3 RRT',1,23,20705,58182,64000,0,0,0,'y','2017-05-08 14:40:59','developer','0000-00-00 00:00:00','',0),(914,5,28,'','05280914','QUICK COUPLING PF20 RRT',1,23,2295,6364,7000,0,0,0,'y','2017-05-08 14:40:59','developer','0000-00-00 00:00:00','',0),(915,5,28,'','05280915','QUICK COUPLING PF30 RRT',1,23,2901,6364,7000,0,0,0,'y','2017-05-08 14:40:59','developer','0000-00-00 00:00:00','',0),(916,5,28,'','05280916','QUICK COUPLING PF40 RRT',1,23,3226,9091,10000,0,0,0,'y','2017-05-08 14:41:00','developer','0000-00-00 00:00:00','',0),(917,5,28,'','05280917','QUICK COUPLING PH20 RRT',1,23,2295,5455,6001,0,0,0,'y','2017-05-08 14:41:00','developer','0000-00-00 00:00:00','',0),(918,5,28,'','05280918','QUICK COUPLING PH30 RRT',1,23,3673,6364,7000,0,0,0,'y','2017-05-08 14:41:00','developer','0000-00-00 00:00:00','',0),(919,5,28,'','05280919','QUICK COUPLING PM20 RRT',1,23,2294,5455,6001,0,0,0,'y','2017-05-08 14:41:00','developer','0000-00-00 00:00:00','',0),(920,5,28,'','05280920','QUICK COUPLING PM30 RRT',1,23,2778,6364,7000,0,0,0,'y','2017-05-08 14:41:00','developer','0000-00-00 00:00:00','',0),(921,5,28,'','05280921','QUICK COUPLING PM40 RRT',1,23,5509,13636,15000,0,0,0,'y','2017-05-08 14:41:00','developer','0000-00-00 00:00:00','',0),(922,5,28,'','05280922','QUICK COUPLING PP20 RRT',1,23,2018,5909,6500,0,0,0,'y','2017-05-08 14:41:00','developer','0000-00-00 00:00:00','',0),(923,5,28,'','05280923','QUICK COUPLING SF20 RRT',1,23,7345,11818,13000,0,0,0,'y','2017-05-08 14:41:00','developer','0000-00-00 00:00:00','',0),(924,5,28,'','05280924','QUICK COUPLING SF30 RRT',1,23,6296,15000,16500,0,0,0,'y','2017-05-08 14:41:00','developer','0000-00-00 00:00:00','',0),(925,5,28,'','05280925','QUICK COUPLING SH20 RRT',1,23,7345,13636,15000,0,0,0,'y','2017-05-08 14:41:00','developer','0000-00-00 00:00:00','',0),(926,5,28,'','05280926','QUICK COUPLING SH30 RRT',1,23,8447,15909,17500,0,0,0,'y','2017-05-08 14:41:00','developer','0000-00-00 00:00:00','',0),(927,5,28,'','05280927','QUICK COUPLING SM20 RRT',1,23,7345,13636,15000,0,0,0,'y','2017-05-08 14:41:00','developer','0000-00-00 00:00:00','',0),(928,5,28,'','05280928','QUICK COUPLING SM30  RRT',1,23,6500,13182,14500,0,0,0,'y','2017-05-08 14:41:00','developer','0000-00-00 00:00:00','',0),(929,5,28,'','05280929','QUICK COUPLING SM40 RRT',1,23,10100,18182,20000,0,0,0,'y','2017-05-08 14:41:01','developer','0000-00-00 00:00:00','',0),(930,5,28,'','05280930','QUICK COUPLING SP20 RRT',1,23,8282,16818,18500,0,0,0,'y','2017-05-08 14:41:01','developer','0000-00-00 00:00:00','',0),(931,5,28,'','05280931','AIR NAILER F30 RRT',1,23,192130,336364,370000,0,0,0,'y','2017-05-08 14:41:01','developer','0000-00-00 00:00:00','',0),(932,5,28,'','05280932','AIR STAPLER 1022J RRT',1,23,192130,354091,389500,0,0,0,'y','2017-05-08 14:41:01','developer','0000-00-00 00:00:00','',0),(933,5,28,'','05280933','SPRAY GUN 472 RRT',1,23,154943,206818,227500,0,0,0,'y','2017-05-08 14:41:01','developer','0000-00-00 00:00:00','',0),(934,5,28,'','05280934','SPRAY GUN F100G RRT',1,23,216920,330909,364000,0,0,0,'y','2017-05-08 14:41:01','developer','0000-00-00 00:00:00','',0),(935,5,28,'','05280935','SPRAY GUN K3A3B RRT',1,23,99164,134545,148000,0,0,0,'y','2017-05-08 14:41:01','developer','0000-00-00 00:00:00','',0),(936,5,28,'','05280936','SPRAYGUN F100S RRT',1,23,216920,379091,417000,0,0,0,'y','2017-05-08 14:41:01','developer','0000-00-00 00:00:00','',0),(937,6,29,'','06290937','TRAVO LAS INVERTER MMA 125A PANERISE',1,24,991535,1154091,1269500,0,0,0,'y','2017-05-08 14:41:01','developer','0000-00-00 00:00:00','',0),(938,6,29,'','06290938','TRAVO LAS INVERTER MMA 160A PANERISE',1,24,1075200,1527273,1680000,0,0,0,'y','2017-05-08 14:41:01','developer','0000-00-00 00:00:00','',0),(939,6,29,'','06290939','TRAVO LAS INVERTER MMA 200A PANERISE',1,24,1333334,1772727,1950000,0,0,0,'y','2017-05-08 14:41:02','developer','0000-00-00 00:00:00','',0),(940,6,29,'','06290940','TRAVO LAS INVERTER MMA 315A PANERISE',1,24,0,3409091,3750000,0,0,0,'y','2017-05-08 14:41:02','developer','0000-00-00 00:00:00','',0),(941,6,29,'','06290941','TRAVO LAS INVERTER FALCON 120E LAKONI',1,19,780474,1090909,1200000,0,0,0,'y','2017-05-08 14:41:02','developer','0000-00-00 00:00:00','',0),(942,6,29,'','06290942','TRAVO LAS INVERTER FALCON 160E LAKONI',1,19,1216591,1909091,2100000,0,0,0,'y','2017-05-08 14:41:02','developer','0000-00-00 00:00:00','',0),(943,6,29,'','06290943','TRAVO LAS INVERTER FALCON 205E LAKONI',1,19,1515000,2322727,2555000,0,0,0,'y','2017-05-08 14:41:02','developer','0000-00-00 00:00:00','',0),(944,6,30,'','06300944','TANG LAS GERMANY 600A 900111 IWARA',1,18,55681,83182,91500,0,0,0,'y','2017-05-08 14:41:02','developer','0000-00-00 00:00:00','',0),(945,6,30,'','06300945','TANG LAS GERMANY 800A 900112 IWARA',1,18,73181,104545,115000,0,0,0,'y','2017-05-08 14:41:02','developer','0000-00-00 00:00:00','',0),(946,6,30,'','06300946','KABEL KONEKTOR 5070MM 900208 IWARA',1,18,50325,118182,130000,0,0,0,'y','2017-05-08 14:41:02','developer','0000-00-00 00:00:00','',0),(947,6,30,'','06300947','KABEL KONEKTOR 7095MM 900209 IWARA',1,18,79545,133182,146500,0,0,0,'y','2017-05-08 14:41:02','developer','0000-00-00 00:00:00','',0),(948,6,30,'','06300948','KABEL LAS 50MM BIRU 900211 IWARA MTR',1,18,30049,60455,66501,0,0,0,'y','2017-05-08 14:41:02','developer','0000-00-00 00:00:00','',0),(949,6,30,'','06300949','KABEL LAS 70MM BIRU 900212 IWARA MTR',1,18,39787,80000,88000,0,0,0,'y','2017-05-08 14:41:02','developer','0000-00-00 00:00:00','',0),(950,6,30,'','06300950','SELANG LAS DOUBLE PVC 900102 IWARA',1,18,25999,48182,53000,0,0,0,'y','2017-05-08 14:41:02','developer','0000-00-00 00:00:00','',0),(951,6,30,'','06300951','SELANG LAS PVC BIRU 14 900104 IWARA',1,18,17694,35000,38500,0,0,0,'y','2017-05-08 14:41:03','developer','0000-00-00 00:00:00','',0),(952,6,30,'','06300952','SELANG LAS PVC MERAH 38 900103 IWARA',1,18,16946,35000,38500,0,0,0,'y','2017-05-08 14:41:03','developer','0000-00-00 00:00:00','',0),(953,6,30,'','06300953','SELANG LAS RBBR BIRU 14 900304 IWARA',1,18,8615,17273,19000,0,0,0,'y','2017-05-08 14:41:03','developer','0000-00-00 00:00:00','',0),(954,6,30,'','06300954','REGULATOR LAS ACETYLENE 900030 IWARA',1,18,154204,269545,296500,0,0,0,'y','2017-05-08 14:41:03','developer','0000-00-00 00:00:00','',0),(955,6,30,'','06300955','REGULATOR LAS LPG 900031 IWARA',1,18,171229,269545,296500,0,0,0,'y','2017-05-08 14:41:03','developer','0000-00-00 00:00:00','',0),(956,6,30,'','06300956','REGULATOR LAS OXYGEN 900032 IWARA',1,18,187727,269545,296500,0,0,0,'y','2017-05-08 14:41:03','developer','0000-00-00 00:00:00','',0),(957,6,30,'','06300957','BLANDER LAS W 100 MELZER',1,9,226775,352727,388000,0,0,0,'y','2017-05-08 14:41:03','developer','0000-00-00 00:00:00','',0),(958,6,30,'','06300958','BLANDER PEMANAS H 300 MELZER',1,9,139925,232727,256000,0,0,0,'y','2017-05-08 14:41:03','developer','0000-00-00 00:00:00','',0),(959,6,30,'','06300959','BLANDER POTONG MLPG SET MELZER',1,9,222915,340909,375000,0,0,0,'y','2017-05-08 14:41:03','developer','0000-00-00 00:00:00','',0),(960,6,30,'','06300960','BLANDER POTONG MZ088 MELZER',1,9,271222,561818,618000,0,0,0,'y','2017-05-08 14:41:03','developer','0000-00-00 00:00:00','',0),(961,6,30,'','06300961','BLANDER POTONG MZ099 MELZER',1,9,336000,720909,793000,0,0,0,'y','2017-05-08 14:41:03','developer','0000-00-00 00:00:00','',0),(962,6,30,'','06300962','REGULATOR LAS ACETHYLENE MELZER',1,9,138675,340909,375000,0,0,0,'y','2017-05-08 14:41:03','developer','0000-00-00 00:00:00','',0),(963,6,30,'','06300963','REGULATOR LAS ARGON MELZER',1,9,202650,425455,468001,0,0,0,'y','2017-05-08 14:41:03','developer','0000-00-00 00:00:00','',0),(964,6,30,'','06300964','REGULATOR LAS CO 2 MELZER',1,9,174666,425455,468001,0,0,0,'y','2017-05-08 14:41:04','developer','0000-00-00 00:00:00','',0),(965,6,30,'','06300965','REGULATOR LAS LPG MELZER',1,9,122527,340909,375000,0,0,0,'y','2017-05-08 14:41:04','developer','0000-00-00 00:00:00','',0),(966,6,30,'','06300966','REGULATOR LAS LPG PRO MELZER',1,9,172800,449091,494000,0,0,0,'y','2017-05-08 14:41:04','developer','0000-00-00 00:00:00','',0),(967,6,30,'','06300967','REGULATOR LAS OXYGEN MELZER',1,9,121602,340909,375000,0,0,0,'y','2017-05-08 14:41:04','developer','0000-00-00 00:00:00','',0),(968,6,30,'','06300968','REGULATOR LAS OXYGEN PRO MELZER',1,9,186894,449091,494000,0,0,0,'y','2017-05-08 14:41:04','developer','0000-00-00 00:00:00','',0),(969,6,30,'','06300969','CUTTING TIP F099P35 LPG NO 1 MELZER',1,9,41012,82727,91000,0,0,0,'y','2017-05-08 14:41:04','developer','0000-00-00 00:00:00','',0),(970,6,30,'','06300970','CUTTING TIP F099P35 LPG NO 2 MELZER',1,9,38130,82727,91000,0,0,0,'y','2017-05-08 14:41:04','developer','0000-00-00 00:00:00','',0),(971,6,30,'','06300971','CUTTING TIP F099P35 LPG NO 3 MELZER',1,9,36632,82727,91000,0,0,0,'y','2017-05-08 14:41:04','developer','0000-00-00 00:00:00','',0),(972,6,30,'','06300972','CUTTING TIP TYPE M NO.1 LPG MELZER',1,9,16887,34545,38000,0,0,0,'y','2017-05-08 14:41:04','developer','0000-00-00 00:00:00','',0),(973,6,30,'','06300973','CUTTING TIP TYPE M NO.2 LPG MELZER',1,9,18988,34545,38000,0,0,0,'y','2017-05-08 14:41:04','developer','0000-00-00 00:00:00','',0),(974,6,30,'','06300974','CUTTING TIP TYPE M NO.3 LPG MELZER',1,9,16887,34545,38000,0,0,0,'y','2017-05-08 14:41:04','developer','0000-00-00 00:00:00','',0),(975,6,30,'','06300975','CUTTING TIP F088P8 LPG NO 1 MELZER',1,9,30081,66364,73000,0,0,0,'y','2017-05-08 14:41:04','developer','0000-00-00 00:00:00','',0),(976,6,30,'','06300976','CUTTING TIP F088P8 LPG NO 2 MELZER',1,9,31362,66364,73000,0,0,0,'y','2017-05-08 14:41:04','developer','0000-00-00 00:00:00','',0),(977,6,30,'','06300977','CUTTING TIP F088P8 LPG NO 3 MELZER',1,9,30488,66364,73000,0,0,0,'y','2017-05-08 14:41:05','developer','0000-00-00 00:00:00','',0),(978,6,31,'','06310978','KAWAT LAS KUNINGAN 3.0MM KG 1',1,25,105591,131818,145000,0,0,0,'y','2017-05-08 14:41:05','developer','0000-00-00 00:00:00','',0),(979,6,31,'','06310979','KAWAT LAS LB 52 M.4.0 PTH DOS 5KG',1,25,30389,169545,186500,0,0,0,'y','2017-05-08 14:41:05','developer','0000-00-00 00:00:00','',0),(980,6,31,'','06310980','KAWAT LAS LB 52 M2.6 PTH DOS 5KG',1,25,31295,171364,188500,0,0,0,'y','2017-05-08 14:41:05','developer','0000-00-00 00:00:00','',0),(981,6,31,'','06310981','KAWAT LAS LB 52 M3.2 PTH DOS 5KG',1,25,30409,166818,183500,0,0,0,'y','2017-05-08 14:41:05','developer','0000-00-00 00:00:00','',0),(982,6,31,'','06310982','KAWAT LAS LB 5218 M3.2 PTH DOS 5KG',1,25,0,165909,182500,0,0,0,'y','2017-05-08 14:41:05','developer','0000-00-00 00:00:00','',0),(983,6,31,'','06310983','KAWAT LAS LB 52U M2.6 PTH DOS 5KG',1,25,36163,200909,221000,0,0,0,'y','2017-05-08 14:41:05','developer','0000-00-00 00:00:00','',0),(984,6,31,'','06310984','KAWAT LAS LB 52U M3.2 PTH DOS 5KG',1,25,35393,196364,216000,0,0,0,'y','2017-05-08 14:41:05','developer','0000-00-00 00:00:00','',0),(985,6,31,'','06310985','KAWAT LAS LB 52U M4.0 PTH DOS 5KG',1,25,33961,196364,216000,0,0,0,'y','2017-05-08 14:41:05','developer','0000-00-00 00:00:00','',0),(986,6,31,'','06310986','KAWAT LAS RB 26 M2.6 PTH DOS 5KG',1,25,23636,131818,145000,0,0,0,'y','2017-05-08 14:41:05','developer','0000-00-00 00:00:00','',0),(987,6,31,'','06310987','KAWAT LAS RB 26 M3.2 PTH DOS 5KG',1,25,21909,125455,138001,0,0,0,'y','2017-05-08 14:41:05','developer','0000-00-00 00:00:00','',0),(988,6,31,'','06310988','KAWAT LAS RB 26 M4.0 PTH DOS 5KG',1,25,21909,121818,134000,0,0,0,'y','2017-05-08 14:41:05','developer','0000-00-00 00:00:00','',0),(989,6,31,'','06310989','KAWAT LAS RD260 M2.0 DOS 2KG NIKKO',1,25,24932,59091,65000,0,0,0,'y','2017-05-08 14:41:05','developer','0000-00-00 00:00:00','',0),(990,6,31,'','06310990','KAWAT LAS RD460 M2.6 PTH DOS 5KG NIKKO',1,25,18182,103636,114000,0,0,0,'y','2017-05-08 14:41:06','developer','0000-00-00 00:00:00','',0),(991,6,31,'','06310991','KAWAT LAS RD460 M3.2 PTH DOS 5KG NIKKO',1,25,17614,100455,110501,0,0,0,'y','2017-05-08 14:41:06','developer','0000-00-00 00:00:00','',0),(992,6,31,'','06310992','KAWAT LAS RD460 M4.0 PTH DOS 5KG NIKKO',1,25,17614,100455,110501,0,0,0,'y','2017-05-08 14:41:06','developer','0000-00-00 00:00:00','',0),(993,6,31,'','06310993','KAWAT LAS SS WELL308 M.3.2 DOS 5KG',1,25,95000,595455,655001,0,0,0,'y','2017-05-08 14:41:06','developer','0000-00-00 00:00:00','',0),(994,6,31,'','06310994','KAWAT LAS SS WELL308 M2.6 DOS 4KG',1,25,100000,500000,550000,0,0,0,'y','2017-05-08 14:41:06','developer','0000-00-00 00:00:00','',0),(995,7,32,'','07320995','HELM PROYEK BIRU SP PLASTIK MALSANA',1,26,13500,21818,24000,0,0,0,'y','2017-05-08 14:41:06','developer','0000-00-00 00:00:00','',0),(996,7,32,'','07320996','HELM PROYEK BIRU SP PLASTIK ROTASI MALSA',1,26,17000,24545,27000,0,0,0,'y','2017-05-08 14:41:06','developer','0000-00-00 00:00:00','',0),(997,7,32,'','07320997','HELM PROYEK HIJAU SP PLASTIK MALSANA',1,26,13499,21818,24000,0,0,0,'y','2017-05-08 14:41:06','developer','0000-00-00 00:00:00','',0),(998,7,32,'','07320998','HELM PROYEK KNG SP PLASTIK MALSANA',1,26,13500,21818,24000,0,0,0,'y','2017-05-08 14:41:06','developer','0000-00-00 00:00:00','',0),(999,7,32,'','07320999','HELM PROYEK KNG SP PLASTIK ROTASI MALSA',1,26,17000,24545,27000,0,0,0,'y','2017-05-08 14:41:06','developer','0000-00-00 00:00:00','',0),(1000,7,32,'','07321000','HELM PROYEK MERAH SP PLASTIK MALSANA',1,26,13500,21818,24000,0,0,0,'y','2017-05-08 14:41:06','developer','0000-00-00 00:00:00','',0),(1001,7,32,'','07321001','HELM PROYEK ORNGE SP NYLON MPH PRO',1,26,13300,24545,27000,0,0,0,'y','2017-05-08 14:41:07','developer','0000-00-00 00:00:00','',0),(1002,7,32,'','07321002','HELM PROYEK ORNGE SP PLASTIK MALSANA',1,26,13500,21818,24000,0,0,0,'y','2017-05-08 14:41:07','developer','0000-00-00 00:00:00','',0),(1003,7,32,'','07321003','HELM PROYEK PUTIH SP PLASTIK BOSCH',1,26,0,31818,35000,0,0,0,'y','2017-05-08 14:41:07','developer','0000-00-00 00:00:00','',0),(1004,7,32,'','07321004','HELM PROYEK PUTIH SP PLASTIK MALSANA',1,26,13500,21818,24000,0,0,0,'y','2017-05-08 14:41:07','developer','0000-00-00 00:00:00','',0),(1005,7,32,'','07321005','HELMPROYEK HIJAU SP PLASTIK ROTASI MALSA',1,26,17000,24545,27000,0,0,0,'y','2017-05-08 14:41:07','developer','0000-00-00 00:00:00','',0),(1006,7,32,'','07321006','HELMPROYEK MERAH SP PLASTIK ROTASI MALSA',1,26,17000,24545,27000,0,0,0,'y','2017-05-08 14:41:07','developer','0000-00-00 00:00:00','',0),(1007,7,32,'','07321007','HELMPROYEK ORNGE SP PLASTIK ROTASI MALSA',1,26,17000,24545,27000,0,0,0,'y','2017-05-08 14:41:07','developer','0000-00-00 00:00:00','',0),(1008,7,32,'','07321008','HELMPROYEK PUTIH SP PLASTIK ROTASI MALSA',1,26,17000,24545,27000,0,0,0,'y','2017-05-08 14:41:07','developer','0000-00-00 00:00:00','',0),(1009,7,32,'8997018191399','07321009','EAR PLUG SILICONE 383062 JASON',1,5,6364,10455,11501,0,0,0,'y','2017-05-08 14:41:07','developer','0000-00-00 00:00:00','',0),(1010,7,32,'','07321010','TUTUP TELINGA EARMUFF 383063 JASON',1,5,34990,52273,57500,0,0,0,'y','2017-05-08 14:41:07','developer','0000-00-00 00:00:00','',0),(1011,7,32,'','07321011','KACAMATA LAS PERSEGI 383021 JASON',1,5,28636,41818,46000,0,0,0,'y','2017-05-08 14:41:07','developer','0000-00-00 00:00:00','',0),(1012,7,32,'','07321012','KACAMATA SAFETY CLEAR 383073 JASON',1,5,16727,31818,35000,0,0,0,'y','2017-05-08 14:41:08','developer','0000-00-00 00:00:00','',0),(1013,7,32,'','07321013','KACAMATA SAFETY CLEAR 383077 JASON',1,5,0,56364,62000,0,0,0,'y','2017-05-08 14:41:08','developer','0000-00-00 00:00:00','',0),(1014,7,32,'','07321014','KACAMATA SAFETY COLOUR 383076 JASON',1,5,0,66364,73000,0,0,0,'y','2017-05-08 14:41:08','developer','0000-00-00 00:00:00','',0),(1015,7,32,'','07321015','MASKER BIRU 383001 JASON',1,5,5726,11364,12500,0,0,0,'y','2017-05-08 14:41:08','developer','0000-00-00 00:00:00','',0),(1016,7,32,'','07321016','MASKER CARBON DEBU 383011 JASON',1,5,9818,14545,16000,0,0,0,'y','2017-05-08 14:41:08','developer','0000-00-00 00:00:00','',0),(1017,7,32,'','07321017','MASKER KERTAS 10PCS 383006 JASON',1,5,8897,18636,20500,0,0,0,'y','2017-05-08 14:41:08','developer','0000-00-00 00:00:00','',0),(1018,7,32,'','07321018','MASKER NP305 SINGLE FILTER 383012JASON',1,5,20908,40909,45000,0,0,0,'y','2017-05-08 14:41:08','developer','0000-00-00 00:00:00','',0),(1019,7,32,'','07321019','MASKER NP306 DOUBLE FILTER 383013JASON',1,5,35000,61818,68000,0,0,0,'y','2017-05-08 14:41:08','developer','0000-00-00 00:00:00','',0),(1020,7,32,'','07321020','SARUNG TANGAN KARET L 384007 PSG JASON',1,5,12728,20455,22501,0,0,0,'y','2017-05-08 14:41:08','developer','0000-00-00 00:00:00','',0),(1021,7,32,'','07321021','SARUNG TANGAN KARET M 384006 JASON',1,5,12728,18636,20500,0,0,0,'y','2017-05-08 14:41:08','developer','0000-00-00 00:00:00','',0),(1022,7,32,'8997018191672','07321022','SARUNG TGN KOMBINASI 10,5 384011JASON',1,5,16970,25455,28001,0,0,0,'y','2017-05-08 14:41:09','developer','0000-00-00 00:00:00','',0),(1023,7,32,'','07321023','SARUNG TGN LAS KULIT  16 384003 JASON',1,5,50379,67273,74000,0,0,0,'y','2017-05-08 14:41:09','developer','0000-00-00 00:00:00','',0),(1024,7,32,'8997011420205','07321024','SARUNG TGN LAS KULIT BIRU 384002JASON',1,5,41894,65455,72001,0,0,0,'y','2017-05-08 14:41:09','developer','0000-00-00 00:00:00','',0),(1025,7,32,'','07321025','SARUNG TGN LAS KULIT MERAH 384001JASON',1,5,41893,65455,72001,0,0,0,'y','2017-05-08 14:41:09','developer','0000-00-00 00:00:00','',0),(1026,7,32,'','07321026','SARUNGTGN LAS KULIT BIRU18384008JASON',1,5,60985,96364,106000,0,0,0,'y','2017-05-08 14:41:09','developer','0000-00-00 00:00:00','',0),(1027,7,32,'','07321027','SRNG TGN BINTIK ORANGE 10 384016JASON',1,5,0,10455,11501,0,0,0,'y','2017-05-08 14:41:09','developer','0000-00-00 00:00:00','',0),(1028,7,32,'','07321028','JAS HUJAN BAJUCELANA KUNING 344001JASON',1,5,69262,121364,133500,0,0,0,'y','2017-05-08 14:41:09','developer','0000-00-00 00:00:00','',0),(1029,7,32,'','07321029','JAS HUJAN TERUSAN KUNING 344002 JASON',1,5,59830,89545,98500,0,0,0,'y','2017-05-08 14:41:09','developer','0000-00-00 00:00:00','',0),(1030,7,32,'','07321030','ROMPI JARING ORANGE XL 344010 JASON',1,5,12727,26818,29500,0,0,0,'y','2017-05-08 14:41:09','developer','0000-00-00 00:00:00','',0),(1031,7,32,'','07321031','LIFT SLING 2T X 3MTR HIJAU 385085 JASON',1,5,0,168182,185000,0,0,0,'y','2017-05-08 14:41:09','developer','0000-00-00 00:00:00','',0),(1032,7,32,'','07321032','LIFT SLING 2T X 4MTR HIJAU 385086 JASON',1,5,0,218182,240000,0,0,0,'y','2017-05-08 14:41:10','developer','0000-00-00 00:00:00','',0),(1033,7,32,'','07321033','LIFT SLING 2T X 5MTR HIJAU 385087 JASON',1,5,0,285455,314001,0,0,0,'y','2017-05-08 14:41:10','developer','0000-00-00 00:00:00','',0),(1034,7,32,'','07321034','LIFT SLING 2T X 6MTR HIJAU 385088 JASON',1,5,0,318636,350500,0,0,0,'y','2017-05-08 14:41:10','developer','0000-00-00 00:00:00','',0),(1035,7,32,'','07321035','LIFT SLING 3T X 4MTR KNG 385090 JASON',1,5,0,335455,369001,0,0,0,'y','2017-05-08 14:41:10','developer','0000-00-00 00:00:00','',0),(1036,7,32,'','07321036','LIFT SLING 3T X 5MTR KNG 385091 JASON',1,5,0,402727,443000,0,0,0,'y','2017-05-08 14:41:10','developer','0000-00-00 00:00:00','',0),(1037,7,32,'','07321037','LIFT SLING 3T X 6MTR KNG 385092 JASON',1,5,356364,469545,516500,0,0,0,'y','2017-05-08 14:41:10','developer','0000-00-00 00:00:00','',0),(1038,7,32,'','07321038','LIFT SLING 4T X 4MTR ABU2 385094 JASON',1,5,0,452273,497500,0,0,0,'y','2017-05-08 14:41:10','developer','0000-00-00 00:00:00','',0),(1039,7,32,'','07321039','LIFT SLING 4T X 5MTR ABU2 385095 JASON',1,5,0,553182,608500,0,0,0,'y','2017-05-08 14:41:10','developer','0000-00-00 00:00:00','',0),(1040,7,32,'','07321040','LIFT SLING 4T X 6MTR ABU2 385096 JASON',1,5,0,604091,664500,0,0,0,'y','2017-05-08 14:41:10','developer','0000-00-00 00:00:00','',0),(1041,7,32,'','07321041','LIFT SLING 5T X 4MTR MERAH 385097 JASON',1,5,0,569545,626500,0,0,0,'y','2017-05-08 14:41:10','developer','0000-00-00 00:00:00','',0),(1042,7,32,'','07321042','LIFT SLING 5T X 6MTR MERAH 385098 JASON',1,5,636364,838182,922000,0,0,0,'y','2017-05-08 14:41:10','developer','0000-00-00 00:00:00','',0),(1043,7,32,'','07321043','LIFT SLING 6T X 4MTR COKLAT 385099JASON',1,5,0,702727,773000,0,0,0,'y','2017-05-08 14:41:11','developer','0000-00-00 00:00:00','',0),(1044,7,32,'','07321044','LIFT SLING 6T X 6MTR COKLAT 385100JASON',1,5,0,1005000,1105500,0,0,0,'y','2017-05-08 14:41:11','developer','0000-00-00 00:00:00','',0),(1045,7,32,'8997011423664','07321045','SABUK PENGAMAN 385101 JASON',1,5,102274,150909,166000,0,0,0,'y','2017-05-08 14:41:11','developer','0000-00-00 00:00:00','',0),(1046,7,32,'','07321046','SABUK PENGAMAN DUDUK TW 385102 JASON',1,5,368182,495000,544500,0,0,0,'y','2017-05-08 14:41:11','developer','0000-00-00 00:00:00','',0),(1047,7,32,'','07321047','TALI PENARIK MOBIL 16 X 4M 345210 JASON',1,5,67500,100455,110501,0,0,0,'y','2017-05-08 14:41:11','developer','0000-00-00 00:00:00','',0),(1048,7,32,'','07321048','MASKER 2343001 NP305 SINGLE FILTER',1,27,19250,38636,42500,0,0,0,'y','2017-05-08 14:41:11','developer','0000-00-00 00:00:00','',0),(1049,7,32,'','07321049','MASKER 3 LAPIS 12 PCS HIJAUBIRU PAK',1,27,4128,7273,8000,0,0,0,'y','2017-05-08 14:41:11','developer','0000-00-00 00:00:00','',0),(1050,7,32,'','07321050','MASKER 3 LAPIS 50 PCS HIJAUBIRU PAK',1,27,17164,30000,33000,0,0,0,'y','2017-05-08 14:41:11','developer','0000-00-00 00:00:00','',0),(1051,7,32,'','07321051','MASKER 3R  SONATA',1,27,1450,7727,8500,0,0,0,'y','2017-05-08 14:41:12','developer','0000-00-00 00:00:00','',0),(1052,7,32,'','07321052','MASKER BIRU 383001 JASON',1,27,5726,11364,12500,0,0,0,'y','2017-05-08 14:41:12','developer','0000-00-00 00:00:00','',0),(1053,7,32,'','07321053','MASKER CARBON DEBU 383011 JASON',1,27,9818,14545,16000,0,0,0,'y','2017-05-08 14:41:12','developer','0000-00-00 00:00:00','',0),(1054,7,32,'','07321054','MASKER KAIN KARBON AKTIF PANJANG MARTIN',1,27,14426,22727,25000,0,0,0,'y','2017-05-08 14:41:12','developer','0000-00-00 00:00:00','',0),(1055,7,32,'','07321055','MASKER KAIN KARBON AKTIF PENDEK MARTIN',1,27,12057,18636,20500,0,0,0,'y','2017-05-08 14:41:12','developer','0000-00-00 00:00:00','',0),(1056,7,32,'','07321056','MASKER KAIN TALI KARET LSN 1',1,27,3766,8182,9000,0,0,0,'y','2017-05-08 14:41:12','developer','0000-00-00 00:00:00','',0),(1057,7,32,'','07321057','MASKER KERTAS 10PCS 383006 JASON',1,27,8897,18636,20500,0,0,0,'y','2017-05-08 14:41:12','developer','0000-00-00 00:00:00','',0),(1058,7,32,'','07321058','MASKER MH305 SINGLE FILTER MPH PRO',1,27,12000,21364,23500,0,0,0,'y','2017-05-08 14:41:12','developer','0000-00-00 00:00:00','',0),(1059,7,32,'','07321059','MASKER NP305 SINGLE FILTER 383012JASON',1,27,20908,40909,45000,0,0,0,'y','2017-05-08 14:41:12','developer','0000-00-00 00:00:00','',0),(1060,7,32,'','07321060','MASKER NP305 SINGLE FILTER BLUE EAGLE',1,27,22406,55455,61001,0,0,0,'y','2017-05-08 14:41:12','developer','0000-00-00 00:00:00','',0),(1061,7,32,'','07321061','MASKER NP306 DOUBLE FILTER 383013JASON',1,27,35000,61818,68000,0,0,0,'y','2017-05-08 14:41:12','developer','0000-00-00 00:00:00','',0),(1062,7,32,'','07321062','MASKER NP306 DOUBLE FILTER BLUE EAGLE',1,27,22844,53636,59000,0,0,0,'y','2017-05-08 14:41:12','developer','0000-00-00 00:00:00','',0),(1063,7,32,'','07321063','SEPATU BOOT701 HIJAU PNDK 25 PANFIX',1,28,0,59091,65000,0,0,0,'y','2017-05-08 14:41:13','developer','0000-00-00 00:00:00','',0),(1064,7,32,'','07321064','SEPATU BOOT701 HIJAU PNDK 26 PANFIX',1,28,0,59091,65000,0,0,0,'y','2017-05-08 14:41:13','developer','0000-00-00 00:00:00','',0),(1065,7,32,'','07321065','SEPATU BOOT701 HIJAU PNDK 27 PANFIX',1,28,0,59091,65000,0,0,0,'y','2017-05-08 14:41:13','developer','0000-00-00 00:00:00','',0),(1066,7,32,'','07321066','SEPATU BOOT701 HTM PNDK  25 PANFIX',1,28,0,50000,55000,0,0,0,'y','2017-05-08 14:41:13','developer','0000-00-00 00:00:00','',0),(1067,7,32,'','07321067','SEPATU BOOT701 HTM PNDK  26 PANFIX',1,28,0,45909,50500,0,0,0,'y','2017-05-08 14:41:13','developer','0000-00-00 00:00:00','',0),(1068,7,32,'','07321068','SEPATU BOOT701 HTM PNDK  27 PANFIX',1,28,0,46364,51000,0,0,0,'y','2017-05-08 14:41:13','developer','0000-00-00 00:00:00','',0),(1069,7,32,'','07321069','SEPATU BOOT701 HTM PNDK POLOS 25 PANFIX',1,28,0,46364,51000,0,0,0,'y','2017-05-08 14:41:13','developer','0000-00-00 00:00:00','',0),(1070,7,32,'','07321070','SEPATU BOOT701 HTM PNDK POLOS 26 PANFIX',1,28,0,46364,51000,0,0,0,'y','2017-05-08 14:41:13','developer','0000-00-00 00:00:00','',0),(1071,7,32,'','07321071','SEPATU BOOT701 HTM PNDK POLOS 27 PANFIX',1,28,0,46364,51000,0,0,0,'y','2017-05-08 14:41:13','developer','0000-00-00 00:00:00','',0),(1072,7,32,'','07321072','SEPATU BOOT801 HIJAU PNJG 39 PANFIX',1,28,43568,85455,94001,0,0,0,'y','2017-05-08 14:41:13','developer','0000-00-00 00:00:00','',0),(1073,7,32,'','07321073','SEPATU BOOT801 HIJAU PNJG 40 PANFIX',1,28,43753,85455,94001,0,0,0,'y','2017-05-08 14:41:13','developer','0000-00-00 00:00:00','',0),(1074,7,32,'','07321074','SEPATU BOOT801 HIJAU PNJG 41 PANFIX',1,28,43841,85455,94001,0,0,0,'y','2017-05-08 14:41:13','developer','0000-00-00 00:00:00','',0),(1075,7,32,'','07321075','SEPATU BOOT801 HIJAU PNJG 42 PANFIX',1,28,47000,85455,94001,0,0,0,'y','2017-05-08 14:41:14','developer','0000-00-00 00:00:00','',0),(1076,7,32,'','07321076','SEPATU BOOT801 HTM PNJG  39 PANFIX',1,28,40695,74545,82000,0,0,0,'y','2017-05-08 14:41:14','developer','0000-00-00 00:00:00','',0),(1077,7,32,'','07321077','SEPATU BOOT801 HTM PNJG  40 PANFIX',1,28,40334,74545,82000,0,0,0,'y','2017-05-08 14:41:14','developer','0000-00-00 00:00:00','',0),(1078,7,32,'','07321078','SEPATU BOOT801 HTM PNJG  41 PANFIX',1,28,41000,74545,82000,0,0,0,'y','2017-05-08 14:41:14','developer','0000-00-00 00:00:00','',0),(1079,7,32,'','07321079','SEPATU BOOT801 HTM PNJG  42 PANFIX',1,28,40429,74545,82000,0,0,0,'y','2017-05-08 14:41:14','developer','0000-00-00 00:00:00','',0),(1080,7,32,'','07321080','SEPATU BOOT801 HTM PNJG POLOS 38 PANFIX',1,28,0,66364,73000,0,0,0,'y','2017-05-08 14:41:14','developer','0000-00-00 00:00:00','',0),(1081,7,32,'','07321081','SEPATU BOOT801 HTM PNJG POLOS 39 PANFIX',1,28,36000,66364,73000,0,0,0,'y','2017-05-08 14:41:14','developer','0000-00-00 00:00:00','',0),(1082,7,32,'','07321082','SEPATU BOOT801 HTM PNJG POLOS 40 PANFIX',1,28,35998,66364,73000,0,0,0,'y','2017-05-08 14:41:15','developer','0000-00-00 00:00:00','',0),(1083,7,32,'','07321083','SEPATU BOOT801 HTM PNJG POLOS 41 PANFIX',1,28,36000,66364,73000,0,0,0,'y','2017-05-08 14:41:15','developer','0000-00-00 00:00:00','',0),(1084,7,32,'','07321084','SEPATU BOOT801 HTM PNJG POLOS 42 PANFIX',1,28,36000,66364,73000,0,0,0,'y','2017-05-08 14:41:15','developer','0000-00-00 00:00:00','',0),(1085,7,32,'','07321085','KACA LAS 11FW2DIN 900012 IWARA',1,18,1749,6364,7000,0,0,0,'y','2017-05-08 14:41:15','developer','0000-00-00 00:00:00','',0),(1086,7,32,'','07321086','TOPENG LAS BIRU 900005 IWARA',1,18,57260,90455,99501,0,0,0,'y','2017-05-08 14:41:15','developer','0000-00-00 00:00:00','',0),(1087,7,32,'','07321087','SARUNG TGN KOMBINASI 10,5 900022IWARA',1,18,20946,30000,33000,0,0,0,'y','2017-05-08 14:41:15','developer','0000-00-00 00:00:00','',0),(1088,7,32,'','07321088','SARUNGTGN LAS KULIT KUNING 900008 IWARA',1,18,42425,80909,89000,0,0,0,'y','2017-05-08 14:41:15','developer','0000-00-00 00:00:00','',0),(1089,7,32,'','07321089','SARUNG TGN ARGON KULIT',1,29,18000,60909,67000,0,0,0,'y','2017-05-08 14:41:15','developer','0000-00-00 00:00:00','',0),(1090,7,32,'','07321090','SARUNG TGN B2 KUNING T450 LSN HERON',1,29,13985,23636,26000,0,0,0,'y','2017-05-08 14:41:15','developer','0000-00-00 00:00:00','',0),(1091,7,32,'','07321091','SARUNG TGN B3 HIJAU T312 PANGESTU',1,29,13870,24545,27000,0,0,0,'y','2017-05-08 14:41:15','developer','0000-00-00 00:00:00','',0),(1092,7,32,'','07321092','SARUNG TGN B6 MERAH T612 PANGESTU',1,29,19889,35455,39001,0,0,0,'y','2017-05-08 14:41:15','developer','0000-00-00 00:00:00','',0),(1093,7,32,'','07321093','SARUNG TGN KOMBINASI 10,5 384011JASON',1,29,16970,25455,28001,0,0,0,'y','2017-05-08 14:41:15','developer','0000-00-00 00:00:00','',0),(1094,7,32,'','07321094','SARUNG TGN KOMBINASI 10,5 900022IWARA',1,29,20946,30000,33000,0,0,0,'y','2017-05-08 14:41:16','developer','0000-00-00 00:00:00','',0),(1095,7,32,'','07321095','SARUNG TGN LARGE 5 LATEX OTORY',1,29,10971,16364,18000,0,0,0,'y','2017-05-08 14:41:16','developer','0000-00-00 00:00:00','',0),(1096,7,32,'','07321096','SARUNG TGN LARGE 7 LATEX OTORY',1,29,12238,18636,20500,0,0,0,'y','2017-05-08 14:41:16','developer','0000-00-00 00:00:00','',0),(1097,7,32,'','07321097','SARUNG TGN LAS KULIT  16 384003 JASON',1,29,50379,67273,74000,0,0,0,'y','2017-05-08 14:41:16','developer','0000-00-00 00:00:00','',0),(1098,7,32,'','07321098','SARUNG TGN LAS KULIT BIRU 384002JASON',1,29,41894,65455,72001,0,0,0,'y','2017-05-08 14:41:16','developer','0000-00-00 00:00:00','',0),(1099,7,32,'','07321099','SARUNG TGN LAS KULIT HIJAU RRT',1,29,27841,45000,49500,0,0,0,'y','2017-05-08 14:41:16','developer','0000-00-00 00:00:00','',0),(1100,7,32,'','07321100','SARUNG TGN LAS KULIT MERAH 384001JASON',1,29,41893,65455,72001,0,0,0,'y','2017-05-08 14:41:16','developer','0000-00-00 00:00:00','',0),(1101,7,32,'','07321101','SARUNG TGN LAS KULIT MERAH RRT',1,29,17424,45000,49500,0,0,0,'y','2017-05-08 14:41:16','developer','0000-00-00 00:00:00','',0),(1102,7,32,'','07321102','SEPATU BOOT AP BLACK 1 HITAM 26 AP',1,30,27858,40909,45000,0,0,0,'y','2017-05-08 14:41:16','developer','0000-00-00 00:00:00','',0),(1103,7,32,'','07321103','SEPATU BOOT MOTO HITAMMERAH 43 AP',1,30,52167,67273,74000,0,0,0,'y','2017-05-08 14:41:16','developer','0000-00-00 00:00:00','',0),(1104,7,32,'','07321104','SEPATU BOOT SAFETY S3S5 YELLOW 39AP',1,30,138181,184545,203000,0,0,0,'y','2017-05-08 14:41:16','developer','0000-00-00 00:00:00','',0),(1105,7,32,'','07321105','SEPATU BOOT AP BLACK 1 HITAM 28 AP',1,30,27582,40909,45000,0,0,0,'y','2017-05-08 14:41:17','developer','0000-00-00 00:00:00','',0),(1106,7,32,'','07321106','SEPATU BOOT MOTO HITAMMERAH 42 AP',1,30,51978,72727,80000,0,0,0,'y','2017-05-08 14:41:17','developer','0000-00-00 00:00:00','',0),(1107,7,32,'','07321107','SEPATU BOOT SAFETY S3S5 YELLOW 41AP',1,30,136799,184545,203000,0,0,0,'y','2017-05-08 14:41:17','developer','0000-00-00 00:00:00','',0),(1108,7,32,'','07321108','SEPATU BOOT 2003 GR HIJAU 42 AP',1,30,59564,81818,90000,0,0,0,'y','2017-05-08 14:41:17','developer','0000-00-00 00:00:00','',0),(1109,7,32,'','07321109','SEPATU BOOT MOTTO HITAMMERAH 39 AP',1,30,0,72727,80000,0,0,0,'y','2017-05-08 14:41:17','developer','0000-00-00 00:00:00','',0),(1110,7,32,'','07321110','SEPATU BOOT MOTO HITAMMERAH 40 AP',1,30,51918,72727,80000,0,0,0,'y','2017-05-08 14:41:17','developer','0000-00-00 00:00:00','',0),(1111,7,32,'','07321111','SEPATU BOOT 2003 GR HIJAU 41 AP',1,30,59281,81818,90000,0,0,0,'y','2017-05-08 14:41:17','developer','0000-00-00 00:00:00','',0),(1112,7,32,'','07321112','SEPATU BOOT 2003 GR HIJAU 40 AP',1,30,59637,81818,90000,0,0,0,'y','2017-05-08 14:41:17','developer','0000-00-00 00:00:00','',0),(1113,7,32,'','07321113','SEPATU BOOT 9305  9905 HITAM 42AP',1,30,45420,63636,70000,0,0,0,'y','2017-05-08 14:41:17','developer','0000-00-00 00:00:00','',0),(1114,7,32,'','07321114','SEPATU BOOT 9305  9905 HITAM 41AP',1,30,44422,63636,70000,0,0,0,'y','2017-05-08 14:41:17','developer','0000-00-00 00:00:00','',0),(1115,7,32,'','07321115','SEPATU BOOT SAFETY S3S5 YELLOW 40AP',1,30,136800,184545,203000,0,0,0,'y','2017-05-08 14:41:17','developer','0000-00-00 00:00:00','',0),(1116,7,32,'','07321116','SEPATU BOOT AP BLACK 1 HITAM 27 AP',1,30,27582,40909,45000,0,0,0,'y','2017-05-08 14:41:18','developer','0000-00-00 00:00:00','',0),(1117,7,32,'','07321117','SEPATU BOOT MOTO HITAMMERAH 41 AP',1,30,52169,72727,80000,0,0,0,'y','2017-05-08 14:41:18','developer','0000-00-00 00:00:00','',0),(1118,7,32,'','07321118','SEPATU BOOT SAFETY S3S5 YELLOW 42AP',1,30,136800,184545,203000,0,0,0,'y','2017-05-08 14:41:18','developer','0000-00-00 00:00:00','',0),(1119,7,32,'','07321119','SEPATU BOOT SAFETY S3S5 YELLOW 43AP',1,30,137836,184545,203000,0,0,0,'y','2017-05-08 14:41:18','developer','0000-00-00 00:00:00','',0),(1120,7,32,'','07321120','SEPATU BOOT 9305  9905 HITAM 40 AP',1,30,44334,63636,70000,0,0,0,'y','2017-05-08 14:41:18','developer','0000-00-00 00:00:00','',0),(1121,7,33,'','07331121','ALAT PEMADAM API 1KG YAN FIRE',1,31,152727,218182,240000,0,0,0,'y','2017-05-08 14:41:18','developer','0000-00-00 00:00:00','',0),(1122,7,33,'','07331122','ALAT PEMADAM API 25KG YAN FIRE',1,31,0,4550909,5006000,0,0,0,'y','2017-05-08 14:41:18','developer','0000-00-00 00:00:00','',0),(1123,7,33,'','07331123','ALAT PEMADAM API 3KG YAN FIRE',1,31,345454,493636,543000,0,0,0,'y','2017-05-08 14:41:18','developer','0000-00-00 00:00:00','',0),(1124,7,33,'','07331124','ALAT PEMADAM API 4,5KG CO2 YAN FIRE',1,31,0,710909,782000,0,0,0,'y','2017-05-08 14:41:18','developer','0000-00-00 00:00:00','',0),(1125,7,33,'','07331125','ALAT PEMADAM API 6KG YAN FIRE',1,31,498182,711818,783000,0,0,0,'y','2017-05-08 14:41:18','developer','0000-00-00 00:00:00','',0),(1126,7,33,'','07331126','ALAT PEMADAM API 9KG YAN FIRE',1,31,516364,883636,972000,0,0,0,'y','2017-05-08 14:41:19','developer','0000-00-00 00:00:00','',0),(1127,7,33,'','07331127','REFILL PEMADAM API 1KG YAN FIRE',1,31,47273,67727,74500,0,0,0,'y','2017-05-08 14:41:19','developer','0000-00-00 00:00:00','',0),(1128,7,33,'','07331128','REFILL PEMADAM API 3KG YAN FIRE',1,31,94546,135455,149001,0,0,0,'y','2017-05-08 14:41:19','developer','0000-00-00 00:00:00','',0),(1129,7,33,'','07331129','REFILL PEMADAM API 4,5KG YAN FIRE',1,31,0,109091,120000,0,0,0,'y','2017-05-08 14:41:19','developer','0000-00-00 00:00:00','',0),(1130,7,33,'','07331130','REFILL PEMADAM API 6KG YAN FIRE',1,31,149091,213182,234500,0,0,0,'y','2017-05-08 14:41:19','developer','0000-00-00 00:00:00','',0),(1131,7,33,'','07331131','REFILL PEMADAM API 9KG YAN FIRE',1,31,0,275455,303001,0,0,0,'y','2017-05-08 14:41:19','developer','0000-00-00 00:00:00','',0),(1132,8,34,'','08341132','RODA CASTOR BAUT TT50 38TOKIWA 4PC M',1,32,18135,28182,31000,0,0,0,'y','2017-05-08 14:41:19','developer','0000-00-00 00:00:00','',0),(1133,8,34,'','08341133','RODA CASTOR SOCKET TW 50 TOKIWA SET M',1,32,18133,28182,31000,0,0,0,'y','2017-05-08 14:41:19','developer','0000-00-00 00:00:00','',0),(1134,8,34,'','08341134','RODA GEROBAK PASIR ARTCO',1,32,82636,111818,123000,0,0,0,'y','2017-05-08 14:41:19','developer','0000-00-00 00:00:00','',0),(1135,8,34,'','08341135','RODA GEROBAK PASIR MATI ARTCO',1,32,0,140909,155000,0,0,0,'y','2017-05-08 14:41:19','developer','0000-00-00 00:00:00','',0),(1136,8,34,'','08341136','RODA HANDPALLET NYLON 180MMX70MMBEARING',1,32,0,155909,171500,0,0,0,'y','2017-05-08 14:41:20','developer','0000-00-00 00:00:00','',0),(1137,8,34,'','08341137','RODA HANDPALLET NYLON 80MMX70MMBEARING',1,32,0,90909,100000,0,0,0,'y','2017-05-08 14:41:20','developer','0000-00-00 00:00:00','',0),(1138,8,34,'','08341138','RODA HANDPALLET PU 180MMX70MMBEARING',1,32,109091,155909,171500,0,0,0,'y','2017-05-08 14:41:20','developer','0000-00-00 00:00:00','',0),(1139,8,34,'','08341139','RODA HANDPALLET PU 80MMX60MMBEARING',1,32,0,115909,127500,0,0,0,'y','2017-05-08 14:41:20','developer','0000-00-00 00:00:00','',0),(1140,8,34,'','08341140','RODA HANDPALLET PU 80MMX70MMBEARING',1,32,63636,90909,100000,0,0,0,'y','2017-05-08 14:41:20','developer','0000-00-00 00:00:00','',0),(1141,8,34,'','08341141','RODA KARET 3 HIDUP STAR ROLLAND',1,32,40909,72727,80000,0,0,0,'y','2017-05-08 14:41:20','developer','0000-00-00 00:00:00','',0),(1142,8,34,'','08341142','RODA KARET 3 HIDUPREM STAR ROLLAND',1,32,59318,109091,120000,0,0,0,'y','2017-05-08 14:41:20','developer','0000-00-00 00:00:00','',0),(1143,8,34,'','08341143','RODA KARET 3 MATI STAR ROLLAND',1,32,34772,53182,58500,0,0,0,'y','2017-05-08 14:41:20','developer','0000-00-00 00:00:00','',0),(1144,8,34,'','08341144','RODA KARET 4 HIDUP STAR ROLLAND',1,32,45000,76364,84000,0,0,0,'y','2017-05-08 14:41:20','developer','0000-00-00 00:00:00','',0),(1145,8,34,'','08341145','RODA KARET 4 HIDUPREM STAR ROLLAND',1,32,61364,119091,131000,0,0,0,'y','2017-05-08 14:41:20','developer','0000-00-00 00:00:00','',0),(1146,8,34,'','08341146','RODA KARET 4 MATI STAR ROLLAND',1,32,36819,57273,63000,0,0,0,'y','2017-05-08 14:41:20','developer','0000-00-00 00:00:00','',0),(1147,8,34,'','08341147','RODA KARET 5,5 HIDUP CASTROMAN',1,32,0,287273,316000,0,0,0,'y','2017-05-08 14:41:20','developer','0000-00-00 00:00:00','',0),(1148,8,34,'','08341148','RODA KARET 5,5 MATI CASTROMAN',1,32,0,258636,284500,0,0,0,'y','2017-05-08 14:41:21','developer','0000-00-00 00:00:00','',0),(1149,8,34,'','08341149','RODA KARET 5,5 NO BRACKET CASTROMAN',1,32,0,212727,234000,0,0,0,'y','2017-05-08 14:41:21','developer','0000-00-00 00:00:00','',0),(1150,8,34,'','08341150','RODA KARET 5 HIDUP STAR ROLLAND',1,32,48682,107273,118000,0,0,0,'y','2017-05-08 14:41:21','developer','0000-00-00 00:00:00','',0),(1151,8,34,'','08341151','RODA KARET 5 HIDUPREM STAR ROLLAND',1,32,0,167273,184000,0,0,0,'y','2017-05-08 14:41:21','developer','0000-00-00 00:00:00','',0),(1152,8,34,'','08341152','RODA KARET 5 MATI STAR ROLLAND',1,32,40910,97273,107000,0,0,0,'y','2017-05-08 14:41:21','developer','0000-00-00 00:00:00','',0),(1153,8,34,'','08341153','RODA KARET 6 HIDUP STAR ROLLAND',1,32,102273,213182,234500,0,0,0,'y','2017-05-08 14:41:21','developer','0000-00-00 00:00:00','',0),(1154,8,34,'','08341154','RODA KARET 6 MATI STAR ROLLAND',1,32,89062,151818,167000,0,0,0,'y','2017-05-08 14:41:21','developer','0000-00-00 00:00:00','',0),(1155,8,34,'','08341155','RODA KARET 8 HIDUP STAR ROLLAND',1,32,112500,222273,244500,0,0,0,'y','2017-05-08 14:41:21','developer','0000-00-00 00:00:00','',0),(1156,8,34,'','08341156','RODA KARET 8 MATI STAR ROLLAND',1,32,102273,199091,219000,0,0,0,'y','2017-05-08 14:41:21','developer','0000-00-00 00:00:00','',0),(1157,8,34,'','08341157','RODA KARET ONLY LORI 10 M',1,32,116964,181818,200000,0,0,0,'y','2017-05-08 14:41:21','developer','0000-00-00 00:00:00','',0),(1158,8,34,'','08341158','RODA KARET ONLY LORI 6 M',1,32,57948,89091,98000,0,0,0,'y','2017-05-08 14:41:21','developer','0000-00-00 00:00:00','',0),(1159,8,34,'','08341159','RODA KARET ONLY LORI 8 M',1,32,76520,118182,130000,0,0,0,'y','2017-05-08 14:41:22','developer','0000-00-00 00:00:00','',0),(1160,8,34,'','08341160','RODA KARET TUSUK  5 X 58 MD HIDUP M',1,32,39525,80909,89000,0,0,0,'y','2017-05-08 14:41:22','developer','0000-00-00 00:00:00','',0),(1161,8,34,'','08341161','RODA KARET TUSUK  5 X 58 MD REM M',1,32,53165,100000,110000,0,0,0,'y','2017-05-08 14:41:22','developer','0000-00-00 00:00:00','',0),(1162,8,34,'','08341162','RODA KARET TUSUK  6 HD REM M',1,32,114773,238182,262000,0,0,0,'y','2017-05-08 14:41:22','developer','0000-00-00 00:00:00','',0),(1163,8,34,'','08341163','RODA NYLON 2.5 HIDUP SHENPAI',1,32,12476,41818,46000,0,0,0,'y','2017-05-08 14:41:22','developer','0000-00-00 00:00:00','',0),(1164,8,34,'','08341164','RODA NYLON 2.5 MATI SHENPAI',1,32,9818,35455,39001,0,0,0,'y','2017-05-08 14:41:22','developer','0000-00-00 00:00:00','',0),(1165,8,34,'','08341165','RODA NYLON 2 HIDUP SHENPAI',1,32,7696,26818,29500,0,0,0,'y','2017-05-08 14:41:22','developer','0000-00-00 00:00:00','',0),(1166,8,34,'','08341166','RODA NYLON 2 MATI SHENPAI',1,32,6136,22727,25000,0,0,0,'y','2017-05-08 14:41:22','developer','0000-00-00 00:00:00','',0),(1167,8,34,'','08341167','RODA NYLON 3 HIDUP SHENPAI',1,32,13296,44545,49000,0,0,0,'y','2017-05-08 14:41:22','developer','0000-00-00 00:00:00','',0),(1168,8,34,'','08341168','RODA NYLON 3 MATI SHENPAI',1,32,11250,39545,43500,0,0,0,'y','2017-05-08 14:41:23','developer','0000-00-00 00:00:00','',0),(1169,8,34,'','08341169','RODA NYLON 4 HIDUP SHENPAI',1,32,0,177727,195500,0,0,0,'y','2017-05-08 14:41:23','developer','0000-00-00 00:00:00','',0),(1170,8,34,'','08341170','RODA NYLON 4 MATI SHENPAI',1,32,0,160000,176000,0,0,0,'y','2017-05-08 14:41:23','developer','0000-00-00 00:00:00','',0),(1171,8,34,'','08341171','RODA NYLON 5 HIDUP SHENPAI',1,32,0,193182,212500,0,0,0,'y','2017-05-08 14:41:23','developer','0000-00-00 00:00:00','',0),(1172,8,34,'','08341172','RODA NYLON 5 MATI SHENPAI',1,32,0,173182,190500,0,0,0,'y','2017-05-08 14:41:23','developer','0000-00-00 00:00:00','',0),(1173,8,34,'','08341173','RODA NYLON 6 MATI SHENPAI',1,32,0,201818,222000,0,0,0,'y','2017-05-08 14:41:23','developer','0000-00-00 00:00:00','',0),(1174,8,34,'','08341174','RODA NYLON 8 HIDUP SHENPAI',1,32,0,252727,278000,0,0,0,'y','2017-05-08 14:41:23','developer','0000-00-00 00:00:00','',0),(1175,8,34,'','08341175','RODA NYLON 8 MATI SHENPAI',1,32,0,239091,263000,0,0,0,'y','2017-05-08 14:41:23','developer','0000-00-00 00:00:00','',0),(1176,8,34,'','08341176','RODA PLASTIK 3 HIDUP TOKIWA M',1,32,24618,38182,42000,0,0,0,'y','2017-05-08 14:41:23','developer','0000-00-00 00:00:00','',0),(1177,8,34,'','08341177','RODA PLASTIK 3 MATI TOKIWA M',1,32,19310,32727,36000,0,0,0,'y','2017-05-08 14:41:24','developer','0000-00-00 00:00:00','',0),(1178,8,34,'','08341178','RODA PLASTIK 3X2 BAUT 4PC TOKIWA M',1,32,0,142727,157000,0,0,0,'y','2017-05-08 14:41:24','developer','0000-00-00 00:00:00','',0),(1179,8,34,'','08341179','RODA PLASTIK 3X2 REM 4PC TOKIWA M',1,32,0,172273,189500,0,0,0,'y','2017-05-08 14:41:24','developer','0000-00-00 00:00:00','',0),(1180,8,34,'','08341180','RODA PLASTIK MATI 2 PTH MP316TOKIWA M',1,32,37922,58636,64500,0,0,0,'y','2017-05-08 14:41:24','developer','0000-00-00 00:00:00','',0),(1181,8,34,'','08341181','RODA PLASTIK PLAT 2 HTM HK505TOKIWA M',1,32,23994,37273,41000,0,0,0,'y','2017-05-08 14:41:24','developer','0000-00-00 00:00:00','',0),(1182,8,34,'','08341182','RODA PLASTIK PLAT 2 HTM HT508TOKIWA M',1,32,32352,50000,55000,0,0,0,'y','2017-05-08 14:41:24','developer','0000-00-00 00:00:00','',0),(1183,8,34,'','08341183','RODA PLASTIK PLAT 2 PTH PK808TOKIWA M',1,32,37247,57273,63000,0,0,0,'y','2017-05-08 14:41:24','developer','0000-00-00 00:00:00','',0),(1184,8,34,'','08341184','RODA PLASTIK TUSUK 2HTM KS503TOKIWA M',1,32,38373,59091,65000,0,0,0,'y','2017-05-08 14:41:24','developer','0000-00-00 00:00:00','',0),(1185,8,34,'','08341185','RODA PLASTIK TUSUK 2PTH TS803TOKIWA M',1,32,34884,59091,65000,0,0,0,'y','2017-05-08 14:41:24','developer','0000-00-00 00:00:00','',0),(1186,8,34,'','08341186','RODA PLASTIK TUSUKREM 2 SP707TOKIWA M',1,32,0,98636,108500,0,0,0,'y','2017-05-08 14:41:24','developer','0000-00-00 00:00:00','',0),(1187,8,34,'','08341187','RODA PLAT KECIL HITAM U302 SET UCHIWA M',1,32,18135,28182,31000,0,0,0,'y','2017-05-08 14:41:24','developer','0000-00-00 00:00:00','',0),(1188,8,34,'','08341188','RODA PNEUMATIC 10 BAN DALAM RRT',1,32,27273,39091,43000,0,0,0,'y','2017-05-08 14:41:24','developer','0000-00-00 00:00:00','',0),(1189,8,34,'','08341189','RODA PNEUMATIC 10 HIDUP RRT',1,32,148701,211364,232500,0,0,0,'y','2017-05-08 14:41:25','developer','0000-00-00 00:00:00','',0),(1190,8,34,'','08341190','RODA PNEUMATIC 10 MATI RRT',1,32,100000,146364,161000,0,0,0,'y','2017-05-08 14:41:25','developer','0000-00-00 00:00:00','',0),(1191,8,34,'','08341191','RODA PNEUMATIC 8 BAN DALAM RRT',1,32,18132,32727,36000,0,0,0,'y','2017-05-08 14:41:25','developer','0000-00-00 00:00:00','',0),(1192,8,34,'','08341192','RODA PNEUMATIC 8 HIDUP RRT',1,32,136364,195000,214500,0,0,0,'y','2017-05-08 14:41:25','developer','0000-00-00 00:00:00','',0),(1193,8,34,'','08341193','RODA PNEUMATIC 8 MATI RRT',1,32,89350,130000,143000,0,0,0,'y','2017-05-08 14:41:25','developer','0000-00-00 00:00:00','',0),(1194,8,34,'','08341194','RODA PU 3 HIDUP STAR ROLLAND',1,32,48682,85909,94500,0,0,0,'y','2017-05-08 14:41:25','developer','0000-00-00 00:00:00','',0),(1195,8,34,'','08341195','RODA PU 3 HIDUPREM STAR ROLLAND',1,32,71591,126818,139500,0,0,0,'y','2017-05-08 14:41:25','developer','0000-00-00 00:00:00','',0),(1196,8,34,'','08341196','RODA PU 3 MATI STAR ROLLAND',1,32,40974,77727,85500,0,0,0,'y','2017-05-08 14:41:25','developer','0000-00-00 00:00:00','',0),(1197,8,34,'','08341197','RODA PU 4 HIDUP STAR ROLLAND',1,32,58295,103636,114000,0,0,0,'y','2017-05-08 14:41:25','developer','0000-00-00 00:00:00','',0),(1198,8,34,'','08341198','RODA PU 4 HIDUPREM STAR ROLLAND',1,32,79772,138636,152500,0,0,0,'y','2017-05-08 14:41:26','developer','0000-00-00 00:00:00','',0),(1199,8,34,'','08341199','RODA PU 4 MATI STAR ROLLAND',1,32,47045,81364,89500,0,0,0,'y','2017-05-08 14:41:26','developer','0000-00-00 00:00:00','',0),(1200,8,35,'','08351200','DONGKRAK BOTOL 10T 387004 JASON',1,5,248181,338182,372000,0,0,0,'y','2017-05-08 14:41:26','developer','0000-00-00 00:00:00','',0),(1201,8,35,'','08351201','DONGKRAK BOTOL 20T 387006 JASON',1,5,413633,551818,607000,0,0,0,'y','2017-05-08 14:41:26','developer','0000-00-00 00:00:00','',0),(1202,8,35,'','08351202','DONGKRAK BOTOL 2T 387001 JASON',1,5,105000,150455,165501,0,0,0,'y','2017-05-08 14:41:26','developer','0000-00-00 00:00:00','',0),(1203,8,35,'','08351203','DONGKRAK BOTOL 30T 387007 JASON',1,5,890909,1120909,1233000,0,0,0,'y','2017-05-08 14:41:26','developer','0000-00-00 00:00:00','',0),(1204,8,35,'','08351204','DONGKRAK BOTOL 4T 387002 JASON',1,5,136819,196364,216000,0,0,0,'y','2017-05-08 14:41:26','developer','0000-00-00 00:00:00','',0),(1205,8,35,'','08351205','DONGKRAK BOTOL 6T 387003 JASON',1,5,178181,254545,280000,0,0,0,'y','2017-05-08 14:41:26','developer','0000-00-00 00:00:00','',0),(1206,8,35,'','08351206','DONGKRAK BUAYA 2T 387010 JASON',1,5,299091,373636,411000,0,0,0,'y','2017-05-08 14:41:26','developer','0000-00-00 00:00:00','',0),(1207,8,35,'8997018191528','08351207','GANJALAN DONGKRAK 3 TON 387052 JASON',1,5,122314,175455,193001,0,0,0,'y','2017-05-08 14:41:26','developer','0000-00-00 00:00:00','',0),(1208,8,35,'','08351208','DONGKRAK BOTOL 10T T91004 MELZER',1,9,299932,440000,484000,0,0,0,'y','2017-05-08 14:41:26','developer','0000-00-00 00:00:00','',0),(1209,8,35,'','08351209','DONGKRAK BOTOL 15T T91504 MELZER',1,9,377217,534545,588000,0,0,0,'y','2017-05-08 14:41:26','developer','0000-00-00 00:00:00','',0),(1210,8,35,'','08351210','DONGKRAK BOTOL 20T T92004 MELZER',1,9,600000,527273,580000,0,0,0,'y','2017-05-08 14:41:26','developer','0000-00-00 00:00:00','',0),(1211,8,35,'','08351211','DONGKRAK BOTOL 2T T90204 MELZER',1,9,144795,196364,216000,0,0,0,'y','2017-05-08 14:41:27','developer','0000-00-00 00:00:00','',0),(1212,8,35,'','08351212','DONGKRAK BOTOL 32T T93204 MELZER',1,9,956914,1714545,1886000,0,0,0,'y','2017-05-08 14:41:27','developer','0000-00-00 00:00:00','',0),(1213,8,35,'','08351213','DONGKRAK BOTOL 3T T90304 MELZER',1,9,175823,215455,237001,0,0,0,'y','2017-05-08 14:41:27','developer','0000-00-00 00:00:00','',0),(1214,8,36,'','08361214','CHAINHOIST ELECTRIC 1TX12M 387222 JASON',1,5,3579545,5367727,5904500,0,0,0,'y','2017-05-08 14:41:27','developer','0000-00-00 00:00:00','',0),(1215,8,36,'8994844000499','08361215','CHAINHOISTELECTRIC 0,5TX12M 387221JASON',1,5,1654545,2207273,2428000,0,0,0,'y','2017-05-08 14:41:27','developer','0000-00-00 00:00:00','',0),(1216,8,36,'','08361216','CHAINBLOCK 10TX10M MELZER',1,9,0,12761818,14038000,0,0,0,'y','2017-05-08 14:41:27','developer','0000-00-00 00:00:00','',0),(1217,8,36,'','08361217','CHAINBLOCK 10TX5M MELZER',1,9,3680818,6948182,7643000,0,0,0,'y','2017-05-08 14:41:27','developer','0000-00-00 00:00:00','',0),(1218,8,36,'','08361218','CHAINBLOCK 1TX3M MELZER',1,9,742350,1420000,1562000,0,0,0,'y','2017-05-08 14:41:27','developer','0000-00-00 00:00:00','',0),(1219,8,36,'','08361219','CHAINBLOCK 1TX5M MELZER',1,9,956681,1413636,1555000,0,0,0,'y','2017-05-08 14:41:27','developer','0000-00-00 00:00:00','',0),(1220,8,36,'','08361220','CHAINBLOCK 2TX3M MELZER',1,9,1060500,1979091,2177000,0,0,0,'y','2017-05-08 14:41:27','developer','0000-00-00 00:00:00','',0),(1221,8,36,'','08361221','CHAINBLOCK 2TX5M MELZER',1,9,1236406,1991818,2191000,0,0,0,'y','2017-05-08 14:41:27','developer','0000-00-00 00:00:00','',0),(1222,8,36,'','08361222','CHAINBLOCK 3TX10M MELZER',1,9,0,3255455,3581001,0,0,0,'y','2017-05-08 14:41:28','developer','0000-00-00 00:00:00','',0),(1223,8,36,'','08361223','CHAINBLOCK 3TX3M MELZER',1,9,1424100,2712727,2984000,0,0,0,'y','2017-05-08 14:41:28','developer','0000-00-00 00:00:00','',0),(1224,8,36,'','08361224','CHAINBLOCK 3TX5M MELZER',1,9,1654975,2719091,2991000,0,0,0,'y','2017-05-08 14:41:28','developer','0000-00-00 00:00:00','',0),(1225,8,36,'','08361225','CHAINBLOCK 5TX10M MELZER',1,9,0,6613636,7275000,0,0,0,'y','2017-05-08 14:41:28','developer','0000-00-00 00:00:00','',0),(1226,8,36,'','08361226','CHAINBLOCK 5TX3M MELZER',1,9,2020000,3807273,4188000,0,0,0,'y','2017-05-08 14:41:28','developer','0000-00-00 00:00:00','',0),(1227,8,36,'','08361227','CHAINBLOCK 5TX5M MELZER',1,9,2256000,3781818,4160000,0,0,0,'y','2017-05-08 14:41:28','developer','0000-00-00 00:00:00','',0),(1228,8,37,'','08371228','CARGO HOOK 1TON 387203 JASON',1,5,25455,30909,34000,0,0,0,'y','2017-05-08 14:41:28','developer','0000-00-00 00:00:00','',0),(1229,8,37,'','08371229','CARGO HOOK 2TON 387204 JASON',1,5,50909,65000,71500,0,0,0,'y','2017-05-08 14:41:28','developer','0000-00-00 00:00:00','',0),(1230,8,37,'','08371230','CARGO HOOK 3TON 387205 JASON',1,5,76364,113182,124500,0,0,0,'y','2017-05-08 14:41:28','developer','0000-00-00 00:00:00','',0),(1231,8,37,'','08371231','CARGO HOOK 500KG 387201 JASON',1,5,17500,23636,26000,0,0,0,'y','2017-05-08 14:41:28','developer','0000-00-00 00:00:00','',0),(1232,8,37,'','08371232','TALIPENGIKAT BAK TRUK 2X6M 385080JASON',1,5,135298,212273,233500,0,0,0,'y','2017-05-08 14:41:28','developer','0000-00-00 00:00:00','',0),(1233,8,37,'','08371233','TALIPENGIKAT BAK TRUK 2X8M 385081JASON',1,5,159091,246364,271000,0,0,0,'y','2017-05-08 14:41:29','developer','0000-00-00 00:00:00','',0),(1234,8,37,'8994844003971','08371234','TALIPENGIKAT BAKTRUK 2X10M 385082JASON',1,5,184546,285455,314001,0,0,0,'y','2017-05-08 14:41:29','developer','0000-00-00 00:00:00','',0),(1235,8,37,'8994844003988','08371235','TALIPENGIKAT BAKTRUK 2X12M 385083JASON',1,5,203636,315000,346500,0,0,0,'y','2017-05-08 14:41:29','developer','0000-00-00 00:00:00','',0),(1236,8,37,'','08371236','RANTAI PUTIH 12  M12 MODEL LONG',1,33,32753,86364,95000,0,0,0,'y','2017-05-08 14:41:29','developer','0000-00-00 00:00:00','',0),(1237,8,37,'','08371237','RANTAI PUTIH 14 M6 MODEL LONG',1,33,9739,28182,31000,0,0,0,'y','2017-05-08 14:41:29','developer','0000-00-00 00:00:00','',0),(1238,8,37,'','08371238','RANTAI PUTIH 18 M3 MODEL LONG',1,33,2961,12273,13500,0,0,0,'y','2017-05-08 14:41:29','developer','0000-00-00 00:00:00','',0),(1239,8,37,'','08371239','RANTAI PUTIH 316 M5 MODEL LONG',1,33,7285,19545,21500,0,0,0,'y','2017-05-08 14:41:29','developer','0000-00-00 00:00:00','',0),(1240,8,37,'','08371240','RANTAI PUTIH 34  M19 MODEL LONG',1,33,94795,241818,266000,0,0,0,'y','2017-05-08 14:41:29','developer','0000-00-00 00:00:00','',0),(1241,8,37,'','08371241','RANTAI PUTIH 38 M10 MODEL LONG',1,33,20454,61818,68000,0,0,0,'y','2017-05-08 14:41:29','developer','0000-00-00 00:00:00','',0),(1242,8,37,'','08371242','RANTAI PUTIH 516 M8 MODEL LONG',1,33,17181,45455,50001,0,0,0,'y','2017-05-08 14:41:29','developer','0000-00-00 00:00:00','',0),(1243,8,37,'','08371243','KAWAT SELING 12MM 6X37IWRC METER 1',1,34,4100,25000,27500,0,0,0,'y','2017-05-08 14:41:29','developer','0000-00-00 00:00:00','',0),(1244,8,37,'','08371244','KAWAT SELING 2MM 6X7 HC MTR',1,34,441,1364,1500,0,0,0,'y','2017-05-08 14:41:29','developer','0000-00-00 00:00:00','',0),(1245,8,37,'','08371245','KAWAT SELING 3MM 6X7 HC MTR',1,34,828,2273,2500,0,0,0,'y','2017-05-08 14:41:30','developer','0000-00-00 00:00:00','',0),(1246,8,37,'','08371246','KAWAT SELING 4MM 6X12HC MTR',1,34,1376,3182,3500,0,0,0,'y','2017-05-08 14:41:30','developer','0000-00-00 00:00:00','',0),(1247,8,37,'','08371247','KAWAT SELING 5MM 6X12HC METER 1',1,34,1446,4091,4500,0,0,0,'y','2017-05-08 14:41:30','developer','0000-00-00 00:00:00','',0),(1248,8,37,'','08371248','KAWAT SELING 6MM 6X12HC MTR',1,34,1699,5909,6500,0,0,0,'y','2017-05-08 14:41:30','developer','0000-00-00 00:00:00','',0),(1249,8,37,'','08371249','KAWAT SELING 6MM 6X37 IWRC METER 1',1,34,2776,13636,15000,0,0,0,'y','2017-05-08 14:41:30','developer','0000-00-00 00:00:00','',0),(1250,8,37,'','08371250','KAWAT SELING 8MM 6X12HC METER 1',1,34,2846,7727,8500,0,0,0,'y','2017-05-08 14:41:30','developer','0000-00-00 00:00:00','',0),(1251,8,37,'','08371251','KAWAT SELING 9MM 6X37 IWRC METER 1',1,34,6335,17727,19500,0,0,0,'y','2017-05-08 14:41:30','developer','0000-00-00 00:00:00','',0),(1252,8,37,'','08371252','KAWAT SELING PVC 2 X 3MM MTR',1,34,801,2273,2500,0,0,0,'y','2017-05-08 14:41:30','developer','0000-00-00 00:00:00','',0),(1253,8,37,'','08371253','KAWAT SELING PVC 3 X 5MM MTR',1,34,1561,4091,4500,0,0,0,'y','2017-05-08 14:41:30','developer','0000-00-00 00:00:00','',0),(1254,8,37,'','08371254','KAWAT SELING PVC 4 X 6 MM MTR',1,34,2204,5909,6500,0,0,0,'y','2017-05-08 14:41:30','developer','0000-00-00 00:00:00','',0),(1255,9,38,'','09381255','LAMPU LED BULB 10.585WE27 CDL PHL',1,35,41984,129091,142000,0,0,0,'y','2017-05-08 14:41:30','developer','0000-00-00 00:00:00','',0),(1256,9,38,'','09381256','LAMPU LED BULB 325WE27 CDL PHL',1,35,20163,57273,63000,0,0,0,'y','2017-05-08 14:41:30','developer','0000-00-00 00:00:00','',0),(1257,9,38,'','09381257','LAMPU LED BULB 325WE27 WW PHL',1,35,20163,57273,63000,0,0,0,'y','2017-05-08 14:41:31','developer','0000-00-00 00:00:00','',0),(1258,9,38,'','09381258','LAMPU LED BULB 440WE27 CDL PHL',1,35,23481,47727,52500,0,0,0,'y','2017-05-08 14:41:31','developer','0000-00-00 00:00:00','',0),(1259,9,38,'','09381259','LAMPU LED BULB 440WE27 WW PHL',1,35,24102,57273,63000,0,0,0,'y','2017-05-08 14:41:31','developer','0000-00-00 00:00:00','',0),(1260,9,38,'','09381260','LAMPU LED BULB 760WE27 CDL PHL',1,35,35704,68182,75000,0,0,0,'y','2017-05-08 14:41:31','developer','0000-00-00 00:00:00','',0),(1261,9,38,'','09381261','LAMPU LED BULB 7.560WE27 WW PHL',1,35,37089,77727,85500,0,0,0,'y','2017-05-08 14:41:31','developer','0000-00-00 00:00:00','',0),(1262,9,38,'','09381262','LAMPU LED BULB 970WE27 CDL PHL',1,35,28941,94545,104000,0,0,0,'y','2017-05-08 14:41:31','developer','0000-00-00 00:00:00','',0),(1263,9,38,'','09381263','LAMPU LED BULB 9.570WE27 WW PHL',1,35,54005,98636,108500,0,0,0,'y','2017-05-08 14:41:31','developer','0000-00-00 00:00:00','',0),(1264,9,39,'','09391264','FITTING 2 PCS 210 L BROCO',1,36,2174,5000,5500,0,0,0,'y','2017-05-08 14:41:31','developer','0000-00-00 00:00:00','',0),(1265,9,39,'','09391265','FITTING PLAFON 1210 BROCO',1,36,6936,8182,9000,0,0,0,'y','2017-05-08 14:41:31','developer','0000-00-00 00:00:00','',0),(1266,9,39,'','09391266','FITTING PLAFON 1211 BROCO',1,36,8890,10455,11501,0,0,0,'y','2017-05-08 14:41:31','developer','0000-00-00 00:00:00','',0),(1267,9,39,'','09391267','FITTING PLAFON LUX GRACIO 12101 BROCO',1,36,17992,21364,23500,0,0,0,'y','2017-05-08 14:41:32','developer','0000-00-00 00:00:00','',0),(1268,9,39,'','09391268','MCB C 10A 17310C BROCO',1,36,20141,22273,24500,0,0,0,'y','2017-05-08 14:41:32','developer','0000-00-00 00:00:00','',0),(1269,9,39,'','09391269','MCB C 16A 17316C BROCO',1,36,19845,22273,24500,0,0,0,'y','2017-05-08 14:41:32','developer','0000-00-00 00:00:00','',0),(1270,9,39,'','09391270','MCB C 20A 17320C BROCO',1,36,0,22273,24500,0,0,0,'y','2017-05-08 14:41:32','developer','0000-00-00 00:00:00','',0),(1271,9,39,'','09391271','MCB C 6A 17306C BROCO',1,36,19549,22273,24500,0,0,0,'y','2017-05-08 14:41:32','developer','0000-00-00 00:00:00','',0),(1272,9,39,'','09391272','DOWNLIGHT 2,5 66661 NICKEL 1X5W PHL',1,35,17117,27273,30000,0,0,0,'y','2017-05-08 14:41:32','developer','0000-00-00 00:00:00','',0),(1273,9,39,'','09391273','DOWNLIGHT 2,5 66661 WHITE 1X5W PHL',1,35,17112,27273,30000,0,0,0,'y','2017-05-08 14:41:32','developer','0000-00-00 00:00:00','',0),(1274,9,39,'','09391274','DOWNLIGHT 2XPLC2P13W WH FBH031 PHL',1,35,0,98182,108000,0,0,0,'y','2017-05-08 14:41:32','developer','0000-00-00 00:00:00','',0),(1275,9,39,'','09391275','DOWNLIGHT 3,5 66663 NICKEL 1X11W PHL',1,35,28132,44545,49000,0,0,0,'y','2017-05-08 14:41:32','developer','0000-00-00 00:00:00','',0),(1276,9,39,'','09391276','DOWNLIGHT 3,5 66663 WHITE 1X11W PHL',1,35,27336,42727,47000,0,0,0,'y','2017-05-08 14:41:32','developer','0000-00-00 00:00:00','',0),(1277,9,39,'','09391277','DOWNLIGHT 3 GLASS 13802 NCKEL 1X9W PHL',1,35,34143,59545,65500,0,0,0,'y','2017-05-08 14:41:32','developer','0000-00-00 00:00:00','',0),(1278,9,39,'','09391278','DOWNLIGHT 3 GLASS 13802 WHITE 1X9W PHL',1,35,34362,59545,65500,0,0,0,'y','2017-05-08 14:41:32','developer','0000-00-00 00:00:00','',0),(1279,9,39,'','09391279','DOWNLIGHT 3 66662 NICKEL 1X9W PHL',1,35,22762,33636,37000,0,0,0,'y','2017-05-08 14:41:32','developer','0000-00-00 00:00:00','',0),(1280,9,39,'','09391280','DOWNLIGHT 3 66662 WHITE 1X9W PHL',1,35,22519,32727,36000,0,0,0,'y','2017-05-08 14:41:33','developer','0000-00-00 00:00:00','',0),(1281,9,39,'','09391281','DOWNLIGHT 4 GLASS 13804 NCKEL 1X18W PHL',1,35,43291,67727,74500,0,0,0,'y','2017-05-08 14:41:33','developer','0000-00-00 00:00:00','',0),(1282,9,39,'','09391282','DOWNLIGHT 4 GLASS 13804 WHITE 1X18W PHL',1,35,43257,67727,74500,0,0,0,'y','2017-05-08 14:41:33','developer','0000-00-00 00:00:00','',0),(1283,9,39,'','09391283','DOWNLIGHT 4 66664 NICKEL 1X18W PHL',1,35,34142,53636,59000,0,0,0,'y','2017-05-08 14:41:33','developer','0000-00-00 00:00:00','',0),(1284,9,39,'','09391284','DOWNLIGHT 4 66664 WHITE 1X18W PHL',1,35,34129,53636,59000,0,0,0,'y','2017-05-08 14:41:33','developer','0000-00-00 00:00:00','',0),(1285,9,39,'','09391285','DOWNLIGHT3,5 GLASS13803 NCKEL 1X11W PHL',1,35,34418,53636,59000,0,0,0,'y','2017-05-08 14:41:33','developer','0000-00-00 00:00:00','',0),(1286,9,39,'','09391286','DOWNLIGHT3,5 GLASS13803 WHITE 1X11W PHL',1,35,34130,53636,59000,0,0,0,'y','2017-05-08 14:41:33','developer','0000-00-00 00:00:00','',0),(1287,9,40,'','09401287','BATTERY 1012 AAABP4 MERAH EVEREADY',1,37,5021,6818,7500,0,0,0,'y','2017-05-08 14:41:33','developer','0000-00-00 00:00:00','',0),(1288,9,40,'','09401288','BATTERY 1015 AA4 MRH EVEREADY',1,37,4633,8182,9000,0,0,0,'y','2017-05-08 14:41:33','developer','0000-00-00 00:00:00','',0),(1289,9,40,'','09401289','BATTERY 1212 AAABP4 HITAM EVEREADY',1,37,6162,10455,11501,0,0,0,'y','2017-05-08 14:41:33','developer','0000-00-00 00:00:00','',0),(1290,9,40,'','09401290','BATTERY 1215 AA12 HTM EVEREADY',1,37,18343,25909,28500,0,0,0,'y','2017-05-08 14:41:33','developer','0000-00-00 00:00:00','',0),(1291,9,40,'','09401291','BATTERY 1215 AA4 HTM EVEREADY',1,37,6114,9545,10500,0,0,0,'y','2017-05-08 14:41:33','developer','0000-00-00 00:00:00','',0),(1292,9,41,'','09411292','KABEL NYA 1X1.5MM HITAM ETERNA MTR',1,38,1473,2727,3000,0,0,0,'y','2017-05-08 14:41:33','developer','0000-00-00 00:00:00','',0),(1293,9,41,'','09411293','KABEL NYA 1X2.5MM HITAM ETERNA MTR',1,38,2094,3636,4000,0,0,0,'y','2017-05-08 14:41:34','developer','0000-00-00 00:00:00','',0),(1294,9,41,'','09411294','KABEL NYM 2X1.5MM ETERNA MTR',1,38,4854,6818,7500,0,0,0,'y','2017-05-08 14:41:34','developer','0000-00-00 00:00:00','',0),(1295,9,41,'','09411295','KABEL NYM 2X2.5MM ETERNA MTR',1,38,6478,8182,9000,0,0,0,'y','2017-05-08 14:41:34','developer','0000-00-00 00:00:00','',0),(1296,9,41,'','09411296','KABEL NYM 3X1.5MM ETERNA MTR',1,38,5820,7727,8500,0,0,0,'y','2017-05-08 14:41:34','developer','0000-00-00 00:00:00','',0),(1297,9,41,'','09411297','KABEL NYM 3X2.5MM ETERNA MTR',1,38,8543,10909,12000,0,0,0,'y','2017-05-08 14:41:34','developer','0000-00-00 00:00:00','',0),(1298,9,41,'','09411298','KABEL NYY 2X1.5MM ETERNA MTR',1,38,6960,8182,9000,0,0,0,'y','2017-05-08 14:41:34','developer','0000-00-00 00:00:00','',0),(1299,9,41,'','09411299','KABEL NYY 2X2.5MM ETERNA MTR',1,38,8915,11364,12500,0,0,0,'y','2017-05-08 14:41:34','developer','0000-00-00 00:00:00','',0),(1300,9,41,'','09411300','KABEL NYY 3X1.5MM ETERNA MTR',1,38,8580,10455,11501,0,0,0,'y','2017-05-08 14:41:34','developer','0000-00-00 00:00:00','',0),(1301,9,41,'','09411301','KABEL NYY 3X2.5 ETERNA MTR',1,38,10870,13636,15000,0,0,0,'y','2017-05-08 14:41:34','developer','0000-00-00 00:00:00','',0),(1302,9,41,'','09411302','KABEL NYYHYNYMHYO 2X0.75MM ETERNA MTR',1,38,3215,4545,5000,0,0,0,'y','2017-05-08 14:41:34','developer','0000-00-00 00:00:00','',0),(1303,9,41,'','09411303','KABEL NYYHYNYMHYO 2X1.5MM ETERNA MTR',1,38,5510,6818,7500,0,0,0,'y','2017-05-08 14:41:34','developer','0000-00-00 00:00:00','',0),(1304,9,41,'','09411304','KABEL NYYHYNYMHYO 3X0.75MM ETERNA MTR',1,38,5170,6818,7500,0,0,0,'y','2017-05-08 14:41:34','developer','0000-00-00 00:00:00','',0),(1305,9,41,'','09411305','KABEL NYYHYNYMHYO 3X1.5MM ETERNA MTR',1,38,7605,9545,10500,0,0,0,'y','2017-05-08 14:41:34','developer','0000-00-00 00:00:00','',0),(1306,9,41,'','09411306','KABEL ROL 10MLAMP CR2810 UTICON',1,39,106200,178182,196000,0,0,0,'y','2017-05-08 14:41:34','developer','0000-00-00 00:00:00','',0),(1307,9,41,'','09411307','KABEL ROL 15MLAMP CR2815 UTICON',1,39,132960,222273,244500,0,0,0,'y','2017-05-08 14:41:34','developer','0000-00-00 00:00:00','',0),(1308,9,42,'','09421308','SAKLAR SIMPLY 1G 2WAY SWITCH WHT PHL',1,35,13962,25455,28001,0,0,0,'y','2017-05-08 14:41:35','developer','0000-00-00 00:00:00','',0),(1309,9,42,'','09421309','SAKLAR SIMPLY 1G SWITCH WHT BL PHL',1,35,12441,19545,21500,0,0,0,'y','2017-05-08 14:41:35','developer','0000-00-00 00:00:00','',0),(1310,9,42,'','09421310','SAKLAR SIMPLY 1G SWITCH WHT PHL',1,35,11119,16818,18500,0,0,0,'y','2017-05-08 14:41:35','developer','0000-00-00 00:00:00','',0),(1311,9,42,'','09421311','SAKLAR SIMPLY 1G2WAY SWITCH WHT BL PHL',1,35,17706,26818,29500,0,0,0,'y','2017-05-08 14:41:35','developer','0000-00-00 00:00:00','',0),(1312,9,42,'','09421312','SAKLAR SIMPLY 2G SWITCH WHT BL PHL',1,35,19890,30000,33000,0,0,0,'y','2017-05-08 14:41:35','developer','0000-00-00 00:00:00','',0),(1313,9,42,'','09421313','SAKLAR SIMPLY 2G SWITCH WHT PHL',1,35,17952,27273,30000,0,0,0,'y','2017-05-08 14:41:35','developer','0000-00-00 00:00:00','',0),(1314,9,42,'','09421314','SAKLAR ENGKEL CATANIA8161117GCRM BROCO',1,36,0,37273,41000,0,0,0,'y','2017-05-08 14:41:35','developer','0000-00-00 00:00:00','',0),(1315,9,42,'','09421315','SAKLAR ENGKEL CATANIA8161559SWHT BROCO',1,36,0,25909,28500,0,0,0,'y','2017-05-08 14:41:35','developer','0000-00-00 00:00:00','',0),(1316,9,42,'','09421316','SAKLAR ENGKEL GALLEO G16152 PINK BROCO',1,36,11360,13636,15000,0,0,0,'y','2017-05-08 14:41:35','developer','0000-00-00 00:00:00','',0),(1317,9,42,'','09421317','SAKLAR ENGKEL GALLEO G16154 BLUE BROCO',1,36,11359,13636,15000,0,0,0,'y','2017-05-08 14:41:35','developer','0000-00-00 00:00:00','',0),(1318,9,42,'','09421318','SAKLAR ENGKEL GALLEO G16155S WHT BROCO',1,36,8787,10000,11000,0,0,0,'y','2017-05-08 14:41:35','developer','0000-00-00 00:00:00','',0),(1319,9,42,'','09421319','SAKLAR ENGKEL GRACIO 416111 CRM BROCO',1,36,8531,10000,11000,0,0,0,'y','2017-05-08 14:41:36','developer','0000-00-00 00:00:00','',0),(1320,9,42,'','09421320','SAKLAR SERI CATANIA 8162117 GCRM BROCO',1,36,0,39091,43000,0,0,0,'y','2017-05-08 14:41:36','developer','0000-00-00 00:00:00','',0),(1321,9,42,'','09421321','SAKLAR SERI CATANIA 8162559 SWHT BROCO',1,36,0,27727,30500,0,0,0,'y','2017-05-08 14:41:36','developer','0000-00-00 00:00:00','',0),(1322,9,42,'','09421322','SAKLAR SERI GALLEO G16254 BLUE BROCO',1,36,15579,18182,20000,0,0,0,'y','2017-05-08 14:41:36','developer','0000-00-00 00:00:00','',0),(1323,9,42,'','09421323','SAKLAR SERI GALLEO G16255S WHT BROCO',1,36,12475,14545,16000,0,0,0,'y','2017-05-08 14:41:36','developer','0000-00-00 00:00:00','',0),(1324,9,42,'','09421324','SAKLAR SERI GALLEO G16256 PRPL BROCO',1,36,15128,18182,20000,0,0,0,'y','2017-05-08 14:41:36','developer','0000-00-00 00:00:00','',0),(1325,9,42,'','09421325','SAKLAR SERI GRACIO 416211 CRM BROCO',1,36,12298,14545,16000,0,0,0,'y','2017-05-08 14:41:36','developer','0000-00-00 00:00:00','',0),(1326,9,42,'','09421326','SAKLAR SERI GRACIO 416255 WHT BROCO',1,36,12668,14545,16000,0,0,0,'y','2017-05-08 14:41:36','developer','0000-00-00 00:00:00','',0),(1327,9,42,'','09421327','SAKLAR SERI HT PLANO E16455S WHT BROCO',1,36,0,30455,33501,0,0,0,'y','2017-05-08 14:41:36','developer','0000-00-00 00:00:00','',0),(1328,9,42,'','09421328','SAKLAR SERI PLANO E16255S WHT BROCO',1,36,18717,20909,23000,0,0,0,'y','2017-05-08 14:41:36','developer','0000-00-00 00:00:00','',0),(1329,9,42,'','09421329','SAKLAR TRIPLE PLANO E16N55S WHT BROCO',1,36,36222,40909,45000,0,0,0,'y','2017-05-08 14:41:36','developer','0000-00-00 00:00:00','',0),(1330,9,42,'','09421330','STOP KONTAK CATANIA 8151117 GCRM BROCO',1,36,24340,29545,32500,0,0,0,'y','2017-05-08 14:41:37','developer','0000-00-00 00:00:00','',0),(1331,9,42,'','09421331','STOP KONTAK CATANIA8151559 SWHT BROCO',1,36,18250,20909,23000,0,0,0,'y','2017-05-08 14:41:37','developer','0000-00-00 00:00:00','',0),(1332,9,42,'','09421332','STOP KONTAK CP CATA 8154117 GCRM BROCO',1,36,48471,41818,46000,0,0,0,'y','2017-05-08 14:41:37','developer','0000-00-00 00:00:00','',0),(1333,9,42,'','09421333','STOP KONTAK CP GALLEO G15452 PINK BROCO',1,36,0,18182,20000,0,0,0,'y','2017-05-08 14:41:37','developer','0000-00-00 00:00:00','',0),(1334,9,42,'','09421334','STOP KONTAK CP GALLEO G15454 BLUE BROCO',1,36,16240,18182,20000,0,0,0,'y','2017-05-08 14:41:37','developer','0000-00-00 00:00:00','',0),(1335,9,42,'','09421335','STOP KONTAK CP GALLEO G15455S WHT BROCO',1,36,13322,15909,17500,0,0,0,'y','2017-05-08 14:41:37','developer','0000-00-00 00:00:00','',0),(1336,9,42,'','09421336','STOP KONTAK CP GRACIO 415411 CRM BROCO',1,36,12933,15000,16500,0,0,0,'y','2017-05-08 14:41:37','developer','0000-00-00 00:00:00','',0),(1337,9,42,'','09421337','STOP KONTAK CP GRACIO 415455 WHT BROCO',1,36,12933,15000,16500,0,0,0,'y','2017-05-08 14:41:37','developer','0000-00-00 00:00:00','',0),(1338,9,42,'','09421338','STOP KONTAK DBL GRACIO 1532011CRM BROCO',1,36,18083,21818,24000,0,0,0,'y','2017-05-08 14:41:37','developer','0000-00-00 00:00:00','',0),(1339,9,42,'','09421339','STOP KONTAK DBL GRACIO 1532055WHT BROCO',1,36,18627,21818,24000,0,0,0,'y','2017-05-08 14:41:37','developer','0000-00-00 00:00:00','',0),(1340,9,42,'','09421340','STOP KONTAK GALLEO G15152 PINK BROCO',1,36,11886,13636,15000,0,0,0,'y','2017-05-08 14:41:38','developer','0000-00-00 00:00:00','',0),(1341,9,42,'','09421341','STOP KONTAK GALLEO G15154 BLUE BROCO',1,36,12244,13636,15000,0,0,0,'y','2017-05-08 14:41:38','developer','0000-00-00 00:00:00','',0),(1342,9,42,'','09421342','STOP KONTAK GALLEO G15155S WHT BROCO',1,36,9197,10455,11501,0,0,0,'y','2017-05-08 14:41:38','developer','0000-00-00 00:00:00','',0),(1343,9,42,'','09421343','STOP KONTAK ARDE 1,5M ST1482 UTICON',1,39,0,63636,70000,0,0,0,'y','2017-05-08 14:41:38','developer','0000-00-00 00:00:00','',0),(1344,9,42,'','09421344','STOP KONTAK ARDE 1,5M ST1582 UTICON',1,39,48300,69091,76000,0,0,0,'y','2017-05-08 14:41:38','developer','0000-00-00 00:00:00','',0),(1345,9,42,'','09421345','STOP KONTAK ARDE 1,5M ST1682 UTICON',1,39,52010,75000,82500,0,0,0,'y','2017-05-08 14:41:38','developer','0000-00-00 00:00:00','',0),(1346,9,42,'','09421346','STOP KONTAK ARDE 3LB ST1382 UTICON',1,39,40670,58636,64500,0,0,0,'y','2017-05-08 14:41:38','developer','0000-00-00 00:00:00','',0),(1347,9,42,'','09421347','STOP KONTAK ARDE SW 4LB ST1468 UTICON',1,39,48300,69545,76500,0,0,0,'y','2017-05-08 14:41:38','developer','0000-00-00 00:00:00','',0),(1348,9,42,'','09421348','STOP KONTAK ARDE SW 6LB ST1668 UTICON',1,39,56000,80909,89000,0,0,0,'y','2017-05-08 14:41:38','developer','0000-00-00 00:00:00','',0),(1349,9,42,'','09421349','STOP KONTAK MULTI EXT 4M 148CR UTICON',1,39,61600,88636,97500,0,0,0,'y','2017-05-08 14:41:38','developer','0000-00-00 00:00:00','',0),(1350,9,42,'','09421350','STOP KONTAK SW 3LB ST1382SW UTICON',1,39,64400,92727,102000,0,0,0,'y','2017-05-08 14:41:38','developer','0000-00-00 00:00:00','',0),(1351,9,42,'','09421351','STOP KONTAK SW 4LB ST1482SW UTICON',1,39,75670,108636,119500,0,0,0,'y','2017-05-08 14:41:38','developer','0000-00-00 00:00:00','',0),(1352,9,42,'','09421352','STOP KONTAK SW 5LB ST1582SW UTICON',1,39,88200,126818,139500,0,0,0,'y','2017-05-08 14:41:39','developer','0000-00-00 00:00:00','',0),(1353,9,42,'','09421353','STOP KONTAK SW 6LB ST1682SW UTICON',1,39,100240,144091,158500,0,0,0,'y','2017-05-08 14:41:39','developer','0000-00-00 00:00:00','',0),(1354,9,42,'','09421354','STEKER ARDE 2PCS S28BL UTICON',1,39,13005,19091,21000,0,0,0,'y','2017-05-08 14:41:39','developer','0000-00-00 00:00:00','',0),(1355,9,42,'','09421355','STEKER T ARDE SC38BL UTICON',1,39,15683,24091,26500,0,0,0,'y','2017-05-08 14:41:39','developer','0000-00-00 00:00:00','',0),(1356,9,42,'','09421356','STOP KONTAK ARDE 2LB ST128BL UTICON',1,39,9180,14091,15500,0,0,0,'y','2017-05-08 14:41:39','developer','0000-00-00 00:00:00','',0),(1357,9,42,'','09421357','STOP KONTAK ARDE 3LB ST138BL UTICON',1,39,13005,19091,21000,0,0,0,'y','2017-05-08 14:41:39','developer','0000-00-00 00:00:00','',0),(1358,9,42,'','09421358','STOP KONTAK ARDE 4LB ST148PL UTICON',1,39,16406,25000,27500,0,0,0,'y','2017-05-08 14:41:39','developer','0000-00-00 00:00:00','',0),(1359,9,42,'','09421359','STOP KONTAK ARDE 5LB ST158BL UTICON',1,39,19890,30000,33000,0,0,0,'y','2017-05-08 14:41:39','developer','0000-00-00 00:00:00','',0),(1360,9,37,'8997018198084','09371360','KABEL TIE 100MM HIJAU 386075 100PCJASON',1,5,4455,6818,7500,0,0,0,'y','2017-05-08 14:41:39','developer','0000-00-00 00:00:00','',0),(1361,9,37,'8997018198039','09371361','KABEL TIE 100MM KNG 386070 100PC JASON',1,5,4454,6818,7500,0,0,0,'y','2017-05-08 14:41:39','developer','0000-00-00 00:00:00','',0),(1362,9,37,'','09371362','KABEL TIE 100MM MERAH 386065 100PCJASON',1,5,4454,6818,7500,0,0,0,'y','2017-05-08 14:41:39','developer','0000-00-00 00:00:00','',0),(1363,9,37,'8997018197933','09371363','KABEL TIE 100MM PUTIH 386035 100PCJASON',1,5,4455,6818,7500,0,0,0,'y','2017-05-08 14:41:40','developer','0000-00-00 00:00:00','',0),(1364,9,37,'','09371364','KABEL TIE 10CM WARNA WARNI 386031 JASON',1,5,12408,20000,22000,0,0,0,'y','2017-05-08 14:41:40','developer','0000-00-00 00:00:00','',0),(1365,9,37,'','09371365','KABEL TIE 150MM 5WRN 386032 250PC JASON',1,5,21937,38636,42500,0,0,0,'y','2017-05-08 14:41:40','developer','0000-00-00 00:00:00','',0),(1366,9,37,'8997018198091','09371366','KABEL TIE 150MM HIJAU 386076 100PCJASON',1,5,6681,10455,11501,0,0,0,'y','2017-05-08 14:41:40','developer','0000-00-00 00:00:00','',0),(1367,9,37,'8997018198046','09371367','KABEL TIE 150MM KNG 386071 100PC JASON',1,5,6681,10455,11501,0,0,0,'y','2017-05-08 14:41:40','developer','0000-00-00 00:00:00','',0),(1368,9,37,'','09371368','KABEL TIE 150MM MERAH 386066 100PCJASON',1,5,6683,10455,11501,0,0,0,'y','2017-05-08 14:41:40','developer','0000-00-00 00:00:00','',0),(1369,9,37,'8997018197940','09371369','KABEL TIE 150MM PUTIH 386061 100PCJASON',1,5,6443,10455,11501,0,0,0,'y','2017-05-08 14:41:40','developer','0000-00-00 00:00:00','',0),(1370,9,37,'','09371370','KABEL TIE 200MM 5WRN 386033 100PC JASON',1,5,19886,34545,38000,0,0,0,'y','2017-05-08 14:41:40','developer','0000-00-00 00:00:00','',0),(1371,9,37,'8997018198107','09371371','KABEL TIE 200MM HIJAU 386077 100PCJASON',1,5,14000,20909,23000,0,0,0,'y','2017-05-08 14:41:40','developer','0000-00-00 00:00:00','',0),(1372,9,37,'8997018198053','09371372','KABEL TIE 200MM KNG 386072 100PC JASON',1,5,14000,20909,23000,0,0,0,'y','2017-05-08 14:41:40','developer','0000-00-00 00:00:00','',0),(1373,9,37,'','09371373','KABEL TIE 200MM MERAH 386067 100PCJASON',1,5,14000,20909,23000,0,0,0,'y','2017-05-08 14:41:40','developer','0000-00-00 00:00:00','',0),(1374,9,37,'8997018197957','09371374','KABEL TIE 200MM PUTIH 386062 100PCJASON',1,5,14000,20909,23000,0,0,0,'y','2017-05-08 14:41:40','developer','0000-00-00 00:00:00','',0),(1375,9,37,'','09371375','KABEL TIE 250MM 5WRN 386034 50PC JASON',1,5,18181,30909,34000,0,0,0,'y','2017-05-08 14:41:41','developer','0000-00-00 00:00:00','',0),(1376,9,37,'8997018198114','09371376','KABEL TIE 250MM HIJAU 386078 100PCJASON',1,5,24181,35455,39001,0,0,0,'y','2017-05-08 14:41:41','developer','0000-00-00 00:00:00','',0),(1377,9,37,'8997018198060','09371377','KABEL TIE 250MM KNG 386073 100PC JASON',1,5,24181,35455,39001,0,0,0,'y','2017-05-08 14:41:41','developer','0000-00-00 00:00:00','',0),(1378,9,37,'','09371378','KABEL TIE 250MM MERAH 386068 100PCJASON',1,5,24182,35455,39001,0,0,0,'y','2017-05-08 14:41:41','developer','0000-00-00 00:00:00','',0),(1379,9,37,'8997018197964','09371379','KABEL TIE 250MM PUTIH 386063 100PCJASON',1,5,24182,35455,39001,0,0,0,'y','2017-05-08 14:41:41','developer','0000-00-00 00:00:00','',0),(1380,9,37,'8997018198121','09371380','KABEL TIE 300MM HIJAU 386079 100PCJASON',1,5,27364,40000,44000,0,0,0,'y','2017-05-08 14:41:41','developer','0000-00-00 00:00:00','',0),(1381,9,37,'8997018198077','09371381','KABEL TIE 300MM KNG 386074 100PC JASON',1,5,27364,40000,44000,0,0,0,'y','2017-05-08 14:41:41','developer','0000-00-00 00:00:00','',0),(1382,9,37,'','09371382','KABEL TIE 300MM MERAH 386069 100PCJASON',1,5,27364,40000,44000,0,0,0,'y','2017-05-08 14:41:41','developer','0000-00-00 00:00:00','',0),(1383,9,37,'8997018197971','09371383','KABEL TIE 300MM PUTIH 386064 100PCJASON',1,5,27364,40000,44000,0,0,0,'y','2017-05-08 14:41:41','developer','0000-00-00 00:00:00','',0),(1384,9,37,'','09371384','ISOLASI LISTRIK HITAM 18M 394020 JASON',1,5,5408,8636,9500,0,0,0,'y','2017-05-08 14:41:41','developer','0000-00-00 00:00:00','',0),(1385,9,37,'','09371385','KLEM KABEL 10MM 100 PCS IMUNDEX',1,40,98,14091,15500,0,0,0,'y','2017-05-08 14:41:42','developer','0000-00-00 00:00:00','',0),(1386,9,37,'','09371386','KLEM KABEL 12MM 100 PCS IMUNDEX',1,40,96,25909,28500,0,0,0,'y','2017-05-08 14:41:42','developer','0000-00-00 00:00:00','',0),(1387,9,37,'','09371387','KLEM KABEL 14MM 100 PCS IMUNDEX',1,40,120,34091,37500,0,0,0,'y','2017-05-08 14:41:42','developer','0000-00-00 00:00:00','',0),(1388,9,37,'','09371388','KLEM KABEL 22MM 100 PCS IMUNDEX',1,40,276,40909,45000,0,0,0,'y','2017-05-08 14:41:42','developer','0000-00-00 00:00:00','',0),(1389,9,37,'','09371389','KLEM KABEL 3MM 100 PCS IMUNDEX',1,40,35,7273,8000,0,0,0,'y','2017-05-08 14:41:42','developer','0000-00-00 00:00:00','',0),(1390,9,37,'','09371390','KLEM KABEL 4MM 100 PCS IMUNDEX',1,40,46,8182,9000,0,0,0,'y','2017-05-08 14:41:42','developer','0000-00-00 00:00:00','',0),(1391,9,37,'','09371391','KLEM KABEL 5MM 100 PCS IMUNDEX',1,40,52,8182,9000,0,0,0,'y','2017-05-08 14:41:42','developer','0000-00-00 00:00:00','',0),(1392,9,37,'','09371392','KLEM KABEL 6MM 100 PCS IMUNDEX',1,40,56,8636,9500,0,0,0,'y','2017-05-08 14:41:42','developer','0000-00-00 00:00:00','',0),(1393,9,37,'','09371393','KLEM KABEL 7MM 100 PCS IMUNDEX',1,40,61,9091,10000,0,0,0,'y','2017-05-08 14:41:42','developer','0000-00-00 00:00:00','',0),(1394,9,37,'','09371394','KLEM KABEL 8MM 100 PCS IMUNDEX',1,40,82,12273,13500,0,0,0,'y','2017-05-08 14:41:42','developer','0000-00-00 00:00:00','',0),(1395,9,37,'','09371395','KLEM KABEL 9MM 100 PCS IMUNDEX',1,40,87,12727,14000,0,0,0,'y','2017-05-08 14:41:43','developer','0000-00-00 00:00:00','',0),(1396,10,43,'','10431396','TILE 30X30 FORSA CREAM A ASIA',1,41,35281,40545,44600,0,0,0,'y','2017-05-08 14:41:43','developer','0000-00-00 00:00:00','',0),(1397,10,43,'','10431397','TILE 30X30 FORSA GREEN A ASIA',1,41,35644,40545,44600,0,0,0,'y','2017-05-08 14:41:43','developer','0000-00-00 00:00:00','',0),(1398,10,43,'','10431398','TILE 30X30 HALCON CREAM ASIA',1,41,36590,41545,45700,0,0,0,'y','2017-05-08 14:41:43','developer','0000-00-00 00:00:00','',0),(1399,10,43,'','10431399','TILE 30X30 RAMOS CREAM A ASIA',1,41,25355,40545,44600,0,0,0,'y','2017-05-08 14:41:44','developer','0000-00-00 00:00:00','',0),(1400,10,43,'','10431400','TILE 30X30 RAMOS GREY A ASIA',1,41,36106,40545,44600,0,0,0,'y','2017-05-08 14:41:44','developer','0000-00-00 00:00:00','',0),(1401,10,43,'','10431401','TILE 30X30 WINSTON CREAM ASIA',1,41,34889,40545,44600,0,0,0,'y','2017-05-08 14:41:44','developer','0000-00-00 00:00:00','',0),(1402,10,43,'','10431402','TILE 30X30 WINSTON GREY ASIA',1,41,36093,40545,44600,0,0,0,'y','2017-05-08 14:41:44','developer','0000-00-00 00:00:00','',0),(1403,10,43,'','10431403','TILE 40X40 GALILEO CREAM A ASIA',1,41,41740,46545,51200,0,0,0,'y','2017-05-08 14:41:44','developer','0000-00-00 00:00:00','',0),(1404,10,43,'','10431404','TILE 40X40 GALILEO GREEN A ASIA',1,41,0,46545,51200,0,0,0,'y','2017-05-08 14:41:44','developer','0000-00-00 00:00:00','',0),(1405,10,43,'','10431405','TILE 40X40 GALILEO GREY A ASIA',1,41,41943,46545,51200,0,0,0,'y','2017-05-08 14:41:45','developer','0000-00-00 00:00:00','',0),(1406,10,43,'','10431406','TILE 40X40 WOOD BROWN ASIA',1,41,36506,50091,55100,0,0,0,'y','2017-05-08 14:41:45','developer','0000-00-00 00:00:00','',0),(1407,10,43,'','10431407','TILE 40X40 WOOD LATTE A ASIA',1,41,37851,50091,55100,0,0,0,'y','2017-05-08 14:41:45','developer','0000-00-00 00:00:00','',0),(1408,10,43,'','10431408','TILE 20X20 ALPHA BLACK A ASIA',1,41,37198,42455,46701,0,0,0,'y','2017-05-08 14:41:45','developer','0000-00-00 00:00:00','',0),(1409,10,43,'','10431409','TILE 20X20 ALPHA BLUE A ASIA',1,41,38688,45000,49500,0,0,0,'y','2017-05-08 14:41:45','developer','0000-00-00 00:00:00','',0),(1410,10,43,'','10431410','TILE 20X20 ALPHA CREAM A ASIA',1,41,37513,42455,46701,0,0,0,'y','2017-05-08 14:41:45','developer','0000-00-00 00:00:00','',0),(1411,10,43,'','10431411','TILE 20X20 ALPHA GREEN A ASIA',1,41,40682,45000,49500,0,0,0,'y','2017-05-08 14:41:45','developer','0000-00-00 00:00:00','',0),(1412,10,43,'','10431412','TILE 20X20 ALPHA GREY A ASIA',1,41,37908,42455,46701,0,0,0,'y','2017-05-08 14:41:46','developer','0000-00-00 00:00:00','',0),(1413,10,43,'','10431413','TILE 20X20 ALPHA WHITE A ASIA',1,41,36591,42455,46701,0,0,0,'y','2017-05-08 14:41:46','developer','0000-00-00 00:00:00','',0),(1414,10,43,'','10431414','TILE 20X20 BUBBLE BLUE A ASIA',1,41,38227,45000,49500,0,0,0,'y','2017-05-08 14:41:46','developer','0000-00-00 00:00:00','',0),(1415,10,43,'','10431415','TILE 20X20 BUBBLE CREAM A ASIA',1,41,36997,45000,49500,0,0,0,'y','2017-05-08 14:41:46','developer','0000-00-00 00:00:00','',0),(1416,10,43,'','10431416','TILE 20X20 BUBBLE GREEN A ASIA',1,41,36194,45000,49500,0,0,0,'y','2017-05-08 14:41:46','developer','0000-00-00 00:00:00','',0),(1417,10,43,'','10431417','TILE 20X20 BUBBLE PURPLE A ASIA',1,41,38658,45000,49500,0,0,0,'y','2017-05-08 14:41:46','developer','0000-00-00 00:00:00','',0),(1418,10,43,'','10431418','TILE 20X20 GALAXY BLACK A ASIA',1,41,33864,42455,46701,0,0,0,'y','2017-05-08 14:41:46','developer','0000-00-00 00:00:00','',0),(1419,10,43,'','10431419','TILE 20X20 GALAXY BROWN ASIA',1,41,36321,42455,46701,0,0,0,'y','2017-05-08 14:41:46','developer','0000-00-00 00:00:00','',0),(1420,10,43,'','10431420','TILE 20X20 GALAXY CREAM A ASIA',1,41,36136,42455,46701,0,0,0,'y','2017-05-08 14:41:46','developer','0000-00-00 00:00:00','',0),(1421,10,43,'','10431421','TILE 20X20 ROXY BLACK A ASIA',1,41,38409,42455,46701,0,0,0,'y','2017-05-08 14:41:46','developer','0000-00-00 00:00:00','',0),(1422,10,43,'','10431422','TILE 20X20 ROXY BLUE A ASIA',1,41,34903,42455,46701,0,0,0,'y','2017-05-08 14:41:46','developer','0000-00-00 00:00:00','',0),(1423,10,43,'','10431423','TILE 20X20 ROXY BROWN A ASIA',1,41,38282,42455,46701,0,0,0,'y','2017-05-08 14:41:46','developer','0000-00-00 00:00:00','',0),(1424,10,43,'','10431424','TILE 20X20 ROXY GREEN A ASIA',1,41,38290,42455,46701,0,0,0,'y','2017-05-08 14:41:47','developer','0000-00-00 00:00:00','',0),(1425,10,43,'','10431425','TILE 20X20 ROXY GREY A ASIA',1,41,33864,42455,46701,0,0,0,'y','2017-05-08 14:41:47','developer','0000-00-00 00:00:00','',0),(1426,10,43,'','10431426','TILE 20X20 ROXY RED A ASIA',1,41,37724,42455,46701,0,0,0,'y','2017-05-08 14:41:47','developer','0000-00-00 00:00:00','',0),(1427,10,43,'','10431427','TILE 20X20 WELCO BLUE A ASIA',1,41,38409,42455,46701,0,0,0,'y','2017-05-08 14:41:47','developer','0000-00-00 00:00:00','',0),(1428,10,43,'','10431428','TILE 20X20 WELCO BROWN A ASIA',1,41,35682,42455,46701,0,0,0,'y','2017-05-08 14:41:47','developer','0000-00-00 00:00:00','',0),(1429,10,43,'','10431429','TILE 20X20 WELCO GREEN A ASIA',1,41,34999,42455,46701,0,0,0,'y','2017-05-08 14:41:47','developer','0000-00-00 00:00:00','',0),(1430,10,43,'','10431430','TILE 20X25 CORNELLO BROWN A ASIA',1,41,37045,46000,50600,0,0,0,'y','2017-05-08 14:41:47','developer','0000-00-00 00:00:00','',0),(1431,10,43,'','10431431','TILE 20X25 CORNELLO DARK BROWN A ASIA',1,41,38409,47455,52201,0,0,0,'y','2017-05-08 14:41:47','developer','0000-00-00 00:00:00','',0),(1432,10,43,'','10431432','TILE 20X25 CORNELLO DARK GREEN A ASIA',1,41,38409,47455,52201,0,0,0,'y','2017-05-08 14:41:47','developer','0000-00-00 00:00:00','',0),(1433,10,43,'','10431433','TILE 20X25 CORNELLO GREEN A ASIA',1,41,39263,46000,50600,0,0,0,'y','2017-05-08 14:41:47','developer','0000-00-00 00:00:00','',0),(1434,10,43,'','10431434','TILE 20X25 EXCEL WHITE A ASIA',1,41,38509,47000,51700,0,0,0,'y','2017-05-08 14:41:48','developer','0000-00-00 00:00:00','',0),(1435,10,43,'','10431435','TILE 20X25 HALCON CREAM A ASIA',1,41,40491,46000,50600,0,0,0,'y','2017-05-08 14:41:48','developer','0000-00-00 00:00:00','',0),(1436,10,43,'','10431436','TILE 20X25 METRO BASIC A ASIA',1,41,34772,45455,50001,0,0,0,'y','2017-05-08 14:41:48','developer','0000-00-00 00:00:00','',0),(1437,10,43,'','10431437','TILE 20X25 METRO DARK BLUE A ASIA',1,41,40218,46000,50600,0,0,0,'y','2017-05-08 14:41:48','developer','0000-00-00 00:00:00','',0),(1438,10,43,'','10431438','TILE 20X25 METRO DARK GREEN A ASIA',1,41,41582,46000,50600,0,0,0,'y','2017-05-08 14:41:48','developer','0000-00-00 00:00:00','',0),(1439,10,43,'','10431439','TILE 20X25 MONTANA BASIC A ASIA',1,41,34906,45455,50001,0,0,0,'y','2017-05-08 14:41:48','developer','0000-00-00 00:00:00','',0),(1440,10,43,'','10431440','TILE 20X25 MONTANA DARK RED A ASIA',1,41,35227,46000,50600,0,0,0,'y','2017-05-08 14:41:48','developer','0000-00-00 00:00:00','',0),(1441,10,43,'','10431441','TILE 20X25 MONTANA DARKBLUE A ASIA',1,41,35227,46000,50600,0,0,0,'y','2017-05-08 14:41:48','developer','0000-00-00 00:00:00','',0),(1442,10,43,'','10431442','TILE 20X25 MONTANA DARKBROWN A ASIA',1,41,35227,46000,50600,0,0,0,'y','2017-05-08 14:41:48','developer','0000-00-00 00:00:00','',0),(1443,10,43,'','10431443','TILE 20X25 MONTANA DARKGREEN A ASIA',1,41,35227,46000,50600,0,0,0,'y','2017-05-08 14:41:48','developer','0000-00-00 00:00:00','',0),(1444,10,43,'','10431444','TILE 20X25 OLGA BLUE A ASIA',1,41,39318,43636,48000,0,0,0,'y','2017-05-08 14:41:48','developer','0000-00-00 00:00:00','',0),(1445,10,43,'','10431445','TILE 20X25 OLGA BLUE BASIC A ASIA',1,41,39318,43636,48000,0,0,0,'y','2017-05-08 14:41:48','developer','0000-00-00 00:00:00','',0),(1446,10,43,'','10431446','TILE 20X25 OLGA RED A ASIA',1,41,39318,43636,48000,0,0,0,'y','2017-05-08 14:41:48','developer','0000-00-00 00:00:00','',0),(1447,10,43,'','10431447','TILE 20X25 OLGA RED BASIC A ASIA',1,41,39318,43636,48000,0,0,0,'y','2017-05-08 14:41:49','developer','0000-00-00 00:00:00','',0),(1448,10,43,'','10431448','TILE 20X25 OLIVIA BASIC A ASIA',1,41,36591,45455,50001,0,0,0,'y','2017-05-08 14:41:49','developer','0000-00-00 00:00:00','',0),(1449,10,43,'','10431449','TILE 20X25 OLIVIA DARK BROWN A ASIA',1,41,37045,46000,50600,0,0,0,'y','2017-05-08 14:41:49','developer','0000-00-00 00:00:00','',0),(1450,10,43,'','10431450','TILE 20X25 OLIVIA DARK GREEN A ASIA',1,41,40029,46000,50600,0,0,0,'y','2017-05-08 14:41:49','developer','0000-00-00 00:00:00','',0),(1451,10,43,'','10431451','TILE 20X25 OLIVIA DARK RED A ASIA',1,41,37495,46000,50600,0,0,0,'y','2017-05-08 14:41:49','developer','0000-00-00 00:00:00','',0),(1452,10,43,'','10431452','TILE 25X25 ALPHA BROWN A ASIA',1,41,42954,47727,52500,0,0,0,'y','2017-05-08 14:41:49','developer','0000-00-00 00:00:00','',0),(1453,10,43,'','10431453','TILE 25X25 ALPHA WHITE A ASIA',1,41,42943,47727,52500,0,0,0,'y','2017-05-08 14:41:49','developer','0000-00-00 00:00:00','',0),(1454,10,43,'','10431454','TILE 30X30 ALPHA BLACK A ASIA',1,41,41384,47091,51800,0,0,0,'y','2017-05-08 14:41:49','developer','0000-00-00 00:00:00','',0),(1455,10,43,'','10431455','TILE 30X30 ALPHA GREY A ASIA',1,41,42501,47091,51800,0,0,0,'y','2017-05-08 14:41:49','developer','0000-00-00 00:00:00','',0),(1456,10,43,'','10431456','TILE 30X30 ALPHA WHITE A ASIA',1,41,42501,47091,51800,0,0,0,'y','2017-05-08 14:41:49','developer','0000-00-00 00:00:00','',0),(1457,10,43,'','10431457','TILE 30X30 ETNA CREAM A ASIA',1,41,35305,40091,44100,0,0,0,'y','2017-05-08 14:41:50','developer','0000-00-00 00:00:00','',0),(1458,10,43,'','10431458','TILE 30X30 ETNA GREY A ASIA',1,41,35339,40091,44100,0,0,0,'y','2017-05-08 14:41:50','developer','0000-00-00 00:00:00','',0),(1459,10,43,'','10431459','TILE 30X30 MURANO A ASIA',1,41,27273,32727,36000,0,0,0,'y','2017-05-08 14:41:50','developer','0000-00-00 00:00:00','',0),(1460,10,43,'','10431460','TILE 30X30 NEWTON BROWN ASIA',1,41,36932,41545,45700,0,0,0,'y','2017-05-08 14:41:50','developer','0000-00-00 00:00:00','',0),(1461,10,43,'','10431461','TILE 30X30 NEWTON GREEN ASIA',1,41,36616,41545,45700,0,0,0,'y','2017-05-08 14:41:50','developer','0000-00-00 00:00:00','',0),(1462,10,43,'','10431462','TILE 30X30 NIRWANA CREAM A ASIA',1,41,31587,35000,38500,0,0,0,'y','2017-05-08 14:41:50','developer','0000-00-00 00:00:00','',0),(1463,10,43,'','10431463','TILE 30X30 NIRWANA GREY A ASIA',1,41,29772,35000,38500,0,0,0,'y','2017-05-08 14:41:50','developer','0000-00-00 00:00:00','',0),(1464,10,43,'','10431464','TILE 30X30 OMEGA CREAM A ASIA',1,41,31206,34909,38400,0,0,0,'y','2017-05-08 14:41:50','developer','0000-00-00 00:00:00','',0),(1465,10,43,'','10431465','TILE 30X30 OMEGA GREY A ASIA',1,41,31176,34909,38400,0,0,0,'y','2017-05-08 14:41:50','developer','0000-00-00 00:00:00','',0),(1466,10,43,'','10431466','TILE 30X30 OSCAR BLACK A ASIA',1,41,39697,44091,48500,0,0,0,'y','2017-05-08 14:41:50','developer','0000-00-00 00:00:00','',0),(1467,10,43,'','10431467','TILE 30X30 OSCAR BROWN A ASIA',1,41,39623,44545,49000,0,0,0,'y','2017-05-08 14:41:50','developer','0000-00-00 00:00:00','',0),(1468,10,43,'','10431468','TILE 30X30 OSCAR GREEN A ASIA',1,41,35227,44091,48500,0,0,0,'y','2017-05-08 14:41:50','developer','0000-00-00 00:00:00','',0),(1469,10,43,'','10431469','TILE 30X30 OSCAR GREY A ASIA',1,41,39042,44091,48500,0,0,0,'y','2017-05-08 14:41:51','developer','0000-00-00 00:00:00','',0),(1470,10,43,'','10431470','TILE 30X30 OSCAR RED A ASIA',1,41,38470,44091,48500,0,0,0,'y','2017-05-08 14:41:51','developer','0000-00-00 00:00:00','',0),(1471,10,43,'','10431471','TILE 30X30 OSCAR TAUPE A ASIA',1,41,39773,44091,48500,0,0,0,'y','2017-05-08 14:41:51','developer','0000-00-00 00:00:00','',0),(1472,10,43,'','10431472','TILE 30X30 VOLARE CREAM A ASIA',1,41,32077,36000,39600,0,0,0,'y','2017-05-08 14:41:51','developer','0000-00-00 00:00:00','',0),(1473,10,43,'','10431473','TILE 30X30 VOLARE GREY A ASIA',1,41,32501,36000,39600,0,0,0,'y','2017-05-08 14:41:51','developer','0000-00-00 00:00:00','',0),(1474,10,43,'','10431474','TILE 40X40 CARACAS BROWN A ASIA',1,41,45227,50091,55100,0,0,0,'y','2017-05-08 14:41:51','developer','0000-00-00 00:00:00','',0),(1475,10,43,'','10431475','TILE 40X40 FONTE BLACK A ASIA',1,41,47179,53182,58500,0,0,0,'y','2017-05-08 14:41:51','developer','0000-00-00 00:00:00','',0),(1476,10,43,'','10431476','TILE 40X40 GALLERIA CREAM A ASIA',1,41,41140,46545,51200,0,0,0,'y','2017-05-08 14:41:51','developer','0000-00-00 00:00:00','',0),(1477,10,43,'','10431477','TILE 40X40 GALLERIA GREY A ASIA',1,41,41966,46545,51200,0,0,0,'y','2017-05-08 14:41:51','developer','0000-00-00 00:00:00','',0),(1478,10,43,'','10431478','TILE 40X40 MURANO A ASIA',1,41,30851,37273,41000,0,0,0,'y','2017-05-08 14:41:51','developer','0000-00-00 00:00:00','',0),(1479,10,43,'','10431479','TILE 40X40 NIRWANA CREAM A ASIA',1,41,35227,40182,44200,0,0,0,'y','2017-05-08 14:41:51','developer','0000-00-00 00:00:00','',0),(1480,10,43,'','10431480','TILE 40X40 NIRWANA GREEN A ASIA',1,41,35651,40182,44200,0,0,0,'y','2017-05-08 14:41:51','developer','0000-00-00 00:00:00','',0),(1481,10,43,'','10431481','TILE 40X40 NIRWANA GREY A ASIA',1,41,36301,40455,44501,0,0,0,'y','2017-05-08 14:41:52','developer','0000-00-00 00:00:00','',0),(1482,10,43,'','10431482','TILE 40X40 OCRA BLACK A ASIA',1,41,47306,53091,58400,0,0,0,'y','2017-05-08 14:41:52','developer','0000-00-00 00:00:00','',0),(1483,10,43,'','10431483','TILE 40X40 OCRA BROWN A ASIA',1,41,43864,49545,54500,0,0,0,'y','2017-05-08 14:41:52','developer','0000-00-00 00:00:00','',0),(1484,10,43,'','10431484','TILE 40X40 OCRA GREY A ASIA',1,41,44761,49545,54500,0,0,0,'y','2017-05-08 14:41:52','developer','0000-00-00 00:00:00','',0),(1485,10,43,'','10431485','TILE 40X40 OCRA RED A ASIA',1,41,44731,49545,54500,0,0,0,'y','2017-05-08 14:41:52','developer','0000-00-00 00:00:00','',0),(1486,10,43,'','10431486','TILE 40X40 OCRA WHITE A ASIA',1,41,44686,49545,54500,0,0,0,'y','2017-05-08 14:41:52','developer','0000-00-00 00:00:00','',0),(1487,10,43,'','10431487','TILE 40X40 OSCAR BLACK A ASIA',1,41,39318,49545,54500,0,0,0,'y','2017-05-08 14:41:52','developer','0000-00-00 00:00:00','',0),(1488,10,43,'','10431488','TILE 40X40 OSCAR BROWN A ASIA',1,41,39773,50091,55100,0,0,0,'y','2017-05-08 14:41:52','developer','0000-00-00 00:00:00','',0),(1489,10,43,'','10431489','TILE 40X40 OSCAR GREY A ASIA',1,41,40228,49545,54500,0,0,0,'y','2017-05-08 14:41:52','developer','0000-00-00 00:00:00','',0),(1490,10,43,'','10431490','TILE 40X40 OSCAR TAUPE A ASIA',1,41,44773,49545,54500,0,0,0,'y','2017-05-08 14:41:52','developer','0000-00-00 00:00:00','',0),(1491,10,43,'','10431491','TILE 40X40 OTTO CREAM A ASIA',1,41,35539,39909,43900,0,0,0,'y','2017-05-08 14:41:52','developer','0000-00-00 00:00:00','',0),(1492,10,43,'','10431492','TILE 40X40 OTTO GREY A ASIA',1,41,36134,39909,43900,0,0,0,'y','2017-05-08 14:41:53','developer','0000-00-00 00:00:00','',0),(1493,10,43,'','10431493','TILE 40X40 WINSTON BEIGE ASIA',1,41,40133,46545,51200,0,0,0,'y','2017-05-08 14:41:53','developer','0000-00-00 00:00:00','',0),(1494,10,43,'','10431494','TILE 40X40 WINSTON GREY A ASIA',1,41,40507,46545,51200,0,0,0,'y','2017-05-08 14:41:53','developer','0000-00-00 00:00:00','',0),(1495,10,43,'','10431495','TILE 20X25 HALCON CREAM A ASIA',1,42,40491,46000,50600,0,0,0,'y','2017-05-08 14:41:53','developer','0000-00-00 00:00:00','',0),(1496,10,43,'','10431496','TILE 33X33 HAWAII BRUNO A G367404 ROMAN',1,43,73639,84273,92700,0,0,0,'y','2017-05-08 14:41:53','developer','0000-00-00 00:00:00','',0),(1497,10,43,'','10431497','TILE 33X33 HAWAII IVORY A G367400 ROMAN',1,43,73745,84273,92700,0,0,0,'y','2017-05-08 14:41:53','developer','0000-00-00 00:00:00','',0),(1498,10,43,'','10431498','TILE 33X33 HAWAII PERLA  A G367402 ROMAN',1,43,73946,84273,92700,0,0,0,'y','2017-05-08 14:41:53','developer','0000-00-00 00:00:00','',0),(1499,10,43,'','10431499','TILE 33X33 HAWAII SAND A G367401 ROMAN',1,43,74123,84273,92700,0,0,0,'y','2017-05-08 14:41:53','developer','0000-00-00 00:00:00','',0),(1500,10,43,'','10431500','TILE 20X33 ALLEGRA BLUE DCR3 A PLATINUM',1,44,117693,129727,142700,0,0,0,'y','2017-05-08 14:41:54','developer','0000-00-00 00:00:00','',0),(1501,10,43,'','10431501','TILE 20X33 ALLEGRA ORG DCR3 A PLATINUM',1,44,118182,129727,142700,0,0,0,'y','2017-05-08 14:41:54','developer','0000-00-00 00:00:00','',0),(1502,10,43,'','10431502','TILE 20X50 CASSO BLUE DCR3 A PLATINUM',1,44,155689,174727,192200,0,0,0,'y','2017-05-08 14:41:54','developer','0000-00-00 00:00:00','',0),(1503,10,43,'','10431503','TILE 20X50 CASSO GREY DCR3 A PLATINUM',1,44,158482,174727,192200,0,0,0,'y','2017-05-08 14:41:54','developer','0000-00-00 00:00:00','',0),(1504,10,43,'','10431504','TILE 25X40 BERRY BLUE DCR3 A PLATINUM',1,44,140909,157273,173000,0,0,0,'y','2017-05-08 14:41:54','developer','0000-00-00 00:00:00','',0),(1505,10,43,'','10431505','TILE 25X40 BERRY DECOR 3 A PLATINUM',1,44,140909,157273,173000,0,0,0,'y','2017-05-08 14:41:54','developer','0000-00-00 00:00:00','',0),(1506,10,43,'','10431506','TILE 25X40 BERRY GREEN DCR3 A PLATINUM',1,44,141898,157273,173000,0,0,0,'y','2017-05-08 14:41:54','developer','0000-00-00 00:00:00','',0),(1507,10,43,'','10431507','TILE 25X40 BERRY YELLOW DCR3 A PLATINUM',1,44,140909,157273,173000,0,0,0,'y','2017-05-08 14:41:54','developer','0000-00-00 00:00:00','',0),(1508,10,43,'','10431508','TILE 40X40 ARMANI BLACK A PLATINUM',1,44,49961,62182,68400,0,0,0,'y','2017-05-08 14:41:54','developer','0000-00-00 00:00:00','',0),(1509,10,43,'','10431509','TILE 40X40 AUSTIN BROWN A PLATINUM',1,44,60141,66636,73300,0,0,0,'y','2017-05-08 14:41:54','developer','0000-00-00 00:00:00','',0),(1510,10,43,'','10431510','TILE 40X40 CLARIN BONE A PLATINUM',1,44,47885,53182,58500,0,0,0,'y','2017-05-08 14:41:54','developer','0000-00-00 00:00:00','',0),(1511,10,43,'','10431511','TILE 40X40 CLARIN GREY A PLATINUM',1,44,42085,53182,58500,0,0,0,'y','2017-05-08 14:41:55','developer','0000-00-00 00:00:00','',0),(1512,10,43,'','10431512','TILE 40X40 CORDON BROWN A PLATINUM',1,44,47124,54636,60100,0,0,0,'y','2017-05-08 14:41:55','developer','0000-00-00 00:00:00','',0),(1513,10,43,'','10431513','TILE 40X40 CORDON TERACOTA A PLATINUM',1,44,49313,54636,60100,0,0,0,'y','2017-05-08 14:41:55','developer','0000-00-00 00:00:00','',0),(1514,10,43,'','10431514','TILE 40X40 CYRCA BROWN A PLATINUM',1,44,49792,58182,64000,0,0,0,'y','2017-05-08 14:41:55','developer','0000-00-00 00:00:00','',0),(1515,10,43,'','10431515','TILE 40X40 CYRCA GREY A PLATINUM',1,44,42509,58182,64000,0,0,0,'y','2017-05-08 14:41:55','developer','0000-00-00 00:00:00','',0),(1516,10,43,'','10431516','TILE 40X40 DOMUS GREY A PLATINUM',1,44,34546,46636,51300,0,0,0,'y','2017-05-08 14:41:55','developer','0000-00-00 00:00:00','',0),(1517,10,43,'','10431517','TILE 40X40 DUCATI BROWN A PLATINUM',1,44,45504,58182,64000,0,0,0,'y','2017-05-08 14:41:56','developer','0000-00-00 00:00:00','',0),(1518,10,43,'','10431518','TILE 40X40 LIDO CREAM A PLATINUM',1,44,45975,53091,58400,0,0,0,'y','2017-05-08 14:41:56','developer','0000-00-00 00:00:00','',0),(1519,10,43,'','10431519','TILE 40X40 LIDO GREY A PLATINUM',1,44,47697,53091,58400,0,0,0,'y','2017-05-08 14:41:56','developer','0000-00-00 00:00:00','',0),(1520,10,43,'','10431520','TILE 40X40 LUCA BROWN A PLATINUM',1,44,49786,58182,64000,0,0,0,'y','2017-05-08 14:41:56','developer','0000-00-00 00:00:00','',0),(1521,10,43,'','10431521','TILE 40X40 LUCA GREY A PLATINUM',1,44,46225,58182,64000,0,0,0,'y','2017-05-08 14:41:56','developer','0000-00-00 00:00:00','',0),(1522,10,43,'','10431522','TILE 40X40 LUXOR GREY A PLATINUM',1,44,50974,58182,64000,0,0,0,'y','2017-05-08 14:41:56','developer','0000-00-00 00:00:00','',0),(1523,10,43,'','10431523','TILE 40X40 LUXOR WHITE A PLATINUM',1,44,50682,58182,64000,0,0,0,'y','2017-05-08 14:41:56','developer','0000-00-00 00:00:00','',0),(1524,10,43,'','10431524','TILE 40X40 TREZOR BROWN A PLATINUM',1,44,46467,53182,58500,0,0,0,'y','2017-05-08 14:41:57','developer','0000-00-00 00:00:00','',0),(1525,10,43,'','10431525','TILE 50X50 CASA GREY A PLATINUM',1,44,62988,70091,77100,0,0,0,'y','2017-05-08 14:41:57','developer','0000-00-00 00:00:00','',0),(1526,10,43,'','10431526','TILE 50X50 CAVALLI CREAM A PLATINUM',1,44,63409,70091,77100,0,0,0,'y','2017-05-08 14:41:57','developer','0000-00-00 00:00:00','',0),(1527,10,43,'','10431527','TILE 50X50 CAVALLI WHITE A PLATINUM',1,44,63364,70091,77100,0,0,0,'y','2017-05-08 14:41:57','developer','0000-00-00 00:00:00','',0),(1528,10,43,'','10431528','TILE 50X50 GOBY CREAM PLATINUM',1,44,59721,66182,72800,0,0,0,'y','2017-05-08 14:41:57','developer','0000-00-00 00:00:00','',0),(1529,10,43,'','10431529','TILE 50X50 GOBY GREY A PLATINUM',1,44,59792,66182,72800,0,0,0,'y','2017-05-08 14:41:57','developer','0000-00-00 00:00:00','',0),(1530,10,43,'','10431530','TILE 25X40 NYRA BROWN BASIC A PLATINUM',1,44,50909,58727,64600,0,0,0,'y','2017-05-08 14:41:58','developer','0000-00-00 00:00:00','',0),(1531,10,43,'','10431531','TILE 25X40 NYRA BROWN DECOR A PLATINUM',1,44,54091,60636,66700,0,0,0,'y','2017-05-08 14:41:58','developer','0000-00-00 00:00:00','',0),(1532,10,43,'','10431532','TILE 25X40 NYRA DARK BROWN A PLATINUM',1,44,54091,63091,69400,0,0,0,'y','2017-05-08 14:41:58','developer','0000-00-00 00:00:00','',0),(1533,10,43,'','10431533','TILE 25X40 NYRA GREY BASIC A PLATINUM',1,44,50909,58727,64600,0,0,0,'y','2017-05-08 14:41:58','developer','0000-00-00 00:00:00','',0),(1534,10,43,'','10431534','TILE 30X30 CARGO BROWN A PLATINUM',1,44,43020,48636,53500,0,0,0,'y','2017-05-08 14:41:58','developer','0000-00-00 00:00:00','',0),(1535,10,43,'','10431535','TILE 30X30 CARGO DARK BROWN A PLATINUM',1,44,43863,48636,53500,0,0,0,'y','2017-05-08 14:41:58','developer','0000-00-00 00:00:00','',0),(1536,10,43,'','10431536','TILE 30X30 CARGO DARK GREY A PLATINUM',1,44,41137,48636,53500,0,0,0,'y','2017-05-08 14:41:58','developer','0000-00-00 00:00:00','',0),(1537,10,43,'','10431537','TILE 30X30 CARGO GREY A PLATINUM',1,44,44318,48636,53500,0,0,0,'y','2017-05-08 14:41:59','developer','0000-00-00 00:00:00','',0),(1538,10,43,'','10431538','TILE 40X40 ALPINE BROWN A PLATINUM',1,44,59082,66636,73300,0,0,0,'y','2017-05-08 14:41:59','developer','0000-00-00 00:00:00','',0),(1539,10,43,'','10431539','TILE 40X40 ALPINE GREY A PLATINUM',1,44,59343,66636,73300,0,0,0,'y','2017-05-08 14:41:59','developer','0000-00-00 00:00:00','',0),(1540,10,43,'','10431540','TILE 40X40 ASCOT WHITE A PLATINUM',1,44,44614,53182,58500,0,0,0,'y','2017-05-08 14:41:59','developer','0000-00-00 00:00:00','',0),(1541,10,43,'','10431541','TILE 40X40 ASTON BROWN A PLATINUM',1,44,0,66636,73300,0,0,0,'y','2017-05-08 14:41:59','developer','0000-00-00 00:00:00','',0),(1542,10,43,'','10431542','TILE 40X40 ASTON GREY A PLATINUM',1,44,56984,66636,73300,0,0,0,'y','2017-05-08 14:41:59','developer','0000-00-00 00:00:00','',0),(1543,10,43,'','10431543','TILE 40X40 AZTECA DARK BROWN A PLATINUM',1,44,56140,62182,68400,0,0,0,'y','2017-05-08 14:41:59','developer','0000-00-00 00:00:00','',0),(1544,10,43,'','10431544','TILE 40X40 AZTECA DARK GREY A PLATINUM',1,44,58202,62182,68400,0,0,0,'y','2017-05-08 14:41:59','developer','0000-00-00 00:00:00','',0),(1545,10,43,'','10431545','TILE 40X40 BONZA WHITE A PLATINUM',1,44,58997,68091,74900,0,0,0,'y','2017-05-08 14:41:59','developer','0000-00-00 00:00:00','',0),(1546,10,43,'','10431546','TILE 40X40 CASA CREAM A PLATINUM',1,44,43988,53182,58500,0,0,0,'y','2017-05-08 14:41:59','developer','0000-00-00 00:00:00','',0),(1547,10,43,'','10431547','TILE 40X40 CASA GREY A PLATINUM',1,44,44022,53182,58500,0,0,0,'y','2017-05-08 14:41:59','developer','0000-00-00 00:00:00','',0),(1548,10,43,'','10431548','TILE 40X40 CORIE CREAM A PLATINUM',1,44,46429,53182,58500,0,0,0,'y','2017-05-08 14:41:59','developer','0000-00-00 00:00:00','',0),(1549,10,43,'','10431549','TILE 40X40 CORIE GREY A PLATINUM',1,44,47884,53182,58500,0,0,0,'y','2017-05-08 14:42:00','developer','0000-00-00 00:00:00','',0),(1550,10,43,'','10431550','TILE 40X40 CORSO BLACK A PLATINUM',1,44,49773,58182,64000,0,0,0,'y','2017-05-08 14:42:00','developer','0000-00-00 00:00:00','',0),(1551,10,43,'','10431551','TILE 40X40 CORSO BROWN A PLATINUM',1,44,52161,58182,64000,0,0,0,'y','2017-05-08 14:42:00','developer','0000-00-00 00:00:00','',0),(1552,10,43,'','10431552','TILE 40X40 CORSO GREY A PLATINUM',1,44,52500,58182,64000,0,0,0,'y','2017-05-08 14:42:00','developer','0000-00-00 00:00:00','',0),(1553,10,43,'','10431553','TILE 40X40 DOLCE CRM A PLATINUM',1,44,44586,53182,58500,0,0,0,'y','2017-05-08 14:42:00','developer','0000-00-00 00:00:00','',0),(1554,10,43,'','10431554','TILE 40X40 DOLCE GREY A PLATINUM',1,44,47610,53182,58500,0,0,0,'y','2017-05-08 14:42:00','developer','0000-00-00 00:00:00','',0),(1555,10,43,'','10431555','TILE 40X40 DOME CRM A PLATINUM',1,44,45275,53182,58500,0,0,0,'y','2017-05-08 14:42:00','developer','0000-00-00 00:00:00','',0),(1556,10,43,'','10431556','TILE 40X40 DOME GREY A PLATINUM',1,44,47881,53182,58500,0,0,0,'y','2017-05-08 14:42:00','developer','0000-00-00 00:00:00','',0),(1557,10,43,'','10431557','TILE 40X40 GOLIA BROWN A PLATINUM',1,44,46673,54182,59600,0,0,0,'y','2017-05-08 14:42:00','developer','0000-00-00 00:00:00','',0),(1558,10,43,'','10431558','TILE 40X40 GOLIA GREY A PLATINUM',1,44,45313,54182,59600,0,0,0,'y','2017-05-08 14:42:00','developer','0000-00-00 00:00:00','',0),(1559,10,43,'','10431559','TILE 40X40 GRANADA CREAM A PLATINUM',1,44,45274,53182,58500,0,0,0,'y','2017-05-08 14:42:00','developer','0000-00-00 00:00:00','',0),(1560,10,43,'','10431560','TILE 40X40 GRANADA GREY A PLATINUM',1,44,45612,53182,58500,0,0,0,'y','2017-05-08 14:42:00','developer','0000-00-00 00:00:00','',0),(1561,10,43,'','10431561','TILE 40X40 LAVA CREAM A PLATINUM',1,44,0,51364,56500,0,0,0,'y','2017-05-08 14:42:01','developer','0000-00-00 00:00:00','',0),(1562,10,43,'','10431562','TILE 40X40 LAZIO BROWN A PLATINUM',1,44,48864,58182,64000,0,0,0,'y','2017-05-08 14:42:01','developer','0000-00-00 00:00:00','',0),(1563,10,43,'','10431563','TILE 40X40 LAZIO GREY A PLATINUM',1,44,48865,58182,64000,0,0,0,'y','2017-05-08 14:42:01','developer','0000-00-00 00:00:00','',0),(1564,10,43,'','10431564','TILE 40X40 LEXUS CREAM A PLATINUM',1,44,43861,53182,58500,0,0,0,'y','2017-05-08 14:42:01','developer','0000-00-00 00:00:00','',0),(1565,10,43,'','10431565','TILE 40X40 LEXUS GREY A PLATINUM',1,44,43410,53182,58500,0,0,0,'y','2017-05-08 14:42:01','developer','0000-00-00 00:00:00','',0),(1566,10,43,'','10431566','TILE 40X40 LOFT CREAM A PLATINUM',1,44,46136,51364,56500,0,0,0,'y','2017-05-08 14:42:01','developer','0000-00-00 00:00:00','',0),(1567,10,43,'','10431567','TILE 40X40 LOFT GREY A PLATINUM',1,44,45918,51364,56500,0,0,0,'y','2017-05-08 14:42:01','developer','0000-00-00 00:00:00','',0),(1568,10,43,'','10431568','TILE 40X40 NIKO CREAM A PLATINUM',1,44,43401,48182,53000,0,0,0,'y','2017-05-08 14:42:01','developer','0000-00-00 00:00:00','',0),(1569,10,43,'','10431569','TILE 40X40 NIKO GREY A PLATINUM',1,44,41591,48182,53000,0,0,0,'y','2017-05-08 14:42:01','developer','0000-00-00 00:00:00','',0),(1570,10,43,'','10431570','TILE 40X40 NIXON CREAM A PLATINUM',1,44,43402,48182,53000,0,0,0,'y','2017-05-08 14:42:01','developer','0000-00-00 00:00:00','',0),(1571,10,43,'','10431571','TILE 40X40 NIXON GREY A PLATINUM',1,44,43408,48182,53000,0,0,0,'y','2017-05-08 14:42:01','developer','0000-00-00 00:00:00','',0),(1572,10,43,'','10431572','TILE 40X40 NORTON CREAM A PLATINUM',1,44,42254,48182,53000,0,0,0,'y','2017-05-08 14:42:02','developer','0000-00-00 00:00:00','',0),(1573,10,43,'','10431573','TILE 40X40 ONYX PEACH A PLATINUM',1,44,47544,54182,59600,0,0,0,'y','2017-05-08 14:42:02','developer','0000-00-00 00:00:00','',0),(1574,10,43,'','10431574','TILE 40X40 SICILIA GREY A PLATINUM',1,44,47883,53909,59300,0,0,0,'y','2017-05-08 14:42:02','developer','0000-00-00 00:00:00','',0),(1575,10,43,'','10431575','TILE 40X40 STONE BLACK A PLATINUM',1,44,56136,62182,68400,0,0,0,'y','2017-05-08 14:42:02','developer','0000-00-00 00:00:00','',0),(1576,10,43,'','10431576','TILE 40X40 STRATA CREAM A PLATINUM',1,44,46115,53182,58500,0,0,0,'y','2017-05-08 14:42:02','developer','0000-00-00 00:00:00','',0),(1577,10,43,'','10431577','TILE 40X40 STRATA GREY A PLATINUM',1,44,47955,53182,58500,0,0,0,'y','2017-05-08 14:42:02','developer','0000-00-00 00:00:00','',0),(1578,10,43,'','10431578','TILE 40X40 VEGAS BROWN A PLATINUM',1,44,43983,53182,58500,0,0,0,'y','2017-05-08 14:42:02','developer','0000-00-00 00:00:00','',0),(1579,10,43,'','10431579','TILE 50X50 MAGMA BROWN A PLATINUM',1,44,63405,70091,77100,0,0,0,'y','2017-05-08 14:42:02','developer','0000-00-00 00:00:00','',0),(1580,10,43,'','10431580','TILE 50X50 MAGMA GREY A PLATINUM',1,44,62954,70091,77100,0,0,0,'y','2017-05-08 14:42:02','developer','0000-00-00 00:00:00','',0),(1581,10,43,'','10431581','TILE 50X50 MERLIN CREAM A PLATINUM',1,44,62954,70091,77100,0,0,0,'y','2017-05-08 14:42:02','developer','0000-00-00 00:00:00','',0),(1582,10,43,'','10431582','TILE 50X50 MERLIN GREY A PLATINUM',1,44,63385,70091,77100,0,0,0,'y','2017-05-08 14:42:02','developer','0000-00-00 00:00:00','',0),(1583,10,43,'','10431583','TILE 50X50 NASCO CREAM A PLATINUM',1,44,63397,70000,77000,0,0,0,'y','2017-05-08 14:42:03','developer','0000-00-00 00:00:00','',0),(1584,10,43,'','10431584','TILE 50X50 NAXOS CREAM A PLATINUM',1,44,63513,70000,77000,0,0,0,'y','2017-05-08 14:42:03','developer','0000-00-00 00:00:00','',0),(1585,10,43,'','10431585','TILE 50X50 NICON GREY A PLATINUM',1,44,63410,70000,77000,0,0,0,'y','2017-05-08 14:42:03','developer','0000-00-00 00:00:00','',0),(1586,10,43,'','10431586','TILE 20X33 ACACIA BROWN EM A DGPLATINUM',1,44,47955,61636,67800,0,0,0,'y','2017-05-08 14:42:03','developer','0000-00-00 00:00:00','',0),(1587,10,43,'','10431587','TILE 20X33 ACACIA CRM EM A DGPLATINUM',1,44,47500,61636,67800,0,0,0,'y','2017-05-08 14:42:03','developer','0000-00-00 00:00:00','',0),(1588,10,43,'','10431588','TILE 20X33 ACACIA D.BROWN A DGPLATINUM',1,44,60631,71636,78800,0,0,0,'y','2017-05-08 14:42:03','developer','0000-00-00 00:00:00','',0),(1589,10,43,'','10431589','TILE 20X33 ACACIA DCR EM A DGPLATINUM',1,44,53317,61636,67800,0,0,0,'y','2017-05-08 14:42:03','developer','0000-00-00 00:00:00','',0),(1590,10,43,'','10431590','TILE 20X33 ACCOR BASIC GRY EMB PLATINUM',1,44,53210,61636,67800,0,0,0,'y','2017-05-08 14:42:03','developer','0000-00-00 00:00:00','',0),(1591,10,43,'','10431591','TILE 20X33 ACCOR BSC CRM EMB A PLATINUM',1,44,54791,61636,67800,0,0,0,'y','2017-05-08 14:42:04','developer','0000-00-00 00:00:00','',0),(1592,10,43,'','10431592','TILE 20X33 ACCOR CREAM DECOR A PLATINUM',1,44,52500,58182,64000,0,0,0,'y','2017-05-08 14:42:04','developer','0000-00-00 00:00:00','',0),(1593,10,43,'','10431593','TILE 20X33 ACCOR CREAM EMB A PLATINUM',1,44,55644,61636,67800,0,0,0,'y','2017-05-08 14:42:04','developer','0000-00-00 00:00:00','',0),(1594,10,43,'','10431594','TILE 20X33 ACCOR GREY EMB A PLATINUM',1,44,55681,61636,67800,0,0,0,'y','2017-05-08 14:42:04','developer','0000-00-00 00:00:00','',0),(1595,10,43,'','10431595','TILE 20X33 ADES CREAM BASIC A PLATINUM',1,44,51292,57182,62900,0,0,0,'y','2017-05-08 14:42:04','developer','0000-00-00 00:00:00','',0),(1596,10,43,'','10431596','TILE 20X33 ADES CREAM EMB A PLATINUM',1,44,55606,61636,67800,0,0,0,'y','2017-05-08 14:42:05','developer','0000-00-00 00:00:00','',0),(1597,10,43,'','10431597','TILE 20X33 ADES GREY BASIC A PLATINUM',1,44,51575,57182,62900,0,0,0,'y','2017-05-08 14:42:05','developer','0000-00-00 00:00:00','',0),(1598,10,43,'','10431598','TILE 20X33 ADES GREY EMB A PLATINUM',1,44,53283,61636,67800,0,0,0,'y','2017-05-08 14:42:05','developer','0000-00-00 00:00:00','',0),(1599,10,43,'','10431599','TILE 20X33 ALTO BSC CRM A DGPLATINUM',1,44,42098,57182,62900,0,0,0,'y','2017-05-08 14:42:05','developer','0000-00-00 00:00:00','',0),(1600,10,43,'','10431600','TILE 20X33 ALTO BSC GREY A DGPLATINUM',1,44,40682,57182,62900,0,0,0,'y','2017-05-08 14:42:05','developer','0000-00-00 00:00:00','',0),(1601,10,43,'','10431601','TILE 20X33 ALTO CRM EMBOS A DGPLATINUM',1,44,44871,61636,67800,0,0,0,'y','2017-05-08 14:42:05','developer','0000-00-00 00:00:00','',0),(1602,10,43,'','10431602','TILE 20X33 ALTO GREY EMBOS A DGPLATINUM',1,44,47499,61636,67800,0,0,0,'y','2017-05-08 14:42:06','developer','0000-00-00 00:00:00','',0),(1603,10,43,'','10431603','TILE 20X33 AMORE BSC CRM EM A PLATINUM',1,44,55632,61636,67800,0,0,0,'y','2017-05-08 14:42:06','developer','0000-00-00 00:00:00','',0),(1604,10,43,'','10431604','TILE 20X33 AMORE BSC GRY EM A PLATINUM',1,44,47500,61636,67800,0,0,0,'y','2017-05-08 14:42:06','developer','0000-00-00 00:00:00','',0),(1605,10,43,'','10431605','TILE 20X33 AMORE CRM EMBOS A DGPLATINUM',1,44,49547,61636,67800,0,0,0,'y','2017-05-08 14:42:06','developer','0000-00-00 00:00:00','',0),(1606,10,43,'','10431606','TILE 20X33 AMORE GRY EMBOS A DGPLATINUM',1,44,48180,61636,67800,0,0,0,'y','2017-05-08 14:42:06','developer','0000-00-00 00:00:00','',0),(1607,10,43,'','10431607','TILE 20X33 APRON BROWN EM A DGPLATINUM',1,44,45448,61636,67800,0,0,0,'y','2017-05-08 14:42:06','developer','0000-00-00 00:00:00','',0),(1608,10,43,'','10431608','TILE 20X33 APRON BSC EMBOS A DGPLATINUM',1,44,44702,61636,67800,0,0,0,'y','2017-05-08 14:42:06','developer','0000-00-00 00:00:00','',0),(1609,10,43,'','10431609','TILE 20X33 APRON GRY EMBOS A DGPLATINUM',1,44,45257,61636,67800,0,0,0,'y','2017-05-08 14:42:07','developer','0000-00-00 00:00:00','',0),(1610,10,43,'','10431610','TILE 20X33 AUDI BASIC EMB A PLATINUM',1,44,55678,61636,67800,0,0,0,'y','2017-05-08 14:42:07','developer','0000-00-00 00:00:00','',0),(1611,10,43,'','10431611','TILE 20X33 AUDI BL DCR1 EMB A PLATINUM',1,44,55681,61636,67800,0,0,0,'y','2017-05-08 14:42:07','developer','0000-00-00 00:00:00','',0),(1612,10,43,'','10431612','TILE 20X33 AUDI BL DCR2 EMB A PLATINUM',1,44,55668,61636,67800,0,0,0,'y','2017-05-08 14:42:07','developer','0000-00-00 00:00:00','',0),(1613,10,43,'','10431613','TILE 20X33 AUDI BLUE EMB A PLATINUM',1,44,55662,61636,67800,0,0,0,'y','2017-05-08 14:42:07','developer','0000-00-00 00:00:00','',0),(1614,10,43,'','10431614','TILE 20X33 AUDI GREEN EMB A PLATINUM',1,44,56034,61636,67800,0,0,0,'y','2017-05-08 14:42:07','developer','0000-00-00 00:00:00','',0),(1615,10,43,'','10431615','TILE 20X33 AUDI GRN DCR1 EMB A PLATINUM',1,44,55543,61636,67800,0,0,0,'y','2017-05-08 14:42:07','developer','0000-00-00 00:00:00','',0),(1616,10,43,'','10431616','TILE 20X33 AUDI GRN DCR2 EMB A PLATINUM',1,44,55962,61636,67800,0,0,0,'y','2017-05-08 14:42:07','developer','0000-00-00 00:00:00','',0),(1617,10,43,'','10431617','TILE 20X33 AUDI ORNG DCR1 EMB PLATINUM',1,44,55655,61636,67800,0,0,0,'y','2017-05-08 14:42:08','developer','0000-00-00 00:00:00','',0),(1618,10,43,'','10431618','TILE 20X33 AUDI PRPL DECOR1 A PLATINUM',1,44,56115,61636,67800,0,0,0,'y','2017-05-08 14:42:08','developer','0000-00-00 00:00:00','',0),(1619,10,43,'','10431619','TILE 20X33 AUDI PURPLE DCR2 A PLATINUM',1,44,55623,61636,67800,0,0,0,'y','2017-05-08 14:42:08','developer','0000-00-00 00:00:00','',0),(1620,10,43,'','10431620','TILE 20X33 AUDI PURPLE EMB A PLATINUM',1,44,55615,61636,67800,0,0,0,'y','2017-05-08 14:42:08','developer','0000-00-00 00:00:00','',0),(1621,10,43,'','10431621','TILE 20X33 BLOOM BASIC CREAM A PLATINUM',1,44,39314,49636,54600,0,0,0,'y','2017-05-08 14:42:08','developer','0000-00-00 00:00:00','',0),(1622,10,43,'','10431622','TILE 20X33 BLOOM CREAM A PLATINUM',1,44,42042,52636,57900,0,0,0,'y','2017-05-08 14:42:08','developer','0000-00-00 00:00:00','',0),(1623,10,43,'','10431623','TILE 20X33 BLOOM GREY A PLATINUM',1,44,42438,52636,57900,0,0,0,'y','2017-05-08 14:42:09','developer','0000-00-00 00:00:00','',0),(1624,10,43,'','10431624','TILE 20X33 BONZA WHITE A PLATINUM',1,44,70000,77545,85300,0,0,0,'y','2017-05-08 14:42:09','developer','0000-00-00 00:00:00','',0),(1625,10,43,'','10431625','TILE 25X40 BERLIN BASIC A PLATINUM',1,44,55927,65636,72200,0,0,0,'y','2017-05-08 14:42:09','developer','0000-00-00 00:00:00','',0),(1626,10,43,'','10431626','TILE 25X40 BERLIN BLACK EMB A PLATINUM',1,44,61775,72000,79200,0,0,0,'y','2017-05-08 14:42:09','developer','0000-00-00 00:00:00','',0),(1627,10,43,'','10431627','TILE 25X40 BERLIN BROWN EMB A PLATINUM',1,44,61975,72000,79200,0,0,0,'y','2017-05-08 14:42:09','developer','0000-00-00 00:00:00','',0),(1628,10,43,'','10431628','TILE 25X40 BIRKIN BLUE DECOR A PLATINUM',1,44,61136,70091,77100,0,0,0,'y','2017-05-08 14:42:09','developer','0000-00-00 00:00:00','',0),(1629,10,43,'','10431629','TILE 25X40 BIRKIN D.BLUE EMB A PLATINUM',1,44,79091,90818,99900,0,0,0,'y','2017-05-08 14:42:10','developer','0000-00-00 00:00:00','',0),(1630,10,43,'','10431630','TILE 25X40 BIRKIN D.PRPL EM A PLATINUM',1,44,79091,90818,99900,0,0,0,'y','2017-05-08 14:42:10','developer','0000-00-00 00:00:00','',0),(1631,10,43,'','10431631','TILE 25X40 BIRKIN PURPLE DCR A PLATINUM',1,44,60000,70091,77100,0,0,0,'y','2017-05-08 14:42:10','developer','0000-00-00 00:00:00','',0),(1632,10,43,'','10431632','TILE 25X40 BLISS BASIC A PLATINUM',1,44,0,65636,72200,0,0,0,'y','2017-05-08 14:42:10','developer','0000-00-00 00:00:00','',0),(1633,10,43,'','10431633','TILE 25X40 BLISS BLUE DCR A PLATINUM',1,44,0,70091,77100,0,0,0,'y','2017-05-08 14:42:10','developer','0000-00-00 00:00:00','',0),(1634,10,43,'','10431634','TILE 25X40 BLISS DARK BLUE A PLATINUM',1,44,0,87818,96600,0,0,0,'y','2017-05-08 14:42:10','developer','0000-00-00 00:00:00','',0),(1635,10,43,'','10431635','TILE 25X40 BONY BASIC A PLATINUM',1,44,52046,65636,72200,0,0,0,'y','2017-05-08 14:42:11','developer','0000-00-00 00:00:00','',0),(1636,10,43,'','10431636','TILE 25X40 BONY GREEN A PLATINUM',1,44,58410,68091,74900,0,0,0,'y','2017-05-08 14:42:11','developer','0000-00-00 00:00:00','',0),(1637,10,43,'','10431637','TILE 25X40 BONY GREEN DECOR A PLATINUM',1,44,61524,70091,77100,0,0,0,'y','2017-05-08 14:42:11','developer','0000-00-00 00:00:00','',0),(1638,10,43,'','10431638','TILE 25X40 BONY GREY A PLATINUM',1,44,58847,68091,74900,0,0,0,'y','2017-05-08 14:42:11','developer','0000-00-00 00:00:00','',0),(1639,10,43,'','10431639','TILE 25X40 BONY GREY DECOR A PLATINUM',1,44,60028,70091,77100,0,0,0,'y','2017-05-08 14:42:11','developer','0000-00-00 00:00:00','',0),(1640,10,43,'','10431640','TILE 25X40 BONZA BASIC A PLATINUM',1,44,56136,65636,72200,0,0,0,'y','2017-05-08 14:42:11','developer','0000-00-00 00:00:00','',0),(1641,10,43,'','10431641','TILE 20X33 ADORE BROWN EMB A PLATINUM',1,44,51137,61818,68000,0,0,0,'y','2017-05-08 14:42:11','developer','0000-00-00 00:00:00','',0),(1642,10,43,'','10431642','TILE 20X33 ADORE BRWN DCR EMB A PLATINUM',1,44,51140,61818,68000,0,0,0,'y','2017-05-08 14:42:11','developer','0000-00-00 00:00:00','',0),(1643,10,43,'','10431643','TILE 20X33 ADORE GREY DCR EMB A PLATINUM',1,44,51137,61818,68000,0,0,0,'y','2017-05-08 14:42:12','developer','0000-00-00 00:00:00','',0),(1644,10,43,'','10431644','TILE 20X33 ADORE GREY EMB A PLATINUM',1,44,51137,61818,68000,0,0,0,'y','2017-05-08 14:42:12','developer','0000-00-00 00:00:00','',0),(1645,10,43,'','10431645','TILE 20X33 ALLEGRA BLUE BASIC A PLATINUM',1,44,51590,57091,62800,0,0,0,'y','2017-05-08 14:42:12','developer','0000-00-00 00:00:00','',0),(1646,10,43,'','10431646','TILE 20X33 ALLEGRA D.BLUE EMB A PLATINUM',1,44,55680,61545,67700,0,0,0,'y','2017-05-08 14:42:12','developer','0000-00-00 00:00:00','',0),(1647,10,43,'','10431647','TILE 20X33 ALLEGRA D.ORG EMB A PLATINUM',1,44,55681,61545,67700,0,0,0,'y','2017-05-08 14:42:12','developer','0000-00-00 00:00:00','',0),(1648,10,43,'','10431648','TILE 20X33 ALLEGRA ORG BASIC A PLATINUM',1,44,51590,57091,62800,0,0,0,'y','2017-05-08 14:42:12','developer','0000-00-00 00:00:00','',0),(1649,10,43,'','10431649','TILE 20X33 ALMOND BROWN DECOR A PLATINUM',1,44,52505,58091,63900,0,0,0,'y','2017-05-08 14:42:12','developer','0000-00-00 00:00:00','',0),(1650,10,43,'','10431650','TILE 20X33 ALMOND D.BROWN EMB A PLATINUM',1,44,55681,61545,67700,0,0,0,'y','2017-05-08 14:42:12','developer','0000-00-00 00:00:00','',0),(1651,10,43,'','10431651','TILE 20X33 ALMOND D.GREY EMB A PLATINUM',1,44,55681,61545,67700,0,0,0,'y','2017-05-08 14:42:12','developer','0000-00-00 00:00:00','',0),(1652,10,43,'','10431652','TILE 20X33 ALMOND GREY DECOR A PLATINUM',1,44,52500,58091,63900,0,0,0,'y','2017-05-08 14:42:12','developer','0000-00-00 00:00:00','',0),(1653,10,43,'','10431653','TILE 20X33 ASTOR BLUE DECOR A PLATINUM',1,44,52500,58182,64000,0,0,0,'y','2017-05-08 14:42:13','developer','0000-00-00 00:00:00','',0),(1654,10,43,'','10431654','TILE 20X33 ASTOR D.BLUE EMB A PLATINUM',1,44,55681,61818,68000,0,0,0,'y','2017-05-08 14:42:13','developer','0000-00-00 00:00:00','',0),(1655,10,43,'','10431655','TILE 20X33 ASTOR D.PURPLE EMB A PLATINUM',1,44,55681,61818,68000,0,0,0,'y','2017-05-08 14:42:13','developer','0000-00-00 00:00:00','',0),(1656,10,43,'','10431656','TILE 20X33 ASTOR PUPLE DECOR A PLATINUM',1,44,52500,58182,64000,0,0,0,'y','2017-05-08 14:42:13','developer','0000-00-00 00:00:00','',0),(1657,10,43,'','10431657','TILE 20X33 AVON BASIC EMB A PLATINUM',1,44,55681,61636,67800,0,0,0,'y','2017-05-08 14:42:13','developer','0000-00-00 00:00:00','',0),(1658,10,43,'','10431658','TILE 20X33 AVON BLUE DECOR A PLATINUM',1,44,52499,58182,64000,0,0,0,'y','2017-05-08 14:42:13','developer','0000-00-00 00:00:00','',0),(1659,10,43,'','10431659','TILE 20X33 AVON BLUE EMBOSSED A PLATINUM',1,44,55681,61636,67800,0,0,0,'y','2017-05-08 14:42:13','developer','0000-00-00 00:00:00','',0),(1660,10,43,'','10431660','TILE 20X33 AVON PURPLE DECOR A PLATINUM',1,44,52501,58182,64000,0,0,0,'y','2017-05-08 14:42:13','developer','0000-00-00 00:00:00','',0),(1661,10,43,'','10431661','TILE 20X33 AVON PURPLE EMB A PLATINUM',1,44,55681,61636,67800,0,0,0,'y','2017-05-08 14:42:13','developer','0000-00-00 00:00:00','',0),(1662,10,43,'','10431662','TILE 20X33 LINI BASIC A PLATINUM',1,44,49404,55182,60700,0,0,0,'y','2017-05-08 14:42:13','developer','0000-00-00 00:00:00','',0),(1663,10,43,'','10431663','TILE 20X33 LINI DARK BLUE A PLATINUM',1,44,51744,58182,64000,0,0,0,'y','2017-05-08 14:42:13','developer','0000-00-00 00:00:00','',0),(1664,10,43,'','10431664','TILE 20X33 LINI DARK BROWN A PLATINUM',1,44,52478,58182,64000,0,0,0,'y','2017-05-08 14:42:13','developer','0000-00-00 00:00:00','',0),(1665,10,43,'','10431665','TILE 20X33 LINI DARK GREEN A PLATINUM',1,44,51646,58182,64000,0,0,0,'y','2017-05-08 14:42:13','developer','0000-00-00 00:00:00','',0),(1666,10,43,'','10431666','TILE 20X33 MOSAIC BASIC A PLATINUM',1,44,50317,55455,61001,0,0,0,'y','2017-05-08 14:42:14','developer','0000-00-00 00:00:00','',0),(1667,10,43,'','10431667','TILE 20X33 MOSAIC CREAM A PLATINUM',1,44,51768,58182,64000,0,0,0,'y','2017-05-08 14:42:14','developer','0000-00-00 00:00:00','',0),(1668,10,43,'','10431668','TILE 20X33 MOSAIC GREY A PLATINUM',1,44,47956,58182,64000,0,0,0,'y','2017-05-08 14:42:14','developer','0000-00-00 00:00:00','',0),(1669,10,43,'','10431669','TILE 20X50 BONZA BLACK EMB A PLATINUM',1,44,70341,79091,87000,0,0,0,'y','2017-05-08 14:42:14','developer','0000-00-00 00:00:00','',0),(1670,10,43,'','10431670','TILE 20X50 BONZA WHITE A PLATINUM',1,44,79318,88091,96900,0,0,0,'y','2017-05-08 14:42:14','developer','0000-00-00 00:00:00','',0),(1671,10,43,'','10431671','TILE 20X50 CALDEA BRWN DCR2 A PLATINUM',1,44,74318,85455,94001,0,0,0,'y','2017-05-08 14:42:14','developer','0000-00-00 00:00:00','',0),(1672,10,43,'','10431672','TILE 20X50 CALDEA DARK BROWN A PLATINUM',1,44,74318,85455,94001,0,0,0,'y','2017-05-08 14:42:14','developer','0000-00-00 00:00:00','',0),(1673,10,43,'','10431673','TILE 20X50 CALDEA DARK GREY A PLATINUM',1,44,74318,85455,94001,0,0,0,'y','2017-05-08 14:42:14','developer','0000-00-00 00:00:00','',0),(1674,10,43,'','10431674','TILE 20X50 CALDEA GREY DCR2 A PLATINUM',1,44,74051,85455,94001,0,0,0,'y','2017-05-08 14:42:14','developer','0000-00-00 00:00:00','',0),(1675,10,43,'','10431675','TILE 20X50 CANAL BROWN DECOR1 A PLATINUM',1,44,72045,80000,88000,0,0,0,'y','2017-05-08 14:42:14','developer','0000-00-00 00:00:00','',0),(1676,10,43,'','10431676','TILE 20X50 CANAL BROWN DECOR2 A PLATINUM',1,44,72095,80000,88000,0,0,0,'y','2017-05-08 14:42:14','developer','0000-00-00 00:00:00','',0),(1677,10,43,'','10431677','TILE 20X50 CANAL D.BROWN EMB A PLATINUM',1,44,73664,82000,90200,0,0,0,'y','2017-05-08 14:42:15','developer','0000-00-00 00:00:00','',0),(1678,10,43,'','10431678','TILE 20X50 CANAL D.GREY EMB A PLATINUM',1,44,73314,82000,90200,0,0,0,'y','2017-05-08 14:42:15','developer','0000-00-00 00:00:00','',0),(1679,10,43,'','10431679','TILE 20X50 CANAL GREY DECOR1 A PLATINUM',1,44,72045,80000,88000,0,0,0,'y','2017-05-08 14:42:15','developer','0000-00-00 00:00:00','',0),(1680,10,43,'','10431680','TILE 20X50 CANAL GREY DECOR2 A PLATINUM',1,44,72043,80000,88000,0,0,0,'y','2017-05-08 14:42:15','developer','0000-00-00 00:00:00','',0),(1681,10,43,'','10431681','TILE 20X50 CASSO BLUE DCR EMB A PLATINUM',1,44,73980,82000,90200,0,0,0,'y','2017-05-08 14:42:15','developer','0000-00-00 00:00:00','',0),(1682,10,43,'','10431682','TILE 20X50 CASSO DARK BLUE A PLATINUM',1,44,73863,82000,90200,0,0,0,'y','2017-05-08 14:42:15','developer','0000-00-00 00:00:00','',0),(1683,10,43,'','10431683','TILE 20X50 CASSO DARK GREY A PLATINUM',1,44,73822,82000,90200,0,0,0,'y','2017-05-08 14:42:15','developer','0000-00-00 00:00:00','',0),(1684,10,43,'','10431684','TILE 20X50 CASSO GREY DCR EMB A PLATINUM',1,44,73863,82000,90200,0,0,0,'y','2017-05-08 14:42:16','developer','0000-00-00 00:00:00','',0),(1685,10,43,'','10431685','TILE 20X50 CORBI DARK GRY EMB A PLATINUM',1,44,74091,82000,90200,0,0,0,'y','2017-05-08 14:42:16','developer','0000-00-00 00:00:00','',0),(1686,10,43,'','10431686','TILE 20X50 CORBI GREY BSC EMB A PLATINUM',1,44,68636,76000,83600,0,0,0,'y','2017-05-08 14:42:16','developer','0000-00-00 00:00:00','',0),(1687,10,43,'','10431687','TILE 20X50 CORBI GREY DCR EMB A PLATINUM',1,44,72587,82000,90200,0,0,0,'y','2017-05-08 14:42:16','developer','0000-00-00 00:00:00','',0),(1688,10,43,'','10431688','TILE 20X50 CORUM BROWN A PLATINUM',1,44,72169,80091,88100,0,0,0,'y','2017-05-08 14:42:16','developer','0000-00-00 00:00:00','',0),(1689,10,43,'','10431689','TILE 20X50 CORUM BRWN DCR EMB A PLATINUM',1,44,73780,82091,90300,0,0,0,'y','2017-05-08 14:42:16','developer','0000-00-00 00:00:00','',0),(1690,10,43,'','10431690','TILE 20X50 CORUM GREY A PLATINUM',1,44,72045,80091,88100,0,0,0,'y','2017-05-08 14:42:16','developer','0000-00-00 00:00:00','',0),(1691,10,43,'','10431691','TILE 20X50 CORUM GREY DCR EMB A PLATINUM',1,44,73864,82091,90300,0,0,0,'y','2017-05-08 14:42:16','developer','0000-00-00 00:00:00','',0),(1692,10,43,'','10431692','TILE 20X50 COZY BASIC A PLATINUM',1,44,65633,73000,80300,0,0,0,'y','2017-05-08 14:42:16','developer','0000-00-00 00:00:00','',0),(1693,10,43,'','10431693','TILE 20X50 COZY DARK BRWN EMB A PLATINUM',1,44,73863,82000,90200,0,0,0,'y','2017-05-08 14:42:16','developer','0000-00-00 00:00:00','',0),(1694,10,43,'','10431694','TILE 20X50 COZY DARK GREY EMB A PLATINUM',1,44,73863,82000,90200,0,0,0,'y','2017-05-08 14:42:16','developer','0000-00-00 00:00:00','',0),(1695,10,43,'','10431695','TILE 20X50 GROOVE DCR CRM A DGPLATINUM',1,44,68833,76091,83700,0,0,0,'y','2017-05-08 14:42:16','developer','0000-00-00 00:00:00','',0),(1696,10,43,'','10431696','TILE 20X50 GROOVE GRY DCR EMB A PLATINUM',1,44,68831,76091,83700,0,0,0,'y','2017-05-08 14:42:17','developer','0000-00-00 00:00:00','',0),(1697,10,43,'','10431697','TILE 25X40 BALKAN BASIC BROWN A PLATINUM',1,44,53409,65636,72200,0,0,0,'y','2017-05-08 14:42:17','developer','0000-00-00 00:00:00','',0),(1698,10,43,'','10431698','TILE 25X40 BALKAN BASIC GREY A PLATINUM',1,44,53409,65636,72200,0,0,0,'y','2017-05-08 14:42:17','developer','0000-00-00 00:00:00','',0),(1699,10,43,'','10431699','TILE 25X40 BALKAN BROWN A PLATINUM',1,44,55681,68091,74900,0,0,0,'y','2017-05-08 14:42:17','developer','0000-00-00 00:00:00','',0),(1700,10,43,'','10431700','TILE 25X40 BALKAN BRW DCR EMB A PLATINUM',1,44,57500,70091,77100,0,0,0,'y','2017-05-08 14:42:17','developer','0000-00-00 00:00:00','',0),(1701,10,43,'','10431701','TILE 25X40 BALKAN GREY A PLATINUM',1,44,55687,68091,74900,0,0,0,'y','2017-05-08 14:42:17','developer','0000-00-00 00:00:00','',0),(1702,10,43,'','10431702','TILE 25X40 BALKAN GRY DCR EMB A PLATINUM',1,44,57500,70091,77100,0,0,0,'y','2017-05-08 14:42:17','developer','0000-00-00 00:00:00','',0),(1703,10,43,'','10431703','TILE 25X40 BERRY BLUE DCR EMB A PLATINUM',1,44,81132,90818,99900,0,0,0,'y','2017-05-08 14:42:17','developer','0000-00-00 00:00:00','',0),(1704,10,43,'','10431704','TILE 25X40 BERRY GRN DCR EMB A PLATINUM',1,44,80912,90818,99900,0,0,0,'y','2017-05-08 14:42:17','developer','0000-00-00 00:00:00','',0),(1705,10,43,'','10431705','TILE 25X40 BERRY YLLW DCR EMB A PLATINUM',1,44,81032,90818,99900,0,0,0,'y','2017-05-08 14:42:18','developer','0000-00-00 00:00:00','',0),(1706,10,43,'','10431706','TILE 25X40 BETSY BASIC A PLATINUM',1,44,55228,65636,72200,0,0,0,'y','2017-05-08 14:42:18','developer','0000-00-00 00:00:00','',0),(1707,10,43,'','10431707','TILE 25X40 BETSY BLACK DECOR1 A PLATINUM',1,44,59339,70091,77100,0,0,0,'y','2017-05-08 14:42:18','developer','0000-00-00 00:00:00','',0),(1708,10,43,'','10431708','TILE 25X40 BETSY BLACK DECOR2 A PLATINUM',1,44,60146,70000,77000,0,0,0,'y','2017-05-08 14:42:18','developer','0000-00-00 00:00:00','',0),(1709,10,43,'','10431709','TILE 25X40 BETSY PURPLE DCR1 A PLATINUM',1,44,60530,70091,77100,0,0,0,'y','2017-05-08 14:42:18','developer','0000-00-00 00:00:00','',0),(1710,10,43,'','10431710','TILE 25X40 BETSY PURPLE DCR2 A PLATINUM',1,44,59319,70091,77100,0,0,0,'y','2017-05-08 14:42:18','developer','0000-00-00 00:00:00','',0),(1711,10,43,'','10431711','TILE 25X40 BOFA BASIC A PLATINUM',1,44,55227,65636,72200,0,0,0,'y','2017-05-08 14:42:18','developer','0000-00-00 00:00:00','',0),(1712,10,43,'','10431712','TILE 25X40 BOFA D.BLUE EMB A PLATINUM',1,44,76296,90818,99900,0,0,0,'y','2017-05-08 14:42:19','developer','0000-00-00 00:00:00','',0),(1713,10,43,'','10431713','TILE 25X40 BOFA D.GREEN EMB A PLATINUM',1,44,78409,90818,99900,0,0,0,'y','2017-05-08 14:42:19','developer','0000-00-00 00:00:00','',0),(1714,10,43,'','10431714','TILE 25X40 BOFA DECOR A PLATINUM',1,44,61137,72000,79200,0,0,0,'y','2017-05-08 14:42:19','developer','0000-00-00 00:00:00','',0),(1715,10,43,'','10431715','TILE 25X40 BONZA BLACK EMB A PLATINUM',1,44,80905,90818,99900,0,0,0,'y','2017-05-08 14:42:19','developer','0000-00-00 00:00:00','',0),(1716,10,43,'','10431716','TILE 25X40 BONZA D.PURPLE EMB A PLATINUM',1,44,81136,90818,99900,0,0,0,'y','2017-05-08 14:42:19','developer','0000-00-00 00:00:00','',0),(1717,10,43,'','10431717','TILE 25X40 BONZA DARK BLUE A PLATINUM',1,44,78443,87818,96600,0,0,0,'y','2017-05-08 14:42:19','developer','0000-00-00 00:00:00','',0),(1718,10,43,'','10431718','TILE 25X40 BONZA DARK GREEN A PLATINUM',1,44,78409,87818,96600,0,0,0,'y','2017-05-08 14:42:19','developer','0000-00-00 00:00:00','',0),(1719,10,43,'','10431719','TILE 25X40 BONZA DARK YELLOW A PLATINUM',1,44,78409,87818,96600,0,0,0,'y','2017-05-08 14:42:19','developer','0000-00-00 00:00:00','',0),(1720,10,43,'','10431720','TILE 25X40 BONZA WHITE A PLATINUM',1,44,78973,90818,99900,0,0,0,'y','2017-05-08 14:42:19','developer','0000-00-00 00:00:00','',0),(1721,10,43,'','10431721','TILE 25X40 BORJA BL DCR1 EMB A PLATINUM',1,44,61136,72000,79200,0,0,0,'y','2017-05-08 14:42:19','developer','0000-00-00 00:00:00','',0),(1722,10,43,'','10431722','TILE 25X40 BORJA BLUE DCR2 A PLATINUM',1,44,56806,72000,79200,0,0,0,'y','2017-05-08 14:42:19','developer','0000-00-00 00:00:00','',0),(1723,10,43,'','10431723','TILE 25X40 BORJA D.BLUE EMB A PLATINUM',1,44,81136,90818,99900,0,0,0,'y','2017-05-08 14:42:19','developer','0000-00-00 00:00:00','',0),(1724,10,43,'','10431724','TILE 25X40 BORJA D.PRPL EMB A PLATINUM',1,44,82176,90818,99900,0,0,0,'y','2017-05-08 14:42:19','developer','0000-00-00 00:00:00','',0),(1725,10,43,'','10431725','TILE 25X40 BORJA PRP DCR1 EMB A PLATINUM',1,44,63863,72000,79200,0,0,0,'y','2017-05-08 14:42:20','developer','0000-00-00 00:00:00','',0),(1726,10,43,'','10431726','TILE 25X40 BORJA PURPLE DCR2 A PLATINUM',1,44,65682,72000,79200,0,0,0,'y','2017-05-08 14:42:20','developer','0000-00-00 00:00:00','',0),(1727,10,43,'','10431727','TILE 25X40 BRACO BASIC A PLATINUM',1,44,59451,65636,72200,0,0,0,'y','2017-05-08 14:42:20','developer','0000-00-00 00:00:00','',0),(1728,10,43,'','10431728','TILE 25X40 BRACO CREAM EMB A PLATINUM',1,44,62045,70091,77100,0,0,0,'y','2017-05-08 14:42:20','developer','0000-00-00 00:00:00','',0),(1729,10,43,'','10431729','TILE 25X40 BRACO GREY EMB A PLATINUM',1,44,62045,70091,77100,0,0,0,'y','2017-05-08 14:42:20','developer','0000-00-00 00:00:00','',0),(1730,10,43,'','10431730','TILE 25X40 BRIO BLUE DECOR A PLATINUM',1,44,62152,70091,77100,0,0,0,'y','2017-05-08 14:42:20','developer','0000-00-00 00:00:00','',0),(1731,10,43,'','10431731','TILE 25X40 BRIO DARK BLUE EMB A PLATINUM',1,44,78531,90818,99900,0,0,0,'y','2017-05-08 14:42:20','developer','0000-00-00 00:00:00','',0),(1732,10,43,'','10431732','TILE 25X40 BRIO DARK ORG EMB A PLATINUM',1,44,80974,90818,99900,0,0,0,'y','2017-05-08 14:42:20','developer','0000-00-00 00:00:00','',0),(1733,10,43,'','10431733','TILE 25X40 BRIO ORG DECOR A PLATINUM',1,44,62045,70091,77100,0,0,0,'y','2017-05-08 14:42:20','developer','0000-00-00 00:00:00','',0),(1734,10,43,'','10431734','TILE 25X40 NOLIA BASIC A PLATINUM',1,44,52599,58727,64600,0,0,0,'y','2017-05-08 14:42:20','developer','0000-00-00 00:00:00','',0),(1735,10,43,'','10431735','TILE 25X40 NOLIA DARK BLUE A PLATINUM',1,44,55035,63091,69400,0,0,0,'y','2017-05-08 14:42:21','developer','0000-00-00 00:00:00','',0),(1736,10,43,'','10431736','TILE 25X40 NOLIA DARK BROWN A PLATINUM',1,44,54091,63091,69400,0,0,0,'y','2017-05-08 14:42:21','developer','0000-00-00 00:00:00','',0),(1737,10,43,'','10431737','TILE 25X40 NOLIA DARK GREEN A PLATINUM',1,44,54091,63091,69400,0,0,0,'y','2017-05-08 14:42:21','developer','0000-00-00 00:00:00','',0),(1738,10,43,'','10431738','TILE 25X40 NYRA DARK GREY A PLATINUM',1,44,54091,63091,69400,0,0,0,'y','2017-05-08 14:42:21','developer','0000-00-00 00:00:00','',0),(1739,10,43,'','10431739','TILE 25X40 NYRA GREY DECOR A PLATINUM',1,44,54094,60636,66700,0,0,0,'y','2017-05-08 14:42:21','developer','0000-00-00 00:00:00','',0),(1740,10,43,'','10431740','TILE 20X40 DENIM BLUE C W40564 ROMAN',1,43,57254,87909,96700,0,0,0,'y','2017-05-08 14:42:21','developer','0000-00-00 00:00:00','',0),(1741,10,43,'','10431741','TILE 20X40 DENIM BONE B W40523 ROMAN',1,43,71262,85182,93700,0,0,0,'y','2017-05-08 14:42:21','developer','0000-00-00 00:00:00','',0),(1742,10,43,'','10431742','TILE 20X40 DENIM BROWN C W40563 ROMAN',1,43,68886,87909,96700,0,0,0,'y','2017-05-08 14:42:21','developer','0000-00-00 00:00:00','',0),(1743,10,43,'','10431743','TILE 25X50 RHPSDY LVNDER D W52248 ROMAN',1,43,0,123000,135300,0,0,0,'y','2017-05-08 14:42:22','developer','0000-00-00 00:00:00','',0),(1744,10,43,'','10431744','TILE 33X33 GENESIS IVORY A 36627P ROMAN',1,43,0,71182,78300,0,0,0,'y','2017-05-08 14:42:22','developer','0000-00-00 00:00:00','',0),(1745,10,43,'','10431745','TILE 33X33 HAWAII GRGIO A G367403 ROMAN',1,43,68545,84273,92700,0,0,0,'y','2017-05-08 14:42:22','developer','0000-00-00 00:00:00','',0),(1746,10,43,'','10431746','TILE 33X33 HAWAII NERO A G367405 ROMAN',1,43,0,84273,92700,0,0,0,'y','2017-05-08 14:42:22','developer','0000-00-00 00:00:00','',0),(1747,10,43,'','10431747','TILE 33X33 LIMESTONE RBW A G362092ROMAN',1,43,50253,84273,92700,0,0,0,'y','2017-05-08 14:42:22','developer','0000-00-00 00:00:00','',0),(1748,10,43,'','10431748','TILE 33X33 LIMESTONECRN A G362159 ROMAN',1,43,50253,84273,92700,0,0,0,'y','2017-05-08 14:42:22','developer','0000-00-00 00:00:00','',0),(1749,10,43,'','10431749','TILE 33X33 MANHATTAN BLK A G365412ROMAN',1,43,0,84273,92700,0,0,0,'y','2017-05-08 14:42:23','developer','0000-00-00 00:00:00','',0),(1750,10,43,'','10431750','TILE 33X33 MANHATTAN COP G365410 ROMAN',1,43,0,94545,104000,0,0,0,'y','2017-05-08 14:42:23','developer','0000-00-00 00:00:00','',0),(1751,10,43,'','10431751','TILE 33X33 MANHATTAN STL G365411 ROMAN',1,43,0,94545,104000,0,0,0,'y','2017-05-08 14:42:23','developer','0000-00-00 00:00:00','',0),(1752,10,43,'','10431752','TILE 33X33 MASONRY GRAF A G365407 ROMAN',1,43,70380,84273,92700,0,0,0,'y','2017-05-08 14:42:23','developer','0000-00-00 00:00:00','',0),(1753,10,43,'','10431753','TILE 33X33 MASONRY VINO A G365405 ROMAN',1,43,70380,84273,92700,0,0,0,'y','2017-05-08 14:42:24','developer','0000-00-00 00:00:00','',0),(1754,10,43,'','10431754','TILE 33X33 NATURA ROSSO A G360265 ROMAN',1,43,0,84273,92700,0,0,0,'y','2017-05-08 14:42:24','developer','0000-00-00 00:00:00','',0),(1755,10,43,'','10431755','TILE 33X33 PALIMANAN GL A G367009 ROMAN',1,43,57434,84273,92700,0,0,0,'y','2017-05-08 14:42:24','developer','0000-00-00 00:00:00','',0),(1756,10,43,'','10431756','TILE 33X33 PORFIDO VINO A G362063 ROMAN',1,43,54676,84273,92700,0,0,0,'y','2017-05-08 14:42:24','developer','0000-00-00 00:00:00','',0),(1757,10,43,'','10431757','TILE 33X33 RGRAND GREEN A G360401 ROMAN',1,43,70380,84273,92700,0,0,0,'y','2017-05-08 14:42:24','developer','0000-00-00 00:00:00','',0),(1758,10,43,'','10431758','TILE 33X33 TERAIN  BONE A G360404 ROMAN',1,43,63600,84273,92700,0,0,0,'y','2017-05-08 14:42:24','developer','0000-00-00 00:00:00','',0),(1759,10,43,'','10431759','TILE 33X33 TERAIN BLACK A G360407 ROMAN',1,43,64251,84273,92700,0,0,0,'y','2017-05-08 14:42:25','developer','0000-00-00 00:00:00','',0),(1760,10,43,'','10431760','TILE 33X33 TERAIN BROWN A G360406 ROMAN',1,43,69679,84273,92700,0,0,0,'y','2017-05-08 14:42:25','developer','0000-00-00 00:00:00','',0),(1761,10,43,'','10431761','TILE 33X33 TERAIN CREAM A G360405 ROMAN',1,43,64694,84273,92700,0,0,0,'y','2017-05-08 14:42:25','developer','0000-00-00 00:00:00','',0),(1762,10,43,'','10431762','TILE 33X33 TERRACOTTA PN A G365802ROMAN',1,43,0,84273,92700,0,0,0,'y','2017-05-08 14:42:25','developer','0000-00-00 00:00:00','',0),(1763,10,43,'','10431763','TILE 33X33 TRIESTE BRUNO B 36554P ROMAN',1,43,67483,76364,84000,0,0,0,'y','2017-05-08 14:42:26','developer','0000-00-00 00:00:00','',0),(1764,10,43,'','10431764','TILE 33X33 VARUNA CREMA A 36517P ROMAN',1,43,0,75455,83001,0,0,0,'y','2017-05-08 14:42:26','developer','0000-00-00 00:00:00','',0),(1765,10,43,'','10431765','TILE 33X33 VARUNA VERDE A 36516P ROMAN',1,43,59520,71182,78300,0,0,0,'y','2017-05-08 14:42:26','developer','0000-00-00 00:00:00','',0),(1766,10,43,'','10431766','TILE 33X33 VARUNAGRIGIO A 36518P ROMAN',1,43,0,71182,78300,0,0,0,'y','2017-05-08 14:42:27','developer','0000-00-00 00:00:00','',0),(1767,10,43,'','10431767','TILE 33X33 VENETO BLACK A G362215 ROMAN',1,43,66064,84273,92700,0,0,0,'y','2017-05-08 14:42:27','developer','0000-00-00 00:00:00','',0),(1768,10,43,'','10431768','TILE 33X33 VENETO BONE A G362217 ROMAN',1,43,68545,84273,92700,0,0,0,'y','2017-05-08 14:42:27','developer','0000-00-00 00:00:00','',0),(1769,10,43,'','10431769','TILE 33X33 VENETO GREY A G362213 ROMAN',1,43,50253,84273,92700,0,0,0,'y','2017-05-08 14:42:27','developer','0000-00-00 00:00:00','',0),(1770,10,43,'','10431770','TILE 33X33 VENETO TAUPE A G362214 ROMAN',1,43,50253,84273,92700,0,0,0,'y','2017-05-08 14:42:27','developer','0000-00-00 00:00:00','',0),(1771,10,43,'','10431771','TILE 33X33 VENETOMACH A G362225 ROMAN',1,43,50253,84273,92700,0,0,0,'y','2017-05-08 14:42:28','developer','0000-00-00 00:00:00','',0),(1772,10,43,'','10431772','TILE 40X40 ALEXA CREMA B G449233 ROMAN',1,43,70019,82182,90400,0,0,0,'y','2017-05-08 14:42:28','developer','0000-00-00 00:00:00','',0),(1773,10,43,'','10431773','TILE 40X40 ALEXA GRIGIO B G449235 ROMAN',1,43,69266,82182,90400,0,0,0,'y','2017-05-08 14:42:28','developer','0000-00-00 00:00:00','',0),(1774,10,43,'','10431774','TILE 40X40 ALEXA GRT C G449535 ROMAN',1,43,72131,86545,95200,0,0,0,'y','2017-05-08 14:42:28','developer','0000-00-00 00:00:00','',0),(1775,10,43,'','10431775','TILE 40X40 CHRYSNT BRWN A G447315 ROMAN',1,43,0,82182,90400,0,0,0,'y','2017-05-08 14:42:28','developer','0000-00-00 00:00:00','',0),(1776,10,43,'','10431776','TILE 40X40 CHRYSNT HONEY A G447312ROMAN',1,43,59365,82182,90400,0,0,0,'y','2017-05-08 14:42:28','developer','0000-00-00 00:00:00','',0),(1777,10,43,'','10431777','TILE 20X40 MALAKA BEIGE B W40501 ROMAN',1,43,76920,88636,97500,0,0,0,'y','2017-05-08 14:42:28','developer','0000-00-00 00:00:00','',0),(1778,10,43,'','10431778','TILE 20X40 MALAKA BONE B W40500 ROMAN',1,43,76920,88636,97500,0,0,0,'y','2017-05-08 14:42:29','developer','0000-00-00 00:00:00','',0),(1779,10,43,'','10431779','TILE 20X40 MALAKA BROWN C W40540 ROMAN',1,43,79575,90273,99300,0,0,0,'y','2017-05-08 14:42:29','developer','0000-00-00 00:00:00','',0),(1780,10,43,'','10431780','TILE 20X40 NEAPOLIS BRUNO C W40660 ROMAN',1,43,79920,87909,96700,0,0,0,'y','2017-05-08 14:42:29','developer','0000-00-00 00:00:00','',0),(1781,10,43,'','10431781','TILE 20X40 NEAPOLIS GRGIO C W40662 ROMAN',1,43,76920,87909,96700,0,0,0,'y','2017-05-08 14:42:29','developer','0000-00-00 00:00:00','',0),(1782,10,43,'','10431782','TILE 20X40 NEAPOLIS INVRN E W40632 ROMAN',1,43,84320,95636,105200,0,0,0,'y','2017-05-08 14:42:29','developer','0000-00-00 00:00:00','',0),(1783,10,43,'','10431783','TILE 20X40 NEAPOLIS PERLA B W40622 ROMAN',1,43,74700,85182,93700,0,0,0,'y','2017-05-08 14:42:29','developer','0000-00-00 00:00:00','',0),(1784,10,43,'','10431784','TILE 20X40 PATRON DOLCE F W40711 ROMAN',1,43,90280,99273,109200,0,0,0,'y','2017-05-08 14:42:29','developer','0000-00-00 00:00:00','',0),(1785,10,43,'','10431785','TILE 20X40 PATRON FRESCO F W40712 ROMAN',1,43,87280,99273,109200,0,0,0,'y','2017-05-08 14:42:29','developer','0000-00-00 00:00:00','',0),(1786,10,43,'','10431786','TILE 20X40 PATRON NATURA B W40601 ROMAN',1,43,74700,85273,93800,0,0,0,'y','2017-05-08 14:42:29','developer','0000-00-00 00:00:00','',0),(1787,10,43,'','10431787','TILE 20X40 POLKA BLACK C W40240 ROMAN',1,43,80109,87909,96700,0,0,0,'y','2017-05-08 14:42:29','developer','0000-00-00 00:00:00','',0),(1788,10,43,'','10431788','TILE 20X40 SERENITY BLACK C W40109 ROMAN',1,43,77454,90273,99300,0,0,0,'y','2017-05-08 14:42:30','developer','0000-00-00 00:00:00','',0),(1789,10,43,'','10431789','TILE 20X40 SERENITY WHT B W40106 ROMAN',1,43,77699,85182,93700,0,0,0,'y','2017-05-08 14:42:30','developer','0000-00-00 00:00:00','',0),(1790,10,43,'','10431790','TILE 20X40 SERENITYBIANCA B W40160 ROMAN',1,43,75127,85182,93700,0,0,0,'y','2017-05-08 14:42:30','developer','0000-00-00 00:00:00','',0),(1791,10,43,'','10431791','TILE 20X40 TWINKLE BEIGE B W40207 ROMAN',1,43,77542,88636,97500,0,0,0,'y','2017-05-08 14:42:30','developer','0000-00-00 00:00:00','',0),(1792,10,43,'','10431792','TILE 20X40 TWINKLE BLACK C W40209 ROMAN',1,43,79502,90273,99300,0,0,0,'y','2017-05-08 14:42:30','developer','0000-00-00 00:00:00','',0),(1793,10,43,'','10431793','TILE 20X40 TWINKLE BROWN C W40208 ROMAN',1,43,79920,90273,99300,0,0,0,'y','2017-05-08 14:42:30','developer','0000-00-00 00:00:00','',0),(1794,10,43,'','10431794','TILE 20X40 TWINKLE WHITE B W40206 ROMAN',1,43,77170,88636,97500,0,0,0,'y','2017-05-08 14:42:30','developer','0000-00-00 00:00:00','',0),(1795,10,43,'','10431795','TILE 20X40 URBAN CAFE C W40224 ROMAN',1,43,79486,87909,96700,0,0,0,'y','2017-05-08 14:42:30','developer','0000-00-00 00:00:00','',0),(1796,10,43,'','10431796','TILE 20X40 URBAN CREMA B W40222 ROMAN',1,43,76910,88636,97500,0,0,0,'y','2017-05-08 14:42:30','developer','0000-00-00 00:00:00','',0),(1797,10,43,'','10431797','TILE 20X40 URBAN ORIGINE B W40221 ROMAN',1,43,77700,85182,93700,0,0,0,'y','2017-05-08 14:42:30','developer','0000-00-00 00:00:00','',0),(1798,10,43,'','10431798','TILE 20X40 WALTZ BLACK C W40119 ROMAN',1,43,77818,90273,99300,0,0,0,'y','2017-05-08 14:42:30','developer','0000-00-00 00:00:00','',0),(1799,10,43,'','10431799','TILE 20X40 WALTZ WHITE B W40116 ROMAN',1,43,77683,85182,93700,0,0,0,'y','2017-05-08 14:42:31','developer','0000-00-00 00:00:00','',0),(1800,10,43,'','10431800','TILE 25X50 BRUSSEL NATURA B W52253 ROMAN',1,43,86760,98000,107800,0,0,0,'y','2017-05-08 14:42:31','developer','0000-00-00 00:00:00','',0),(1801,10,43,'','10431801','TILE 25X50 BRUSSEL PLTNUM F W52753 ROMAN',1,43,120576,133727,147100,0,0,0,'y','2017-05-08 14:42:31','developer','0000-00-00 00:00:00','',0),(1802,10,43,'','10431802','TILE 25X50 HIMALAYA WHITE B W52160 ROMAN',1,43,89760,98000,107800,0,0,0,'y','2017-05-08 14:42:31','developer','0000-00-00 00:00:00','',0),(1803,10,43,'','10431803','TILE 25X50 MONTURA BRUNO F W52725 ROMAN',1,43,128954,133727,147100,0,0,0,'y','2017-05-08 14:42:31','developer','0000-00-00 00:00:00','',0),(1804,10,43,'','10431804','TILE 25X50 RHPSDY ARANCIO D W52246 ROMAN',1,43,102972,112455,123701,0,0,0,'y','2017-05-08 14:42:31','developer','0000-00-00 00:00:00','',0),(1805,10,43,'','10431805','TILE 25X50 RHPSDY BIANCO B W52206 ROMAN',1,43,91330,98000,107800,0,0,0,'y','2017-05-08 14:42:31','developer','0000-00-00 00:00:00','',0),(1806,10,43,'','10431806','TILE 25X50 RHPSDY GIALLO D W52244 ROMAN',1,43,103084,112455,123701,0,0,0,'y','2017-05-08 14:42:31','developer','0000-00-00 00:00:00','',0),(1807,10,43,'','10431807','TILE 25X50 RHPSDY NERO D W52249 ROMAN',1,43,101533,112455,123701,0,0,0,'y','2017-05-08 14:42:31','developer','0000-00-00 00:00:00','',0),(1808,10,43,'','10431808','TILE 25X50 RHPSDY ROSSO D W52245 ROMAN',1,43,103084,123000,135300,0,0,0,'y','2017-05-08 14:42:31','developer','0000-00-00 00:00:00','',0),(1809,10,43,'','10431809','TILE 25X50 RHPSDY VERDE D W52247 ROMAN',1,43,104932,112455,123701,0,0,0,'y','2017-05-08 14:42:31','developer','0000-00-00 00:00:00','',0),(1810,10,43,'','10431810','TILE 25X50 SAVILLE AVORIO B W52224 ROMAN',1,43,86760,98000,107800,0,0,0,'y','2017-05-08 14:42:32','developer','0000-00-00 00:00:00','',0),(1811,10,43,'','10431811','TILE 25X50 SAVILLE FEMME E W52274 ROMAN',1,43,109902,123182,135500,0,0,0,'y','2017-05-08 14:42:32','developer','0000-00-00 00:00:00','',0),(1812,10,43,'','10431812','TILE 25X50 SAVILLE PERLA B W52226 ROMAN',1,43,87105,98000,107800,0,0,0,'y','2017-05-08 14:42:32','developer','0000-00-00 00:00:00','',0),(1813,10,43,'','10431813','TILE 25X50 SAVILLE VIRILE E W52276 ROMAN',1,43,109902,123182,135500,0,0,0,'y','2017-05-08 14:42:32','developer','0000-00-00 00:00:00','',0),(1814,10,43,'','10431814','TILE 25X50 STRENNA LSTRA B W52223 ROMAN',1,43,84520,98000,107800,0,0,0,'y','2017-05-08 14:42:32','developer','0000-00-00 00:00:00','',0),(1815,10,43,'','10431815','TILE 25X50 STRENNA MISTO F W52723 ROMAN',1,43,118867,133727,147100,0,0,0,'y','2017-05-08 14:42:32','developer','0000-00-00 00:00:00','',0),(1816,10,43,'','10431816','TILE 33X33 ADELAIDE BONE A G362240 ROMAN',1,43,74716,84273,92700,0,0,0,'y','2017-05-08 14:42:32','developer','0000-00-00 00:00:00','',0),(1817,10,43,'','10431817','TILE 33X33 ADELAIDE COFF A G362242 ROMAN',1,43,68403,84273,92700,0,0,0,'y','2017-05-08 14:42:32','developer','0000-00-00 00:00:00','',0),(1818,10,43,'','10431818','TILE 33X33 ADELAIDE CRM A G362241 ROMAN',1,43,74466,84273,92700,0,0,0,'y','2017-05-08 14:42:32','developer','0000-00-00 00:00:00','',0),(1819,10,43,'','10431819','TILE 33X33 ADELAIDE SMK A G362243 ROMAN',1,43,73745,84273,92700,0,0,0,'y','2017-05-08 14:42:32','developer','0000-00-00 00:00:00','',0),(1820,10,43,'','10431820','TILE 33X33 ADELAIDE STN A G362244 ROMAN',1,43,77975,84273,92700,0,0,0,'y','2017-05-08 14:42:33','developer','0000-00-00 00:00:00','',0),(1821,10,43,'','10431821','TILE 33X33 BORNEO BAY A G362162 ROMAN',1,43,74557,84273,92700,0,0,0,'y','2017-05-08 14:42:33','developer','0000-00-00 00:00:00','',0),(1822,10,43,'','10431822','TILE 33X33 BORNEO BONE A G362161 ROMAN',1,43,70380,84273,92700,0,0,0,'y','2017-05-08 14:42:33','developer','0000-00-00 00:00:00','',0),(1823,10,43,'','10431823','TILE 33X33 BORNEO GRFT A G362163 ROMAN',1,43,60342,84273,92700,0,0,0,'y','2017-05-08 14:42:33','developer','0000-00-00 00:00:00','',0),(1824,10,43,'','10431824','TILE 33X33 BORNEO SAND A G362160 ROMAN',1,43,74018,84273,92700,0,0,0,'y','2017-05-08 14:42:33','developer','0000-00-00 00:00:00','',0),(1825,10,43,'','10431825','TILE 33X33 CALCADA GRG AB G360213 ROMAN',1,43,73745,83818,92200,0,0,0,'y','2017-05-08 14:42:33','developer','0000-00-00 00:00:00','',0),(1826,10,43,'','10431826','TILE 33X33 DACERA CREMA A G360410 ROMAN',1,43,75839,84273,92700,0,0,0,'y','2017-05-08 14:42:33','developer','0000-00-00 00:00:00','',0),(1827,10,43,'','10431827','TILE 33X33 DACERA GRGIO A G360412 ROMAN',1,43,74726,84273,92700,0,0,0,'y','2017-05-08 14:42:33','developer','0000-00-00 00:00:00','',0),(1828,10,43,'','10431828','TILE 33X33 DACERA ROSSO A G360411 ROMAN',1,43,73745,84273,92700,0,0,0,'y','2017-05-08 14:42:33','developer','0000-00-00 00:00:00','',0),(1829,10,43,'','10431829','TILE 33X33 DALLEY BROWN A G360408 ROMAN',1,43,74726,84273,92700,0,0,0,'y','2017-05-08 14:42:33','developer','0000-00-00 00:00:00','',0),(1830,10,43,'','10431830','TILE 33X33 DALLEY GREY A G360409 ROMAN',1,43,73745,84273,92700,0,0,0,'y','2017-05-08 14:42:34','developer','0000-00-00 00:00:00','',0),(1831,10,43,'','10431831','TILE 33X33 DCORAL BRUNO AB G360210 ROMAN',1,43,73745,83818,92200,0,0,0,'y','2017-05-08 14:42:34','developer','0000-00-00 00:00:00','',0),(1832,10,43,'','10431832','TILE 33X33 DCORAL PERLA AB G360211 ROMAN',1,43,76745,83818,92200,0,0,0,'y','2017-05-08 14:42:34','developer','0000-00-00 00:00:00','',0),(1833,10,43,'','10431833','TILE 33X33 GRANITY ALM A G362050 ROMAN',1,43,69564,84273,92700,0,0,0,'y','2017-05-08 14:42:34','developer','0000-00-00 00:00:00','',0),(1834,10,43,'','10431834','TILE 33X33 HAWAII BRUNO A G367404 ROMAN',1,43,73639,84273,92700,0,0,0,'y','2017-05-08 14:42:34','developer','0000-00-00 00:00:00','',0),(1835,10,43,'','10431835','TILE 33X33 HAWAII IVORY A G367400 ROMAN',1,43,73745,84273,92700,0,0,0,'y','2017-05-08 14:42:34','developer','0000-00-00 00:00:00','',0),(1836,10,43,'','10431836','TILE 33X33 HAWAII PERLA  A G367402 ROMAN',1,43,73946,84273,92700,0,0,0,'y','2017-05-08 14:42:34','developer','0000-00-00 00:00:00','',0),(1837,10,43,'','10431837','TILE 33X33 HAWAII SAND A G367401 ROMAN',1,43,74123,84273,92700,0,0,0,'y','2017-05-08 14:42:34','developer','0000-00-00 00:00:00','',0),(1838,10,43,'','10431838','TILE 33X33 MANHATTAN GRY A G365413 ROMAN',1,43,70380,84273,92700,0,0,0,'y','2017-05-08 14:42:34','developer','0000-00-00 00:00:00','',0),(1839,10,43,'','10431839','TILE 33X33 PAVE BRUNO AB G360218 ROMAN',1,43,0,83818,92200,0,0,0,'y','2017-05-08 14:42:34','developer','0000-00-00 00:00:00','',0),(1840,10,43,'','10431840','TILE 33X33 PAVE GRIGIO AB G360217 ROMAN',1,43,73745,83818,92200,0,0,0,'y','2017-05-08 14:42:34','developer','0000-00-00 00:00:00','',0),(1841,10,43,'','10431841','TILE 33X33 RGRANDE BROWN A G360400 ROMAN',1,43,74726,84273,92700,0,0,0,'y','2017-05-08 14:42:34','developer','0000-00-00 00:00:00','',0),(1842,10,43,'','10431842','TILE 33X33 RGRANDE GRPHT A G360402 ROMAN',1,43,74607,84273,92700,0,0,0,'y','2017-05-08 14:42:34','developer','0000-00-00 00:00:00','',0),(1843,10,43,'','10431843','TILE 33X33 SANDSTONE BN A G367001 ROMAN',1,43,73745,84273,92700,0,0,0,'y','2017-05-08 14:42:35','developer','0000-00-00 00:00:00','',0),(1844,10,43,'','10431844','TILE 33X33 SANDSTONE CRM A G367000 ROMAN',1,43,61151,84273,92700,0,0,0,'y','2017-05-08 14:42:35','developer','0000-00-00 00:00:00','',0),(1845,10,43,'','10431845','TILE 33X33 SIERA GARNET A G365022 ROMAN',1,43,74726,84273,92700,0,0,0,'y','2017-05-08 14:42:35','developer','0000-00-00 00:00:00','',0),(1846,10,43,'','10431846','TILE 33X33 SIERA GREY A G365023 ROMAN',1,43,74491,84273,92700,0,0,0,'y','2017-05-08 14:42:35','developer','0000-00-00 00:00:00','',0),(1847,10,43,'','10431847','TILE 33X33 STRATA BEIGE A G365028 ROMAN',1,43,74384,84273,92700,0,0,0,'y','2017-05-08 14:42:35','developer','0000-00-00 00:00:00','',0),(1848,10,43,'','10431848','TILE 33X33 STRATA BLACK A G365029 ROMAN',1,43,76745,84273,92700,0,0,0,'y','2017-05-08 14:42:35','developer','0000-00-00 00:00:00','',0),(1849,10,43,'','10431849','TILE 33X33 VEREDA SAND AB G360216 ROMAN',1,43,0,83818,92200,0,0,0,'y','2017-05-08 14:42:35','developer','0000-00-00 00:00:00','',0),(1850,10,43,'','10431850','TILE 33X33 VRDA QUARTZ AB G360215 ROMAN',1,43,76745,83818,92200,0,0,0,'y','2017-05-08 14:42:35','developer','0000-00-00 00:00:00','',0),(1851,10,43,'','10431851','TILE 40X40 AVND CMENTO AS GL448030 ROMAN',1,43,73352,87909,96700,0,0,0,'y','2017-05-08 14:42:35','developer','0000-00-00 00:00:00','',0),(1852,10,43,'','10431852','TILE 40X40 CHRYSNT BONE A G447311 ROMAN',1,43,72637,82182,90400,0,0,0,'y','2017-05-08 14:42:35','developer','0000-00-00 00:00:00','',0),(1853,10,43,'','10431853','TILE 40X40 CHRYSNT GREY A G447314 ROMAN',1,43,74959,82182,90400,0,0,0,'y','2017-05-08 14:42:35','developer','0000-00-00 00:00:00','',0),(1854,10,43,'','10431854','TILE 40X40 NVRRE COPPER C G449539 ROMAN',1,43,78726,86545,95200,0,0,0,'y','2017-05-08 14:42:35','developer','0000-00-00 00:00:00','',0),(1855,10,43,'','10431855','TILE 40X40 NVRRE GRIGIO C G449540 ROMAN',1,43,78761,86545,95200,0,0,0,'y','2017-05-08 14:42:36','developer','0000-00-00 00:00:00','',0),(1856,10,43,'','10431856','TILE 40X40 NVRRE IVORY B G449339 ROMAN',1,43,74726,82182,90400,0,0,0,'y','2017-05-08 14:42:36','developer','0000-00-00 00:00:00','',0),(1857,10,43,'','10431857','TILE 40X40 NVRRE PERLA B G449340 ROMAN',1,43,74721,82182,90400,0,0,0,'y','2017-05-08 14:42:36','developer','0000-00-00 00:00:00','',0),(1858,10,43,'','10431858','TILE 40X40 PAVILION BCH B G447307 ROMAN',1,43,71851,82182,90400,0,0,0,'y','2017-05-08 14:42:36','developer','0000-00-00 00:00:00','',0),(1859,10,43,'','10431859','TILE 40X40 PAVILION MHY B G447308 ROMAN',1,43,71851,82182,90400,0,0,0,'y','2017-05-08 14:42:36','developer','0000-00-00 00:00:00','',0),(1860,10,44,'','10441860','GRANIT 60X60 W610 NTRL WHITE SANDIMAS',1,45,128599,146455,161101,0,0,0,'y','2017-05-08 14:42:36','developer','0000-00-00 00:00:00','',0),(1861,10,44,'','10441861','GRANIT 60X60 ALPINE SANDIMAS',1,45,134801,150000,165000,0,0,0,'y','2017-05-08 14:42:36','developer','0000-00-00 00:00:00','',0),(1862,10,44,'','10441862','GRANIT 60X60 ATLANTA SANDIMAS',1,45,175497,195000,214500,0,0,0,'y','2017-05-08 14:42:36','developer','0000-00-00 00:00:00','',0),(1863,10,44,'','10441863','GRANIT 60X60 B658 ROCKY SANDIMAS',1,45,134836,150000,165000,0,0,0,'y','2017-05-08 14:42:36','developer','0000-00-00 00:00:00','',0),(1864,10,44,'','10441864','GRANIT 60X60 B659 FUJI SANDIMAS',1,45,134836,146545,161200,0,0,0,'y','2017-05-08 14:42:36','developer','0000-00-00 00:00:00','',0),(1865,10,44,'','10441865','GRANIT 60X60 D610 BLACK SANDIMAS',1,45,177319,191909,211100,0,0,0,'y','2017-05-08 14:42:36','developer','0000-00-00 00:00:00','',0),(1866,10,44,'','10441866','GRANIT 60X60 WHITE FUJI SANDIMAS',1,45,129600,150000,165000,0,0,0,'y','2017-05-08 14:42:37','developer','0000-00-00 00:00:00','',0),(1867,11,45,'','11451867','CAT TB.BASE A 5KG  A912T912A CATYLAC',1,46,118996,153636,169000,0,0,0,'y','2017-05-08 14:42:37','developer','0000-00-00 00:00:00','',0),(1868,11,45,'','11451868','CAT TB.BASE B 5KG  A912T912B CATYLAC',1,46,109710,141818,156000,0,0,0,'y','2017-05-08 14:42:37','developer','0000-00-00 00:00:00','',0),(1869,11,45,'','11451869','CAT TB.BASE C 5KG  A912T912C CATYLAC',1,46,89889,115909,127500,0,0,0,'y','2017-05-08 14:42:37','developer','0000-00-00 00:00:00','',0),(1870,11,45,'','11451870','CAT TB.BASE D 5KG  A912T912D CATYLAC',1,46,85728,110455,121501,0,0,0,'y','2017-05-08 14:42:37','developer','0000-00-00 00:00:00','',0),(1871,11,45,'','11451871','CAT TBK BASE C 2,5L A9220T922C PENTALITE',1,46,87311,110909,122000,0,0,0,'y','2017-05-08 14:42:37','developer','0000-00-00 00:00:00','',0),(1872,11,45,'','11451872','CAT TBK BASE C 5KG  A9110T911C CATYLAC',1,46,76184,98182,108000,0,0,0,'y','2017-05-08 14:42:37','developer','0000-00-00 00:00:00','',0),(1873,11,45,'','11451873','CAT TBK BASE D 5KG  A9110T911D CATYLAC',1,46,71616,92273,101500,0,0,0,'y','2017-05-08 14:42:37','developer','0000-00-00 00:00:00','',0),(1874,11,45,'','11451874','CAT TBK BASE B 2,5L A9220T922B PENTALITE',1,46,94742,120455,132501,0,0,0,'y','2017-05-08 14:42:37','developer','0000-00-00 00:00:00','',0),(1875,11,45,'','11451875','CAT TBK BASE B 20L A9220T922B PENTALITE',1,46,560581,801364,881500,0,0,0,'y','2017-05-08 14:42:38','developer','0000-00-00 00:00:00','',0),(1876,11,45,'','11451876','CAT TBK BASE A 20L A9180T918A WS.PRO',1,46,1321952,1676364,1844000,0,0,0,'y','2017-05-08 14:42:38','developer','0000-00-00 00:00:00','',0),(1877,11,45,'','11451877','CAT TBK BASE D 20L A9180T918D WS.PRO',1,46,943737,1315909,1447500,0,0,0,'y','2017-05-08 14:42:38','developer','0000-00-00 00:00:00','',0),(1878,11,45,'','11451878','CAT TBK BASE D 25KG  A9110T911D CATYLAC',1,46,259423,443636,488000,0,0,0,'y','2017-05-08 14:42:38','developer','0000-00-00 00:00:00','',0),(1879,11,45,'','11451879','CAT TBK BASE D 20L A9220T922D PENTALITE',1,46,563408,714545,786000,0,0,0,'y','2017-05-08 14:42:38','developer','0000-00-00 00:00:00','',0),(1880,11,45,'','11451880','CAT TBK BASE A 20L A9220T922A PENTALITE',1,46,788927,1000455,1100501,0,0,0,'y','2017-05-08 14:42:38','developer','0000-00-00 00:00:00','',0),(1881,11,45,'','11451881','CAT TBK BASE B 2,5L A9180T918B WS.PRO',1,46,168905,214545,236000,0,0,0,'y','2017-05-08 14:42:38','developer','0000-00-00 00:00:00','',0),(1882,11,45,'','11451882','CAT TBK BASE A 25KG  A9110T911A CATYLAC',1,46,384756,495909,545500,0,0,0,'y','2017-05-08 14:42:38','developer','0000-00-00 00:00:00','',0),(1883,11,45,'','11451883','CAT TBK BASE C 20L A9180T918C WS.PRO',1,46,1098626,1393182,1532500,0,0,0,'y','2017-05-08 14:42:38','developer','0000-00-00 00:00:00','',0),(1884,11,45,'','11451884','CAT TBK BASE C 20L A9220T922C PENTALITE',1,46,521948,776818,854500,0,0,0,'y','2017-05-08 14:42:38','developer','0000-00-00 00:00:00','',0),(1885,11,45,'','11451885','CAT TBK BASE B 20L A9180T918B WS.PRO',1,46,1213735,1539091,1693000,0,0,0,'y','2017-05-08 14:42:38','developer','0000-00-00 00:00:00','',0),(1886,11,45,'','11451886','CAT TBK BASE A 2,5L A9220T922A PENTALITE',1,46,110098,140000,154000,0,0,0,'y','2017-05-08 14:42:38','developer','0000-00-00 00:00:00','',0),(1887,11,45,'','11451887','CAT TBK BASE D 2,5L A9220T922D PENTALITE',1,46,81046,103182,113500,0,0,0,'y','2017-05-08 14:42:39','developer','0000-00-00 00:00:00','',0),(1888,11,45,'','11451888','CAT TBK BASE A 2,5L A9180T918A WS.PRO',1,46,183703,233182,256500,0,0,0,'y','2017-05-08 14:42:39','developer','0000-00-00 00:00:00','',0),(1889,11,45,'','11451889','CAT TBK BASE A 5KG  A9110T911A CATYLAC',1,46,79936,103182,113500,0,0,0,'y','2017-05-08 14:42:39','developer','0000-00-00 00:00:00','',0),(1890,11,45,'','11451890','CAT TBK BASE C 25KG  A9110T911C CATYLAC',1,46,366078,471818,519000,0,0,0,'y','2017-05-08 14:42:39','developer','0000-00-00 00:00:00','',0),(1891,11,45,'','11451891','CAT TBK BASE B 25KG  A9110T911B CATYLAC',1,46,375703,484545,533000,0,0,0,'y','2017-05-08 14:42:39','developer','0000-00-00 00:00:00','',0),(1892,11,45,'','11451892','CAT TBK BASE C 2,5L A9180T918C WS.PRO',1,46,160527,203636,224000,0,0,0,'y','2017-05-08 14:42:39','developer','0000-00-00 00:00:00','',0),(1893,11,45,'','11451893','CAT TB. 18L NEW WHITE JOTAPLAST',1,47,325418,453636,499000,0,0,0,'y','2017-05-08 14:42:39','developer','0000-00-00 00:00:00','',0),(1894,11,45,'','11451894','CAT TB. 3,5L NEW WHITE JOTAPLAST',1,47,70612,98182,108000,0,0,0,'y','2017-05-08 14:42:39','developer','0000-00-00 00:00:00','',0),(1895,11,45,'','11451895','CAT TB.BASE A 18L JOTAPLAST',1,47,316461,440909,485000,0,0,0,'y','2017-05-08 14:42:39','developer','0000-00-00 00:00:00','',0),(1896,11,45,'','11451896','CAT TB.BASE B 2,2L MAJ T. BEAUTY SHEEN',1,47,109854,148818,163700,0,0,0,'y','2017-05-08 14:42:40','developer','0000-00-00 00:00:00','',0),(1897,11,45,'','11451897','CAT TB.BASE C 18L JOTATOUGH',1,47,276893,428636,471500,0,0,0,'y','2017-05-08 14:42:40','developer','0000-00-00 00:00:00','',0),(1898,11,45,'','11451898','CAT TB.BASE C 2,2L MAJ T. BEAUTY SHEEN',1,47,98800,133636,147000,0,0,0,'y','2017-05-08 14:42:40','developer','0000-00-00 00:00:00','',0),(1899,11,45,'','11451899','CAT TB.BASE B 2,2L MAJ TRUE BEAUTY MATT',1,47,87577,118182,130000,0,0,0,'y','2017-05-08 14:42:40','developer','0000-00-00 00:00:00','',0),(1900,11,45,'','11451900','CAT TB.BASE A 18L MAJ T. BEAUTY SHEEN',1,47,874691,1185455,1304001,0,0,0,'y','2017-05-08 14:42:40','developer','0000-00-00 00:00:00','',0),(1901,11,45,'','11451901','CAT TB.BASE A 18L MAJ TRUE BEAUTY MATT',1,47,742774,985000,1083500,0,0,0,'y','2017-05-08 14:42:40','developer','0000-00-00 00:00:00','',0),(1902,11,45,'','11451902','CAT TB.BASE A 2,2L MAJ T. BEAUTY SHEEN',1,47,126641,170909,188000,0,0,0,'y','2017-05-08 14:42:40','developer','0000-00-00 00:00:00','',0),(1903,11,45,'','11451903','CAT TB.BASE A 2,2L MAJ TRUE BEAUTY MATT',1,47,101227,136364,150000,0,0,0,'y','2017-05-08 14:42:40','developer','0000-00-00 00:00:00','',0),(1904,11,45,'','11451904','CAT TB.BASE A 3,5L JOTAPLAST',1,47,69140,96364,106000,0,0,0,'y','2017-05-08 14:42:40','developer','0000-00-00 00:00:00','',0),(1905,11,45,'','11451905','CAT TB.BASE A 3,5L JOTATOUGH',1,47,80145,112727,124000,0,0,0,'y','2017-05-08 14:42:40','developer','0000-00-00 00:00:00','',0),(1906,11,45,'','11451906','PRIMER 20L MAJESTIC',1,47,551346,747273,822000,0,0,0,'y','2017-05-08 14:42:40','developer','0000-00-00 00:00:00','',0),(1907,11,45,'','11451907','CAT TBK BASE A 2,5L JOTASHIELD',1,47,143105,193636,213000,0,0,0,'y','2017-05-08 14:42:40','developer','0000-00-00 00:00:00','',0),(1908,11,45,'','11451908','MULTICOLOR TINTER 1L HT JOTUN PAINT',1,47,216,545,600,0,0,0,'y','2017-05-08 14:42:40','developer','0000-00-00 00:00:00','',0),(1909,11,45,'','11451909','CAT KYBS 5L BASE B GARDEX GLOSS',1,47,234175,298636,328500,0,0,0,'y','2017-05-08 14:42:40','developer','0000-00-00 00:00:00','',0),(1910,11,45,'','11451910','CAT TBK BASE B 2,5L JOTASHIELD EXTREME',1,47,156211,200000,220000,0,0,0,'y','2017-05-08 14:42:40','developer','0000-00-00 00:00:00','',0),(1911,11,45,'','11451911','CAT TBK BASE A 20L JOTASHIELD',1,47,1079891,1463455,1609801,0,0,0,'y','2017-05-08 14:42:41','developer','0000-00-00 00:00:00','',0),(1912,11,45,'','11451912','CAT KYBS BASE B 5L GARDEX SEMI GLOSS',1,47,246500,298636,328500,0,0,0,'y','2017-05-08 14:42:41','developer','0000-00-00 00:00:00','',0),(1913,11,45,'','11451913','PRIMER 2,5L MAJESTIC',1,47,73582,98182,108000,0,0,0,'y','2017-05-08 14:42:41','developer','0000-00-00 00:00:00','',0),(1914,11,45,'','11451914','THINNER 0.9LTR GARDEX',1,47,22756,29091,32000,0,0,0,'y','2017-05-08 14:42:41','developer','0000-00-00 00:00:00','',0),(1915,11,45,'','11451915','CAT TBK BASE C 20L JOTASHIELD',1,47,943273,1214545,1336000,0,0,0,'y','2017-05-08 14:42:41','developer','0000-00-00 00:00:00','',0),(1916,11,45,'','11451916','ALKALI RESISTINGPRIMER 20L 07 JOTASHIELD',1,47,657764,870909,958000,0,0,0,'y','2017-05-08 14:42:41','developer','0000-00-00 00:00:00','',0),(1917,11,45,'','11451917','CAT TBK BASE C 2,5L JOTASHIELD EXTREME',1,47,153455,191818,211000,0,0,0,'y','2017-05-08 14:42:41','developer','0000-00-00 00:00:00','',0),(1918,11,45,'','11451918','MULTICOLOR TINTER 1L RE JOTUN PAINT',1,47,670,1091,1200,0,0,0,'y','2017-05-08 14:42:41','developer','0000-00-00 00:00:00','',0),(1919,11,45,'','11451919','MULTICOLOR TINTER 1L ST JOTUN PAINT',1,47,344,788,867,0,0,0,'y','2017-05-08 14:42:41','developer','0000-00-00 00:00:00','',0),(1920,11,45,'','11451920','CAT TBK BASE C 2,5L JOTATOUGH',1,47,42109,57273,63000,0,0,0,'y','2017-05-08 14:42:42','developer','0000-00-00 00:00:00','',0),(1921,11,45,'','11451921','CAT TBK BASE B 20L JOTASHIELD EXTREME',1,47,1081698,1410909,1552000,0,0,0,'y','2017-05-08 14:42:42','developer','0000-00-00 00:00:00','',0),(1922,11,45,'','11451922','CAT TBK BASE A 20L JOTASHIELD EXTREME',1,47,1272572,1591818,1751000,0,0,0,'y','2017-05-08 14:42:42','developer','0000-00-00 00:00:00','',0),(1923,11,45,'','11451923','CAT TBK BASE C 2,5L JOTASHIELD',1,47,131456,174091,191500,0,0,0,'y','2017-05-08 14:42:42','developer','0000-00-00 00:00:00','',0),(1924,11,45,'','11451924','MULTICOLOR TINTER 1L SS JOTUN PAINT',1,47,180,500,550,0,0,0,'y','2017-05-08 14:42:42','developer','0000-00-00 00:00:00','',0),(1925,11,45,'','11451925','MULTICOLOR TINTER 1L BS JOTUN PAINT',1,47,246,545,600,0,0,0,'y','2017-05-08 14:42:42','developer','0000-00-00 00:00:00','',0),(1926,11,45,'','11451926','UNDERCOAT PRIMER 0.9LT GARDEX',1,47,40955,51364,56500,0,0,0,'y','2017-05-08 14:42:42','developer','0000-00-00 00:00:00','',0),(1927,11,45,'','11451927','MULTICOLOR TINTER 1L GO JOTUN PAINT',1,47,670,1091,1200,0,0,0,'y','2017-05-08 14:42:42','developer','0000-00-00 00:00:00','',0),(1928,11,45,'','11451928','CAT TBK BASE C 10L JOTATOUGH',1,47,156364,208545,229400,0,0,0,'y','2017-05-08 14:42:42','developer','0000-00-00 00:00:00','',0),(1929,11,45,'','11451929','CAT KYBS 0.9L BASE B GARDEX GLOSS',1,47,46982,59909,65900,0,0,0,'y','2017-05-08 14:42:42','developer','0000-00-00 00:00:00','',0),(1930,11,45,'','11451930','CAT KYBS BASE A 0,9L GARDEX SEMI GLOSS',1,47,50655,64545,71000,0,0,0,'y','2017-05-08 14:42:43','developer','0000-00-00 00:00:00','',0),(1931,11,45,'','11451931','CAT KYBS BASE C 0,9L GARDEX SEMI GLOSS',1,47,43352,55182,60700,0,0,0,'y','2017-05-08 14:42:43','developer','0000-00-00 00:00:00','',0),(1932,11,45,'','11451932','CAT KYBS 0.9L BASE A GARDEX GLOSS',1,47,50652,64545,71000,0,0,0,'y','2017-05-08 14:42:43','developer','0000-00-00 00:00:00','',0),(1933,11,45,'','11451933','CAT KYBS 0.9L BASE C GARDEX GLOSS',1,47,43311,55182,60700,0,0,0,'y','2017-05-08 14:42:43','developer','0000-00-00 00:00:00','',0),(1934,11,45,'','11451934','CAT TBK BASE A 2,5L JOTATOUGH',1,47,56728,75636,83200,0,0,0,'y','2017-05-08 14:42:43','developer','0000-00-00 00:00:00','',0),(1935,11,45,'','11451935','CAT TBK BASE C 20L JOTASHIELD EXTREME',1,47,1004582,1321818,1454000,0,0,0,'y','2017-05-08 14:42:43','developer','0000-00-00 00:00:00','',0),(1936,11,45,'','11451936','MULTICOLOR TINTER 1L BV JOTUN PAINT',1,47,220,545,600,0,0,0,'y','2017-05-08 14:42:43','developer','0000-00-00 00:00:00','',0),(1937,11,45,'','11451937','CAT GENTENG BASE C 2,5L JOTAROOF',1,47,97442,131818,145000,0,0,0,'y','2017-05-08 14:42:43','developer','0000-00-00 00:00:00','',0),(1938,11,45,'','11451938','CAT TBK 20L NEW WHITE JOTAPLAST',1,47,272727,318727,350600,0,0,0,'y','2017-05-08 14:42:43','developer','0000-00-00 00:00:00','',0),(1939,11,45,'','11451939','MULTICOLOR TINTER 1L RB JOTUN PAINT',1,47,139,455,501,0,0,0,'y','2017-05-08 14:42:43','developer','0000-00-00 00:00:00','',0),(1940,11,45,'','11451940','MULTICOLOR TINTER 1L GS JOTUN PAINT',1,47,499,909,1000,0,0,0,'y','2017-05-08 14:42:43','developer','0000-00-00 00:00:00','',0),(1941,11,45,'','11451941','MULTICOLOR TINTER 1L RY JOTUN PAINT',1,47,246,545,600,0,0,0,'y','2017-05-08 14:42:44','developer','0000-00-00 00:00:00','',0),(1942,11,45,'','11451942','MULTICOLOR TINTER 1L BD JOTUN PAINT',1,47,498,909,1000,0,0,0,'y','2017-05-08 14:42:44','developer','0000-00-00 00:00:00','',0),(1943,11,45,'','11451943','MULTICOLOR TINTER 1L FS JOTUN PAINT',1,47,220,545,600,0,0,0,'y','2017-05-08 14:42:44','developer','0000-00-00 00:00:00','',0),(1944,11,45,'','11451944','CAT TBK 1 LITER JOTASHIELD GOLD',1,47,182647,246182,270800,0,0,0,'y','2017-05-08 14:42:44','developer','0000-00-00 00:00:00','',0),(1945,11,45,'','11451945','CAT TBK BASE B 20L JOTASHIELD',1,47,1010182,1300545,1430600,0,0,0,'y','2017-05-08 14:42:44','developer','0000-00-00 00:00:00','',0),(1946,11,45,'','11451946','CAT TBK 2.5L PRIMER 07 JOTASHIELD',1,47,83541,112273,123500,0,0,0,'y','2017-05-08 14:42:44','developer','0000-00-00 00:00:00','',0),(1947,11,45,'','11451947','CAT KYBS BASE C 5L GARDEX SEMI GLOSS',1,47,222323,272455,299701,0,0,0,'y','2017-05-08 14:42:45','developer','0000-00-00 00:00:00','',0),(1948,11,45,'','11451948','CAT TBK BASE A 2,5L JOTASHIELD EXTREME',1,47,165084,213636,235000,0,0,0,'y','2017-05-08 14:42:45','developer','0000-00-00 00:00:00','',0),(1949,11,45,'','11451949','CAT TBK BASE A 2,5L JOTAPLAST',1,47,40000,57136,62850,0,0,0,'y','2017-05-08 14:42:45','developer','0000-00-00 00:00:00','',0),(1950,11,45,'','11451950','CAT KYBS BASE A 5L GARDEX SEMI GLOSS',1,47,259869,331455,364601,0,0,0,'y','2017-05-08 14:42:45','developer','0000-00-00 00:00:00','',0),(1951,11,45,'','11451951','CAT KYBS 5L BASE C GARDEX GLOSS',1,47,210182,272455,299701,0,0,0,'y','2017-05-08 14:42:45','developer','0000-00-00 00:00:00','',0),(1952,11,45,'','11451952','MULTICOLOR TINTER 1L RS JOTUN PAINT',1,47,836,1273,1400,0,0,0,'y','2017-05-08 14:42:45','developer','0000-00-00 00:00:00','',0),(1953,11,45,'','11451953','MULTICOLOR TINTER 1L GV JOTUN PAINT',1,47,245,545,600,0,0,0,'y','2017-05-08 14:42:45','developer','0000-00-00 00:00:00','',0),(1954,11,45,'','11451954','MULTICOLOR TINTER 1L GI JOTUN PAINT',1,47,244,545,600,0,0,0,'y','2017-05-08 14:42:45','developer','0000-00-00 00:00:00','',0),(1955,11,45,'','11451955','MULTICOLOR TINTER 1L SV JOTUN PAINT',1,47,143,455,501,0,0,0,'y','2017-05-08 14:42:45','developer','0000-00-00 00:00:00','',0),(1956,11,45,'','11451956','CAT KYBS 5L BASE A GARDEX GLOSS',1,47,259869,331455,364601,0,0,0,'y','2017-05-08 14:42:45','developer','0000-00-00 00:00:00','',0),(1957,11,45,'','11451957','CAT KYBS BASE B 0,9L GARDEX SEMI GLOSS',1,47,46981,59909,65900,0,0,0,'y','2017-05-08 14:42:45','developer','0000-00-00 00:00:00','',0),(1958,11,45,'','11451958','CAT TBK BASE B 2,5L JOTASHIELD',1,47,135437,183455,201801,0,0,0,'y','2017-05-08 14:42:46','developer','0000-00-00 00:00:00','',0),(1959,11,45,'','11451959','CAT KYBS BASE 0,9L YELL GARDEX P.GLOSS',1,47,60207,76364,84000,0,0,0,'y','2017-05-08 14:42:46','developer','0000-00-00 00:00:00','',0),(1960,11,45,'','11451960','MULTICOLOR TINTER 1L BC JOTUN PAINT',1,47,1478,2364,2600,0,0,0,'y','2017-05-08 14:42:46','developer','0000-00-00 00:00:00','',0),(1961,11,45,'','11451961','MULTICOLOR TINTER 1L YC JOTUN PAINT',1,47,1494,2364,2600,0,0,0,'y','2017-05-08 14:42:46','developer','0000-00-00 00:00:00','',0),(1962,11,45,'','11451962','CAT TBK 2.5L NEW WHITE JOTAPLAST',1,47,42182,47455,52201,0,0,0,'y','2017-05-08 14:42:46','developer','0000-00-00 00:00:00','',0),(1963,11,45,'','11451963','POLITUR 1L WS 502 PALISANDER MOWILEX',1,48,48473,59455,65401,0,0,0,'y','2017-05-08 14:42:46','developer','0000-00-00 00:00:00','',0),(1964,11,45,'','11451964','POLITUR 1L WS 504 AKASIA MOWILEX',1,48,53773,59455,65401,0,0,0,'y','2017-05-08 14:42:46','developer','0000-00-00 00:00:00','',0),(1965,11,45,'','11451965','POLITUR 1L WS CLEAR FINISH MOWILEX',1,48,52590,59455,65401,0,0,0,'y','2017-05-08 14:42:46','developer','0000-00-00 00:00:00','',0),(1966,11,45,'','11451966','POLITUR 1L WS 403 CHERRY MOWILEX',1,48,54648,59455,65401,0,0,0,'y','2017-05-08 14:42:46','developer','0000-00-00 00:00:00','',0),(1967,11,45,'','11451967','POLITUR 1L WS 503 WALNUT MOWILEX',1,48,54648,59455,65401,0,0,0,'y','2017-05-08 14:42:46','developer','0000-00-00 00:00:00','',0),(1968,11,45,'','11451968','WOOD FILLER 5KG SH 113 RAMIN IMPRA',1,49,0,131818,145000,0,0,0,'y','2017-05-08 14:42:46','developer','0000-00-00 00:00:00','',0),(1969,11,45,'','11451969','WOOD STAIN WS 162B DARK MAHONY 1LT IMPRA',1,49,54932,59545,65500,0,0,0,'y','2017-05-08 14:42:47','developer','0000-00-00 00:00:00','',0),(1970,11,45,'','11451970','STONE CARE  1KG1LTR SC050SB PROPAN',1,49,48789,61818,68000,0,0,0,'y','2017-05-08 14:42:47','developer','0000-00-00 00:00:00','',0),(1971,11,45,'','11451971','WOOD CARE T.TEAK EDL601 1LT ULTRAN LASUR',1,49,50237,75000,82500,0,0,0,'y','2017-05-08 14:42:47','developer','0000-00-00 00:00:00','',0),(1972,11,45,'','11451972','WOOD STAIN 1LT PWS0631 CLR.GLOSS PROPAN',1,49,0,60909,67000,0,0,0,'y','2017-05-08 14:42:47','developer','0000-00-00 00:00:00','',0),(1973,11,45,'','11451973','WOOD FILLER WP 117 WHT 1KG IMPRA',1,49,34025,36818,40500,0,0,0,'y','2017-05-08 14:42:47','developer','0000-00-00 00:00:00','',0),(1974,11,45,'','11451974','WOOD STAIN WS 162B SALAK BRWN 1LT IMPRA',1,49,44289,59545,65500,0,0,0,'y','2017-05-08 14:42:47','developer','0000-00-00 00:00:00','',0),(1975,11,45,'','11451975','WOOD FILLER 5KG WF 115 MERBAU IMPRA',1,49,0,131818,145000,0,0,0,'y','2017-05-08 14:42:47','developer','0000-00-00 00:00:00','',0),(1976,11,45,'','11451976','POLITUR P003 NATURAL GLOSS 1LT ULTRAN',1,49,56390,66364,73000,0,0,0,'y','2017-05-08 14:42:47','developer','0000-00-00 00:00:00','',0),(1977,11,45,'','11451977','WOOD FILLER SH 114 WHT 1KG IMPRA',1,49,33807,37727,41500,0,0,0,'y','2017-05-08 14:42:47','developer','0000-00-00 00:00:00','',0),(1978,11,45,'','11451978','WOOD FILLER SH 113 RAMIN 1KG IMPRA',1,49,19394,29545,32500,0,0,0,'y','2017-05-08 14:42:47','developer','0000-00-00 00:00:00','',0),(1979,11,45,'','11451979','WOOD FILLER SH 113 TEAK 1KG IMPRA',1,49,26785,29545,32500,0,0,0,'y','2017-05-08 14:42:47','developer','0000-00-00 00:00:00','',0),(1980,11,45,'','11451980','POLITUR P001 TEAK 1LT ULTRAN',1,49,47553,51364,56500,0,0,0,'y','2017-05-08 14:42:48','developer','0000-00-00 00:00:00','',0),(1981,11,45,'','11451981','POLITUR P003 UV MAHONY 1LT ULTRAN',1,49,35050,55909,61500,0,0,0,'y','2017-05-08 14:42:48','developer','0000-00-00 00:00:00','',0),(1982,11,45,'','11451982','POLITUR P001 CLEAR DOF 1LT ULTRAN',1,49,35138,51364,56500,0,0,0,'y','2017-05-08 14:42:48','developer','0000-00-00 00:00:00','',0),(1983,11,45,'','11451983','WOOD FILLER 5KG SH 113 SUNGKAI IMPRA',1,49,0,131818,145000,0,0,0,'y','2017-05-08 14:42:48','developer','0000-00-00 00:00:00','',0),(1984,11,45,'','11451984','POLITUR P001 BROWN AR 1LT ULTRAN',1,49,33403,51364,56500,0,0,0,'y','2017-05-08 14:42:48','developer','0000-00-00 00:00:00','',0),(1985,11,45,'','11451985','WOOD STAIN WS 162B ROTAN BRWN 1LT IMPRA',1,49,44148,54091,59500,0,0,0,'y','2017-05-08 14:42:48','developer','0000-00-00 00:00:00','',0),(1986,11,45,'','11451986','POLITUR P003 UV SOLAR YELLOW 1LT ULTRAN',1,49,46682,55909,61500,0,0,0,'y','2017-05-08 14:42:48','developer','0000-00-00 00:00:00','',0),(1987,11,45,'','11451987','WOOD STAIN 1LT PWS0631 DARKBROWN PROPAN',1,49,0,60909,67000,0,0,0,'y','2017-05-08 14:42:48','developer','0000-00-00 00:00:00','',0),(1988,11,45,'','11451988','AQUA POLITUR 1LT CLEAR GLOSS ULTRAN',1,49,40378,60909,67000,0,0,0,'y','2017-05-08 14:42:48','developer','0000-00-00 00:00:00','',0),(1989,11,45,'','11451989','POLITUR P003 NATURAL DOF 1LT ULTRAN',1,49,51000,66364,73000,0,0,0,'y','2017-05-08 14:42:48','developer','0000-00-00 00:00:00','',0),(1990,11,45,'','11451990','WOOD STAIN WS 162B C.BRWN CA 1LT IMPRA',1,49,44752,54091,59500,0,0,0,'y','2017-05-08 14:42:48','developer','0000-00-00 00:00:00','',0),(1991,11,45,'','11451991','WOOD STAIN1LT PWS0631 CLR.DOFF PROPAN',1,49,0,60909,67000,0,0,0,'y','2017-05-08 14:42:49','developer','0000-00-00 00:00:00','',0),(1992,11,45,'','11451992','WOOD STAIN 1LT PWS0631 AKASIA PROPAN',1,49,0,60909,67000,0,0,0,'y','2017-05-08 14:42:49','developer','0000-00-00 00:00:00','',0),(1993,11,45,'','11451993','POLITUR P003 UV DARK BROWN 1LT ULTRAN',1,49,36985,55909,61500,0,0,0,'y','2017-05-08 14:42:49','developer','0000-00-00 00:00:00','',0),(1994,11,45,'','11451994','WOOD STAIN WS 162B RED MAHONY 1LT IMPRA',1,49,45415,54091,59500,0,0,0,'y','2017-05-08 14:42:49','developer','0000-00-00 00:00:00','',0),(1995,11,45,'','11451995','WOOD STAIN 5LT WS 162B LIGHT BRWN IMPRA',1,49,0,285000,313500,0,0,0,'y','2017-05-08 14:42:49','developer','0000-00-00 00:00:00','',0),(1996,11,45,'','11451996','AQUA POLITUR 1LT LIGHT WALNUT ULTRAN',1,49,55601,60909,67000,0,0,0,'y','2017-05-08 14:42:49','developer','0000-00-00 00:00:00','',0),(1997,11,45,'','11451997','POLITUR P001 SHP BROWN 1LT ULTRAN',1,49,35796,51364,56500,0,0,0,'y','2017-05-08 14:42:49','developer','0000-00-00 00:00:00','',0),(1998,11,45,'','11451998','STONE CARE AQUA 1LT ASC060WB PROPAN',1,49,40105,58636,64500,0,0,0,'y','2017-05-08 14:42:49','developer','0000-00-00 00:00:00','',0),(1999,11,45,'','11451999','POLITUR P003 UV MAIZE 1LT ULTRAN',1,49,34436,53182,58500,0,0,0,'y','2017-05-08 14:42:50','developer','0000-00-00 00:00:00','',0),(2000,11,45,'','11452000','WOOD FILLER WF 115 MERBAU 1KG IMPRA',1,49,27750,29545,32500,0,0,0,'y','2017-05-08 14:42:50','developer','0000-00-00 00:00:00','',0),(2001,11,45,'','11452001','POLITUR P001 DARK BROWN 1LT ULTRAN',1,49,35796,51364,56500,0,0,0,'y','2017-05-08 14:42:50','developer','0000-00-00 00:00:00','',0),(2002,11,45,'','11452002','AQUA POLITUR 1LT CLEAR DOFF ULTRAN',1,49,42074,60909,67000,0,0,0,'y','2017-05-08 14:42:50','developer','0000-00-00 00:00:00','',0),(2003,11,45,'','11452003','WOOD STAIN 5LT WS 162B BRWN KJ IMPRA',1,49,0,285000,313500,0,0,0,'y','2017-05-08 14:42:50','developer','0000-00-00 00:00:00','',0),(2004,11,45,'','11452004','POLITUR P001 CLEAR GLOSS 1LT ULTRAN',1,49,47553,51364,56500,0,0,0,'y','2017-05-08 14:42:50','developer','0000-00-00 00:00:00','',0),(2005,11,45,'','11452005','WOOD FILLER WF 115 KAMPER 1KG IMPRA',1,49,25014,29545,32500,0,0,0,'y','2017-05-08 14:42:50','developer','0000-00-00 00:00:00','',0),(2006,11,45,'','11452006','POLITUR P003 UV TROPICAL TEAK 1LT ULTRAN',1,49,34435,53182,58500,0,0,0,'y','2017-05-08 14:42:50','developer','0000-00-00 00:00:00','',0),(2007,11,45,'','11452007','POLITUR P003 UV RED WOOD 1LT ULTRAN',1,49,35796,53182,58500,0,0,0,'y','2017-05-08 14:42:50','developer','0000-00-00 00:00:00','',0),(2008,11,45,'','11452008','WOOD STAIN 5LT WS 162B RED MAHONY IMPRA',1,49,0,253636,279000,0,0,0,'y','2017-05-08 14:42:50','developer','0000-00-00 00:00:00','',0),(2009,11,45,'','11452009','WOOD FILLER SH 113 SUNGKAI 1KG IMPRA',1,49,19716,29545,32500,0,0,0,'y','2017-05-08 14:42:50','developer','0000-00-00 00:00:00','',0),(2010,11,45,'','11452010','AQUA POLITUR 1LT AKASIA ULTRAN',1,49,40322,60909,67000,0,0,0,'y','2017-05-08 14:42:50','developer','0000-00-00 00:00:00','',0),(2011,11,45,'','11452011','STONE CARE 1 LTR SC070SB B.CANDI PROPAN',1,49,55358,69545,76500,0,0,0,'y','2017-05-08 14:42:50','developer','0000-00-00 00:00:00','',0),(2012,11,45,'','11452012','WOOD STAIN WS 162B COFFE BRWN 1LT IMPRA',1,49,50205,59545,65500,0,0,0,'y','2017-05-08 14:42:50','developer','0000-00-00 00:00:00','',0),(2013,11,45,'','11452013','WOOD STAIN 5LT WS 162B C.BRWN CB IMPRA',1,49,0,253636,279000,0,0,0,'y','2017-05-08 14:42:51','developer','0000-00-00 00:00:00','',0),(2014,11,45,'','11452014','WOOD STAIN 5LT WS 162B DARK BRWN IMPRA',1,49,0,285000,313500,0,0,0,'y','2017-05-08 14:42:51','developer','0000-00-00 00:00:00','',0),(2015,11,45,'','11452015','WOOD STAIN WS 162B LIGHT BRWN 1LT IMPRA',1,49,46341,59545,65500,0,0,0,'y','2017-05-08 14:42:51','developer','0000-00-00 00:00:00','',0),(2016,11,45,'','11452016','POLITUR P003 UV BROWN AR 1LT ULTRAN',1,49,35134,55909,61500,0,0,0,'y','2017-05-08 14:42:51','developer','0000-00-00 00:00:00','',0),(2017,11,45,'','11452017','POLITUR P003 UV SHP BROWN 1LT ULTRAN',1,49,36632,55909,61500,0,0,0,'y','2017-05-08 14:42:51','developer','0000-00-00 00:00:00','',0),(2018,11,45,'','11452018','WOOD STAIN WS 162B BRWN KJ 1LT IMPRA',1,49,38945,59545,65500,0,0,0,'y','2017-05-08 14:42:51','developer','0000-00-00 00:00:00','',0),(2019,11,45,'','11452019','AQUA POLITUR 1LT CHERRY ULTRAN',1,49,43125,60909,67000,0,0,0,'y','2017-05-08 14:42:51','developer','0000-00-00 00:00:00','',0),(2020,11,45,'','11452020','WOOD STAIN WS 162B DARK BRWN 1LT IMPRA',1,49,54383,59545,65500,0,0,0,'y','2017-05-08 14:42:51','developer','0000-00-00 00:00:00','',0),(2021,11,45,'','11452021','POLITUR P003 UV WALNUT 1LT ULTRAN',1,49,34435,53182,58500,0,0,0,'y','2017-05-08 14:42:51','developer','0000-00-00 00:00:00','',0),(2022,11,45,'','11452022','WOOD CARE WALNUT EL 501 1LT ULTRAN LASUR',1,49,42060,64091,70500,0,0,0,'y','2017-05-08 14:42:51','developer','0000-00-00 00:00:00','',0),(2023,11,45,'','11452023','AQUA POLITUR 1LT DARK BROWN ULTRAN',1,49,55600,60909,67000,0,0,0,'y','2017-05-08 14:42:52','developer','0000-00-00 00:00:00','',0),(2024,11,45,'','11452024','AQUA POLITUR 1LT SHP BROWN ULTRAN',1,49,38921,60909,67000,0,0,0,'y','2017-05-08 14:42:52','developer','0000-00-00 00:00:00','',0),(2025,11,45,'','11452025','CAT JALAN 5KG YELLOW 1000WA TENNOKOTE',1,49,155844,180000,198000,0,0,0,'y','2017-05-08 14:42:52','developer','0000-00-00 00:00:00','',0),(2026,11,45,'','11452026','WOOD STAIN WS 162B WALNUTBRWN 1LT IMPRA',1,49,46136,54091,59500,0,0,0,'y','2017-05-08 14:42:52','developer','0000-00-00 00:00:00','',0),(2027,11,45,'','11452027','WOOD FILLER 5KG WF 115 KAMPER IMPRA',1,49,0,131818,145000,0,0,0,'y','2017-05-08 14:42:52','developer','0000-00-00 00:00:00','',0),(2028,11,45,'','11452028','WOOD FILLER 5KG SH 113 TEAK IMPRA',1,49,0,131818,145000,0,0,0,'y','2017-05-08 14:42:52','developer','0000-00-00 00:00:00','',0),(2029,11,45,'','11452029','WOOD STAIN 1LT PWS0631 WALNUT PROPAN',1,49,0,60909,67000,0,0,0,'y','2017-05-08 14:42:52','developer','0000-00-00 00:00:00','',0),(2030,11,45,'','11452030','WOOD STAIN WS 162B COCOA BRWN 1LT IMPRA',1,49,50014,54091,59500,0,0,0,'y','2017-05-08 14:42:52','developer','0000-00-00 00:00:00','',0),(2031,11,45,'','11452031','WOOD STAIN WS 162B C.BRWN CB 1LT IMPRA',1,49,36895,54091,59500,0,0,0,'y','2017-05-08 14:42:52','developer','0000-00-00 00:00:00','',0),(2032,11,45,'','11452032','WOOD CARE CRY.RED EL501 1LT ULTRAN LASUR',1,49,44397,67273,74000,0,0,0,'y','2017-05-08 14:42:52','developer','0000-00-00 00:00:00','',0),(2033,11,45,'','11452033','WOOD CARE C.TEAK EL501 1LT ULTRAN LASUR',1,49,45247,67273,74000,0,0,0,'y','2017-05-08 14:42:52','developer','0000-00-00 00:00:00','',0),(2034,11,45,'','11452034','WOOD FILLER 5KG SH 114 WHT IMPRA',1,49,0,173636,191000,0,0,0,'y','2017-05-08 14:42:52','developer','0000-00-00 00:00:00','',0),(2035,11,45,'','11452035','AQUA POLITUR 1LT WALNUT ULTRAN',1,49,55600,60909,67000,0,0,0,'y','2017-05-08 14:42:52','developer','0000-00-00 00:00:00','',0),(2036,11,45,'','11452036','WOOD STAIN 5LT WS 162B BLCK IMPRA',1,49,0,285000,313500,0,0,0,'y','2017-05-08 14:42:53','developer','0000-00-00 00:00:00','',0),(2037,11,45,'','11452037','POLITUR P003 UV TEAK 1LT ULTRAN',1,49,36895,55909,61500,0,0,0,'y','2017-05-08 14:42:53','developer','0000-00-00 00:00:00','',0),(2038,11,45,'','11452038','CAT TB.BASE PASTEL 2,5L FLAWLESS',1,50,88519,118364,130200,0,0,0,'y','2017-05-08 14:42:53','developer','0000-00-00 00:00:00','',0),(2039,11,45,'','11452039','CAT TB.BASE PASTEL 20L FLAWLESS',1,50,680727,852818,938100,0,0,0,'y','2017-05-08 14:42:53','developer','0000-00-00 00:00:00','',0),(2040,11,45,'','11452040','CAT TB.BASE TINT 2,5L FLAWLESS',1,50,82686,114727,126200,0,0,0,'y','2017-05-08 14:42:53','developer','0000-00-00 00:00:00','',0),(2041,11,45,'','11452041','TINTER 1L PHTHALO GREEN D NIPPONPAINT',1,50,151,159,175,0,0,0,'y','2017-05-08 14:42:53','developer','0000-00-00 00:00:00','',0),(2042,11,45,'','11452042','CAT TBK BASE TINT 20L NIPPON W.BOND',1,50,1115636,1405455,1546001,0,0,0,'y','2017-05-08 14:42:53','developer','0000-00-00 00:00:00','',0),(2043,11,45,'','11452043','CAT TBK BASE DEEP 20L NIPPON W.BOND',1,50,872898,1344455,1478901,0,0,0,'y','2017-05-08 14:42:53','developer','0000-00-00 00:00:00','',0),(2044,11,45,'','11452044','CAT TBK BASE TINT 25 KG VINILEX',1,50,401850,473818,521200,0,0,0,'y','2017-05-08 14:42:53','developer','0000-00-00 00:00:00','',0),(2045,11,45,'','11452045','CAT TBK BASE PASTEL 20L NIPPON W.BOND',1,50,1162181,1459182,1605100,0,0,0,'y','2017-05-08 14:42:53','developer','0000-00-00 00:00:00','',0),(2046,11,45,'','11452046','CAT TBK 5KG 300 WHITE VINILEX5000',1,50,88103,103636,114000,0,0,0,'y','2017-05-08 14:42:53','developer','0000-00-00 00:00:00','',0),(2047,11,45,'','11452047','CAT SEMPROT CANDY TONE BLUE 126 PYLOX',1,50,17836,21364,23500,0,0,0,'y','2017-05-08 14:42:53','developer','0000-00-00 00:00:00','',0),(2048,11,45,'','11452048','CAT TBK BASE TINT 5 KG VINILEX',1,50,84550,99727,109700,0,0,0,'y','2017-05-08 14:42:54','developer','0000-00-00 00:00:00','',0),(2049,11,45,'','11452049','CAT TBK BASE TINT 2,5L NIPPON W.BOND',1,50,160000,195273,214800,0,0,0,'y','2017-05-08 14:42:54','developer','0000-00-00 00:00:00','',0),(2050,11,45,'','11452050','CAT KYBS 0.9L 9109SPR.WHITE B.BRAND1000',1,50,43575,50909,56000,0,0,0,'y','2017-05-08 14:42:54','developer','0000-00-00 00:00:00','',0),(2051,11,45,'','11452051','ANTI ALKALIPRIMERSEALER 3IN1 2,5L NIPPON',1,50,89980,100000,110000,0,0,0,'y','2017-05-08 14:42:54','developer','0000-00-00 00:00:00','',0),(2052,11,45,'','11452052','CAT KYBS BASE ACCENT 2.5L NIPON9000 GLOS',1,50,124000,151364,166500,0,0,0,'y','2017-05-08 14:42:54','developer','0000-00-00 00:00:00','',0),(2053,11,45,'','11452053','CAT KYBS BASE ACCENT 1L NIPPON9000 GLOS',1,50,61946,77545,85300,0,0,0,'y','2017-05-08 14:42:54','developer','0000-00-00 00:00:00','',0),(2054,11,45,'','11452054','TINTER 1L TITANIUM WHITEKX NIPPONPAINT',1,50,152,160,176,0,0,0,'y','2017-05-08 14:42:54','developer','0000-00-00 00:00:00','',0),(2055,11,45,'','11452055','CAT TBK BASE ACCENT 1L NIPPON W.BOND',1,50,73980,92545,101800,0,0,0,'y','2017-05-08 14:42:54','developer','0000-00-00 00:00:00','',0),(2056,11,45,'','11452056','ZINC CHROMATE PRIMR 1KG 3111GRYGRN NIPON',1,50,30132,34091,37500,0,0,0,'y','2017-05-08 14:42:54','developer','0000-00-00 00:00:00','',0),(2057,11,45,'','11452057','CAT SEMPROT CLEAR 128 PYLOX',1,50,18256,21364,23500,0,0,0,'y','2017-05-08 14:42:55','developer','0000-00-00 00:00:00','',0),(2058,11,45,'','11452058','CAT TBK BASE ACCENT 2,5L NIPPON W.BOND',1,50,146670,179364,197300,0,0,0,'y','2017-05-08 14:42:55','developer','0000-00-00 00:00:00','',0),(2059,11,45,'','11452059','TINTER 1L BROWN OXIDE I NIPPONPAINT',1,50,109,115,127,0,0,0,'y','2017-05-08 14:42:55','developer','0000-00-00 00:00:00','',0),(2060,11,45,'','11452060','CAT TBK BASE PASTELP 2,5L SATIN GLO',1,50,122259,174545,192000,0,0,0,'y','2017-05-08 14:42:55','developer','0000-00-00 00:00:00','',0),(2061,11,45,'','11452061','CAT GENTENG 2.5L NRC831 TILE RED NIPPON',1,50,156412,181818,200000,0,0,0,'y','2017-05-08 14:42:55','developer','0000-00-00 00:00:00','',0),(2062,11,45,'','11452062','CAT TB.BASE ACCENT 2,5L SPOTLESS',1,50,100432,139091,153000,0,0,0,'y','2017-05-08 14:42:55','developer','0000-00-00 00:00:00','',0),(2063,11,45,'','11452063','CAT TBK BASE TINT 20L SPOTLESS',1,50,782109,1089545,1198500,0,0,0,'y','2017-05-08 14:42:55','developer','0000-00-00 00:00:00','',0),(2064,11,45,'','11452064','ALKALI KILLER SEALER WHITE 2,5L NIPPON',1,50,111941,125000,137500,0,0,0,'y','2017-05-08 14:42:55','developer','0000-00-00 00:00:00','',0),(2065,11,45,'','11452065','TINTER 1L RED RN NIPPONPAINT',1,50,573,602,662,0,0,0,'y','2017-05-08 14:42:55','developer','0000-00-00 00:00:00','',0),(2066,11,45,'','11452066','CAT KYBS BASE PASTEL 1L NIPON9000 GLOSS',1,50,69857,87545,96300,0,0,0,'y','2017-05-08 14:42:55','developer','0000-00-00 00:00:00','',0),(2067,11,45,'','11452067','TINTER 1L H.PERF.YELLAN NIPPONPAINT',1,50,757,797,877,0,0,0,'y','2017-05-08 14:42:55','developer','0000-00-00 00:00:00','',0),(2068,11,45,'','11452068','CAT TBK BASE ACCENT 1.5 KG VINILEX',1,50,27702,38091,41900,0,0,0,'y','2017-05-08 14:42:55','developer','0000-00-00 00:00:00','',0),(2069,11,45,'','11452069','CAT TBK BASE DEEP 2,5L NIPPON W.BOND',1,50,153000,186727,205400,0,0,0,'y','2017-05-08 14:42:56','developer','0000-00-00 00:00:00','',0),(2070,11,45,'','11452070','CAT SEMPROT RED 138 PYLOX',1,50,17889,21364,23500,0,0,0,'y','2017-05-08 14:42:56','developer','0000-00-00 00:00:00','',0),(2071,11,45,'','11452071','CAT TBK BASE ACCENTA 2,5L SATIN GLO',1,50,108444,153727,169100,0,0,0,'y','2017-05-08 14:42:56','developer','0000-00-00 00:00:00','',0),(2072,11,45,'','11452072','CAT TBK BASE DEEP 1L SPOTLESS',1,50,48440,75000,82500,0,0,0,'y','2017-05-08 14:42:56','developer','0000-00-00 00:00:00','',0),(2073,11,45,'','11452073','ZINC CHROMATE PRIMR 5KG 3111GRYGRN NIPON',1,50,142289,160909,177000,0,0,0,'y','2017-05-08 14:42:56','developer','0000-00-00 00:00:00','',0),(2074,11,45,'','11452074','CAT SEMPROT SILVER 124 P BED PYLOX',1,50,18112,21364,23500,0,0,0,'y','2017-05-08 14:42:56','developer','0000-00-00 00:00:00','',0),(2075,11,45,'','11452075','CAT TBK BASE DEEP 5 KG VINILEX',1,50,80662,95273,104800,0,0,0,'y','2017-05-08 14:42:56','developer','0000-00-00 00:00:00','',0),(2076,11,45,'','11452076','CAT TBK BASE PASTEL 2,5L SPOTLESS',1,50,101012,157455,173201,0,0,0,'y','2017-05-08 14:42:56','developer','0000-00-00 00:00:00','',0),(2077,11,45,'','11452077','TINTER 1L RED OXIDE F NIPPONPAINT',1,50,151,161,177,0,0,0,'y','2017-05-08 14:42:56','developer','0000-00-00 00:00:00','',0),(2078,11,45,'','11452078','CAT TBK BASE TINTT 1L SATIN GLO',1,50,30675,86273,94900,0,0,0,'y','2017-05-08 14:42:56','developer','0000-00-00 00:00:00','',0),(2079,11,45,'','11452079','CAT SEMPROT BROWN 112 PYLOX',1,50,18170,21364,23500,0,0,0,'y','2017-05-08 14:42:57','developer','0000-00-00 00:00:00','',0),(2080,11,45,'','11452080','CAT TBK BASE TINT 1L SPOTLESS',1,50,51672,78000,85800,0,0,0,'y','2017-05-08 14:42:57','developer','0000-00-00 00:00:00','',0),(2081,11,45,'','11452081','CAT TBK BASE PASTEL 25 KG VINILEX',1,50,416279,489455,538401,0,0,0,'y','2017-05-08 14:42:57','developer','0000-00-00 00:00:00','',0),(2082,11,45,'','11452082','CAT TBK BASE PASTEL 2,5L NIPPON W.BOND',1,50,163887,202545,222800,0,0,0,'y','2017-05-08 14:42:57','developer','0000-00-00 00:00:00','',0),(2083,11,45,'','11452083','CAT KYBS BASE TINT 2.5L NIPON9000 GLOSS',1,50,96215,164727,181200,0,0,0,'y','2017-05-08 14:42:57','developer','0000-00-00 00:00:00','',0),(2084,11,45,'','11452084','TINTER 1L MEDIUM YELLOW T NIPPONPAINT',1,50,305,321,353,0,0,0,'y','2017-05-08 14:42:57','developer','0000-00-00 00:00:00','',0),(2085,11,45,'','11452085','CAT TBK BASE DEEPD 1L SATIN GLO',1,50,40413,82545,90800,0,0,0,'y','2017-05-08 14:42:57','developer','0000-00-00 00:00:00','',0),(2086,11,45,'','11452086','CAT TBK BASE PASTEL 5 KG VINILEX',1,50,87420,103091,113400,0,0,0,'y','2017-05-08 14:42:57','developer','0000-00-00 00:00:00','',0),(2087,11,45,'','11452087','CAT TBK BASE DEEPD 2,5L SATIN GLO',1,50,115830,161091,177200,0,0,0,'y','2017-05-08 14:42:57','developer','0000-00-00 00:00:00','',0),(2088,11,45,'','11452088','CAT SEMPROT RED 101 PYLOX',1,50,18236,21364,23500,0,0,0,'y','2017-05-08 14:42:57','developer','0000-00-00 00:00:00','',0),(2089,11,45,'','11452089','CAT TBK 25KG 300 WHITE VINILEX5000',1,50,470720,511364,562500,0,0,0,'y','2017-05-08 14:42:57','developer','0000-00-00 00:00:00','',0),(2090,11,45,'','11452090','CAT KYBS BASE TINT 1L NIPPON 9000 GLOSS',1,50,53407,85000,93500,0,0,0,'y','2017-05-08 14:42:57','developer','0000-00-00 00:00:00','',0),(2091,11,45,'','11452091','CAT TBK BASE DEEP 20L SPOTLESS',1,50,536086,1045545,1150100,0,0,0,'y','2017-05-08 14:42:57','developer','0000-00-00 00:00:00','',0),(2092,11,45,'','11452092','TINTER 1L PHTHALO BLUE E NIPPONPAINT',1,50,123,131,144,0,0,0,'y','2017-05-08 14:42:58','developer','0000-00-00 00:00:00','',0),(2093,11,45,'','11452093','TINTER 1L MAGENTA V NIPPONPAINT',1,50,247,260,286,0,0,0,'y','2017-05-08 14:42:58','developer','0000-00-00 00:00:00','',0),(2094,11,45,'','11452094','CAT TBK BASE DEEP 1L NIPPON W.BOND',1,50,76825,96273,105900,0,0,0,'y','2017-05-08 14:42:58','developer','0000-00-00 00:00:00','',0),(2095,11,45,'','11452095','TINTER 1L ORGANIC RED R NIPPONPAINT',1,50,321,350,385,0,0,0,'y','2017-05-08 14:42:58','developer','0000-00-00 00:00:00','',0),(2096,11,45,'','11452096','CAT TBK BASE TINT 2,5L SPOTLESS',1,50,113349,151364,166500,0,0,0,'y','2017-05-08 14:42:58','developer','0000-00-00 00:00:00','',0),(2097,11,45,'','11452097','TINTER 1L RAW UMBER L NIPPONPAINT',1,50,95,100,110,0,0,0,'y','2017-05-08 14:42:58','developer','0000-00-00 00:00:00','',0),(2098,11,45,'','11452098','ZINC CHROMATE PRIMR 1KG 3114 BLACK NIPON',1,50,31185,34091,37500,0,0,0,'y','2017-05-08 14:42:58','developer','0000-00-00 00:00:00','',0),(2099,11,45,'','11452099','CAT TBK BASE TINT 1.5 KG VINILEX',1,50,35103,41455,45601,0,0,0,'y','2017-05-08 14:42:58','developer','0000-00-00 00:00:00','',0),(2100,11,45,'','11452100','CAT DUCO 1L 517 PTH CLASIC NIPPE 2000',1,50,55960,64091,70500,0,0,0,'y','2017-05-08 14:42:58','developer','0000-00-00 00:00:00','',0),(2101,11,45,'','11452101','CAT TBK BASE DEEP 2,5L SPOTLESS',1,50,105147,145182,159700,0,0,0,'y','2017-05-08 14:42:58','developer','0000-00-00 00:00:00','',0),(2102,11,45,'','11452102','CAT KYBS0.9L NP666BLACKMATT B.BRAND1000',1,50,43575,50909,56000,0,0,0,'y','2017-05-08 14:42:59','developer','0000-00-00 00:00:00','',0),(2103,11,45,'','11452103','TINTER 1L CARBAZ. VIOLET J NIPPONPAINT',1,50,176,189,208,0,0,0,'y','2017-05-08 14:42:59','developer','0000-00-00 00:00:00','',0),(2104,11,45,'','11452104','CAT TBK BASE DEEP 25 KG VINILEX',1,50,391909,452545,497800,0,0,0,'y','2017-05-08 14:42:59','developer','0000-00-00 00:00:00','',0),(2105,11,45,'','11452105','TINTER 1L YELLOW OXIDE C NIPPONPAINT',1,50,119,125,138,0,0,0,'y','2017-05-08 14:42:59','developer','0000-00-00 00:00:00','',0),(2106,11,45,'','11452106','CAT TBK BASE ACCENT 25 KG VINILEX',1,50,343554,431273,474400,0,0,0,'y','2017-05-08 14:42:59','developer','0000-00-00 00:00:00','',0),(2107,11,45,'','11452107','TINTER 1L ORGANIC YELLOW A NIPPONPAINT',1,50,283,298,328,0,0,0,'y','2017-05-08 14:42:59','developer','0000-00-00 00:00:00','',0),(2108,11,45,'','11452108','CAT TBK BASE PASTEL 1.5 KG VINILEX',1,50,36523,42636,46900,0,0,0,'y','2017-05-08 14:42:59','developer','0000-00-00 00:00:00','',0),(2109,11,45,'','11452109','TINTER 1L HIGH PERF.RED HT NIPPONPAINT',1,50,635,677,745,0,0,0,'y','2017-05-08 14:42:59','developer','0000-00-00 00:00:00','',0),(2110,11,45,'','11452110','TINTER 1L LAMP BLACK B NIPPONPAINT',1,50,81,85,94,0,0,0,'y','2017-05-08 14:43:00','developer','0000-00-00 00:00:00','',0),(2111,11,45,'','11452111','ANTI ALKALI PRIMERSEALER 3IN1 20L NIPPON',1,50,675000,750000,825000,0,0,0,'y','2017-05-08 14:43:00','developer','0000-00-00 00:00:00','',0),(2112,11,45,'','11452112','CAT TBK BASE PASTEL 20L SPOTLESS',1,50,785259,1133455,1246801,0,0,0,'y','2017-05-08 14:43:00','developer','0000-00-00 00:00:00','',0),(2113,11,45,'','11452113','CAT SEMPROT YELLOW 108 PYLOX',1,50,17858,21364,23500,0,0,0,'y','2017-05-08 14:43:00','developer','0000-00-00 00:00:00','',0),(2114,11,45,'','11452114','CAT SEMPROT SCOTCH LIGHT0YELLOW AUTOLUX',1,50,24486,32727,36000,0,0,0,'y','2017-05-08 14:43:00','developer','0000-00-00 00:00:00','',0),(2115,11,45,'','11452115','CAT KYBS BASE PASTELP 1L BEEBRAND1000',1,50,48994,54909,60400,0,0,0,'y','2017-05-08 14:43:00','developer','0000-00-00 00:00:00','',0),(2116,11,45,'','11452116','CAT KYBS BASE DEEPD 1L BEE BRAND 1000',1,50,44647,51545,56700,0,0,0,'y','2017-05-08 14:43:00','developer','0000-00-00 00:00:00','',0),(2117,11,45,'','11452117','CAT TBK BASE ACCENTA 1L SATIN GLO',1,50,52000,78818,86700,0,0,0,'y','2017-05-08 14:43:00','developer','0000-00-00 00:00:00','',0),(2118,11,45,'','11452118','CAT TBK BASE PASTEL 1L SPOTLESS',1,50,53548,81273,89400,0,0,0,'y','2017-05-08 14:43:00','developer','0000-00-00 00:00:00','',0),(2119,11,45,'','11452119','CAT KYBS BASE PASTEL 2.5L NIPON9000 GLOS',1,50,130534,170818,187900,0,0,0,'y','2017-05-08 14:43:00','developer','0000-00-00 00:00:00','',0),(2120,11,45,'','11452120','CAT TBK BASE TINTT 2,5L SATIN GLO',1,50,118325,168364,185200,0,0,0,'y','2017-05-08 14:43:00','developer','0000-00-00 00:00:00','',0),(2121,11,45,'','11452121','CAT KYBS BASE TINTT 1L BEE BRAND 1000',1,50,47807,53818,59200,0,0,0,'y','2017-05-08 14:43:01','developer','0000-00-00 00:00:00','',0),(2122,11,45,'','11452122','CAT SEMPROT SCOTCH LIGHT0PINK AUTOLUX',1,50,23485,32727,36000,0,0,0,'y','2017-05-08 14:43:01','developer','0000-00-00 00:00:00','',0),(2123,11,45,'','11452123','CAT TBK BASE PASTEL 1L NIPPON W.BOND',1,50,82974,103818,114200,0,0,0,'y','2017-05-08 14:43:01','developer','0000-00-00 00:00:00','',0),(2124,11,45,'','11452124','CAT TBK BASE ACCENT 5 KG VINILEX',1,50,76781,90727,99800,0,0,0,'y','2017-05-08 14:43:01','developer','0000-00-00 00:00:00','',0),(2125,11,45,'','11452125','CAT TBK BASE TINT 1L NIPPON W.BOND',1,50,0,100000,110000,0,0,0,'y','2017-05-08 14:43:01','developer','0000-00-00 00:00:00','',0),(2126,11,45,'','11452126','CAT TBK BASE DEEP 1.5 KG VINILEX',1,50,29031,39273,43200,0,0,0,'y','2017-05-08 14:43:01','developer','0000-00-00 00:00:00','',0),(2127,11,45,'','11452127','CAT SEMPROT GOLD 123 PYLOX',1,50,18508,21364,23500,0,0,0,'y','2017-05-08 14:43:01','developer','0000-00-00 00:00:00','',0),(2128,11,45,'','11452128','CAT KYBS BASE ACCENTA 1L BEEBRAND1000',1,50,44000,49364,54300,0,0,0,'y','2017-05-08 14:43:01','developer','0000-00-00 00:00:00','',0),(2129,11,45,'','11452129','CAT TBK BASE ACCENT 20L NIPPON W.BOND',1,50,929324,1292000,1421200,0,0,0,'y','2017-05-08 14:43:01','developer','0000-00-00 00:00:00','',0),(2130,11,45,'','11452130','CAT KYBS 0.9L 126 EVERGREEN B.BRAND1000',1,50,43897,50909,56000,0,0,0,'y','2017-05-08 14:43:01','developer','0000-00-00 00:00:00','',0),(2131,11,45,'','11452131','CAT TBK BASE PASTELP 1L SATIN GLO',1,50,57048,90000,99000,0,0,0,'y','2017-05-08 14:43:02','developer','0000-00-00 00:00:00','',0),(2132,11,45,'','11452132','CAT DUCO 1L SUPER WHITE NIPPE2000',1,50,54308,64091,70500,0,0,0,'y','2017-05-08 14:43:02','developer','0000-00-00 00:00:00','',0),(2133,11,45,'','11452133','CAT SEMPROT WHITE 102 P PYLOX',1,50,17910,21364,23500,0,0,0,'y','2017-05-08 14:43:02','developer','0000-00-00 00:00:00','',0),(2134,11,45,'','11452134','CAT JALAN 1KG CR001 YELLOW INDAH',1,51,35108,50455,55501,0,0,0,'y','2017-05-08 14:43:02','developer','0000-00-00 00:00:00','',0),(2135,11,46,'','11462135','WATERPROOF CLEAR 01 1KG ELASTEX',1,52,23427,41364,45500,0,0,0,'y','2017-05-08 14:43:02','developer','0000-00-00 00:00:00','',0),(2136,11,46,'','11462136','WATERPROOF CLEAR 01 20KG ELASTEX',1,52,471212,706818,777500,0,0,0,'y','2017-05-08 14:43:02','developer','0000-00-00 00:00:00','',0),(2137,11,46,'','11462137','WATERPROOF CLEAR 01 4KG ELASTEX',1,52,76906,155000,170500,0,0,0,'y','2017-05-08 14:43:02','developer','0000-00-00 00:00:00','',0),(2138,11,46,'','11462138','WATERPROOF DARKGREY 06 1KG ELASTEX',1,52,23657,41364,45500,0,0,0,'y','2017-05-08 14:43:02','developer','0000-00-00 00:00:00','',0),(2139,11,46,'','11462139','WATERPROOF DARKGREY 06 20KG ELASTEX',1,52,350477,706818,777500,0,0,0,'y','2017-05-08 14:43:02','developer','0000-00-00 00:00:00','',0),(2140,11,46,'','11462140','WATERPROOF DARKGREY 06 4KG ELASTEX',1,52,76869,155000,170500,0,0,0,'y','2017-05-08 14:43:02','developer','0000-00-00 00:00:00','',0),(2141,11,46,'','11462141','WATERPROOF GREY 05 1KG ELASTEX',1,52,20931,41364,45500,0,0,0,'y','2017-05-08 14:43:02','developer','0000-00-00 00:00:00','',0),(2142,11,46,'','11462142','WATERPROOF GREY 05 20KG ELASTEX',1,52,350488,706818,777500,0,0,0,'y','2017-05-08 14:43:02','developer','0000-00-00 00:00:00','',0),(2143,11,46,'','11462143','WATERPROOF GREY 05 4KG ELASTEX',1,52,76868,155000,170500,0,0,0,'y','2017-05-08 14:43:02','developer','0000-00-00 00:00:00','',0),(2144,11,46,'','11462144','WATERPROOF LIGHTGREY 04 1KG ELASTEX',1,52,21730,41364,45500,0,0,0,'y','2017-05-08 14:43:03','developer','0000-00-00 00:00:00','',0),(2145,11,46,'','11462145','WATERPROOF LIGHTGREY 04 20KG ELASTEX',1,52,350400,706818,777500,0,0,0,'y','2017-05-08 14:43:03','developer','0000-00-00 00:00:00','',0),(2146,11,46,'','11462146','WATERPROOF LIGHTGREY 04 4KG ELASTEX',1,52,76907,155000,170500,0,0,0,'y','2017-05-08 14:43:03','developer','0000-00-00 00:00:00','',0),(2147,11,46,'','11462147','WATERPROOF WHITE 02 1KG ELASTEX',1,52,21970,41364,45500,0,0,0,'y','2017-05-08 14:43:03','developer','0000-00-00 00:00:00','',0),(2148,11,46,'','11462148','WATERPROOF WHITE 02 20KG ELASTEX',1,52,350248,706818,777500,0,0,0,'y','2017-05-08 14:43:03','developer','0000-00-00 00:00:00','',0),(2149,11,46,'','11462149','WATERPROOF WHITE 02 4KG ELASTEX',1,52,76909,155000,170500,0,0,0,'y','2017-05-08 14:43:03','developer','0000-00-00 00:00:00','',0),(2150,12,47,'','12472150','SEMEN PUTIH 40KG TIGA RODA',1,53,69763,80455,88501,0,0,0,'y','2017-05-08 14:43:03','developer','0000-00-00 00:00:00','',0),(2151,12,47,'','12472151','WHITE MORTAR 40KG TR30 TIGA RODA',1,53,67171,79091,87000,0,0,0,'y','2017-05-08 14:43:03','developer','0000-00-00 00:00:00','',0),(2152,12,47,'','12472152','SEALANT SIKAFLEX CONST GREY 600ML SIKA',1,54,73500,82273,90500,0,0,0,'y','2017-05-08 14:43:03','developer','0000-00-00 00:00:00','',0),(2153,12,47,'','12472153','SEMEN GROUTING SIKAGROUT 215 25KG SIKA',1,54,98500,115455,127001,0,0,0,'y','2017-05-08 14:43:03','developer','0000-00-00 00:00:00','',0),(2154,12,47,'','12472154','SIKACIM BONDING ADHESIVE 900ML SIKA',1,54,33561,38636,42500,0,0,0,'y','2017-05-08 14:43:03','developer','0000-00-00 00:00:00','',0),(2155,12,47,'','12472155','SIKACIM CONCRETE ADDITIVE 900ML SIKA',1,54,24500,27727,30500,0,0,0,'y','2017-05-08 14:43:03','developer','0000-00-00 00:00:00','',0),(2156,12,47,'','12472156','LEM KUNING 12LT RAJAWALI',1,55,18045,20909,23000,0,0,0,'y','2017-05-08 14:43:04','developer','0000-00-00 00:00:00','',0),(2157,12,47,'','12472157','LEM KUNING 14LT RAJAWALI',1,55,11255,12727,14000,0,0,0,'y','2017-05-08 14:43:04','developer','0000-00-00 00:00:00','',0),(2158,12,47,'','12472158','LEM KUNING 100CC RAJAWALI',1,55,5345,6364,7000,0,0,0,'y','2017-05-08 14:43:04','developer','0000-00-00 00:00:00','',0),(2159,12,47,'','12472159','LEM KUNING 1LT RAJAWALI',1,55,32527,35455,39001,0,0,0,'y','2017-05-08 14:43:04','developer','0000-00-00 00:00:00','',0),(2160,12,47,'','12472160','LEM KUNING 4LT RAJAWALI',1,55,116173,124545,137000,0,0,0,'y','2017-05-08 14:43:04','developer','0000-00-00 00:00:00','',0),(2161,12,47,'','12472161','LEM PIPA PVC 45GR 60CC RAJAWALI',1,55,4273,5909,6500,0,0,0,'y','2017-05-08 14:43:04','developer','0000-00-00 00:00:00','',0),(2162,12,47,'','12472162','LEM PVAC PUTIH 1KG BESAR RAJAWALI',1,55,9900,10455,11501,0,0,0,'y','2017-05-08 14:43:04','developer','0000-00-00 00:00:00','',0),(2163,12,47,'','12472163','PENGISI NAT ICE BLUE 1KG 9 AM 50',1,56,10707,15455,17001,0,0,0,'y','2017-05-08 14:43:04','developer','0000-00-00 00:00:00','',0),(2164,12,47,'','12472164','PENGISI NAT CHESNUT 1KG 110 AM50',1,56,10706,15455,17001,0,0,0,'y','2017-05-08 14:43:04','developer','0000-00-00 00:00:00','',0),(2165,12,47,'','12472165','PENGUAT MORTARBETON 1L AM70',1,56,71883,91364,100500,0,0,0,'y','2017-05-08 14:43:04','developer','0000-00-00 00:00:00','',0),(2166,12,47,'','12472166','PENGISI NAT JADE GREEN 1KG 10 AM 50',1,56,11206,15455,17001,0,0,0,'y','2017-05-08 14:43:04','developer','0000-00-00 00:00:00','',0),(2167,12,47,'','12472167','PENGISI NAT BROWN GINGER 1KG AM53',1,56,6668,9545,10500,0,0,0,'y','2017-05-08 14:43:05','developer','0000-00-00 00:00:00','',0),(2168,12,47,'','12472168','KASA PENGUAT WTRPROOFING 10CMX10M AM612',1,56,8049,10909,12000,0,0,0,'y','2017-05-08 14:43:05','developer','0000-00-00 00:00:00','',0),(2169,12,47,'','12472169','PENGISI NAT GOLD 1 KG 117 AM 50',1,56,9030,15455,17001,0,0,0,'y','2017-05-08 14:43:05','developer','0000-00-00 00:00:00','',0),(2170,12,47,'','12472170','PENGISI NAT SPECIAL GREY 1KG 3.1 AM 50',1,56,10128,15455,17001,0,0,0,'y','2017-05-08 14:43:05','developer','0000-00-00 00:00:00','',0),(2171,12,47,'','12472171','PENGISI NAT RED FLAMBOYAN AM53',1,56,6669,9545,10500,0,0,0,'y','2017-05-08 14:43:05','developer','0000-00-00 00:00:00','',0),(2172,12,47,'','12472172','PENGUAT MORTAR  BETON 10L AM76',1,56,265925,343636,378000,0,0,0,'y','2017-05-08 14:43:05','developer','0000-00-00 00:00:00','',0),(2173,12,47,'','12472173','PENGISI NAT BURGUNDY 1 KG 126 AM 50',1,56,11745,15455,17001,0,0,0,'y','2017-05-08 14:43:05','developer','0000-00-00 00:00:00','',0),(2174,12,47,'','12472174','PENGISI NAT BONE 1KG 106 AM 50',1,56,10939,15455,17001,0,0,0,'y','2017-05-08 14:43:05','developer','0000-00-00 00:00:00','',0),(2175,12,47,'','12472175','PENGISI NAT FROSTY PINK 1KG 33 AM 50',1,56,0,15455,17001,0,0,0,'y','2017-05-08 14:43:05','developer','0000-00-00 00:00:00','',0),(2176,12,47,'','12472176','PENGISI NAT GREY ORCHID AM53',1,56,7024,9545,10500,0,0,0,'y','2017-05-08 14:43:05','developer','0000-00-00 00:00:00','',0),(2177,12,47,'','12472177','PENGISI NAT CREAM IXIA 1KG AM53',1,56,7192,9545,10500,0,0,0,'y','2017-05-08 14:43:05','developer','0000-00-00 00:00:00','',0),(2178,12,47,'','12472178','PENGISI NAT BLACK EBONY 1KG AM53',1,56,7056,9545,10500,0,0,0,'y','2017-05-08 14:43:05','developer','0000-00-00 00:00:00','',0),(2179,12,47,'','12472179','PENGISI NAT BRICK RED 1 KG 37 AM 50',1,56,14818,20909,23000,0,0,0,'y','2017-05-08 14:43:06','developer','0000-00-00 00:00:00','',0),(2180,12,47,'','12472180','PENGISI NAT BLACK 1 KG 112 AM 50',1,56,11348,15455,17001,0,0,0,'y','2017-05-08 14:43:06','developer','0000-00-00 00:00:00','',0),(2181,12,47,'','12472181','PENGISI NAT COCOA 1KG 123 AM50',1,56,10735,15455,17001,0,0,0,'y','2017-05-08 14:43:06','developer','0000-00-00 00:00:00','',0),(2182,12,47,'','12472182','PENGISI NAT CREAM LOTUS 1KG AM53',1,56,6914,9545,10500,0,0,0,'y','2017-05-08 14:43:06','developer','0000-00-00 00:00:00','',0),(2183,12,47,'','12472183','PENGISI NAT LIME GREEN 1KG AM50',1,56,11224,15455,17001,0,0,0,'y','2017-05-08 14:43:06','developer','0000-00-00 00:00:00','',0),(2184,12,47,'','12472184','PENGISI NAT PEACH 1KG 116 AM50',1,56,11561,15455,17001,0,0,0,'y','2017-05-08 14:43:06','developer','0000-00-00 00:00:00','',0),(2185,12,47,'','12472185','LIQUID GROUT ADDITIVE 1LT AM54',1,56,49520,63636,70000,0,0,0,'y','2017-05-08 14:43:06','developer','0000-00-00 00:00:00','',0),(2186,12,47,'','12472186','PENGISI NAT VANILA CREAM 1KG 113A AM 50',1,56,10754,15455,17001,0,0,0,'y','2017-05-08 14:43:06','developer','0000-00-00 00:00:00','',0),(2187,12,47,'','12472187','PENGISI NAT CREAM 1KG 102 AM50',1,56,10706,15455,17001,0,0,0,'y','2017-05-08 14:43:06','developer','0000-00-00 00:00:00','',0),(2188,12,47,'','12472188','PENGISI NAT YELLOW EDELWISH AM53',1,56,7160,9545,10500,0,0,0,'y','2017-05-08 14:43:06','developer','0000-00-00 00:00:00','',0),(2189,12,47,'','12472189','ACIAN  PREMIUM SKIMCOAT GREY 40KG AM086',1,56,109739,139091,153000,0,0,0,'y','2017-05-08 14:43:07','developer','0000-00-00 00:00:00','',0),(2190,12,47,'','12472190','PENGUAT MORTAR  BETON 1L AM76',1,56,28306,36818,40500,0,0,0,'y','2017-05-08 14:43:07','developer','0000-00-00 00:00:00','',0),(2191,12,47,'','12472191','PENGISI NAT SMOKED ROSE 1KG 22 AM 50',1,56,0,15455,17001,0,0,0,'y','2017-05-08 14:43:07','developer','0000-00-00 00:00:00','',0),(2192,12,47,'','12472192','PENGISI NAT DARK GREEN 1 KG 12 AM 50',1,56,15888,20909,23000,0,0,0,'y','2017-05-08 14:43:07','developer','0000-00-00 00:00:00','',0),(2193,12,47,'','12472193','PENGISI NAT GRANITE 1KG 114 AM50',1,56,11496,15455,17001,0,0,0,'y','2017-05-08 14:43:07','developer','0000-00-00 00:00:00','',0),(2194,12,47,'','12472194','PENGISI NAT WHITE 1KG 1S AM50',1,56,11276,15455,17001,0,0,0,'y','2017-05-08 14:43:07','developer','0000-00-00 00:00:00','',0),(2195,12,47,'','12472195','PENGISI NAT CHINA BLUE 1 KG AM 119 AM50',1,56,8997,15455,17001,0,0,0,'y','2017-05-08 14:43:07','developer','0000-00-00 00:00:00','',0),(2196,12,47,'','12472196','PENGISI NAT BLUE CANNA 1KG AM53',1,56,7232,9545,10500,0,0,0,'y','2017-05-08 14:43:08','developer','0000-00-00 00:00:00','',0),(2197,12,47,'','12472197','PENGISI NAT BLUE ASTER AM53',1,56,6718,9545,10500,0,0,0,'y','2017-05-08 14:43:08','developer','0000-00-00 00:00:00','',0),(2198,12,47,'','12472198','PENGISI NAT GREEN PINE AM53',1,56,5359,9545,10500,0,0,0,'y','2017-05-08 14:43:08','developer','0000-00-00 00:00:00','',0),(2199,12,47,'','12472199','PENGISI NAT WHITE JASMINE AM53',1,56,6914,9545,10500,0,0,0,'y','2017-05-08 14:43:08','developer','0000-00-00 00:00:00','',0),(2200,12,47,'','12472200','PENGISI NAT ALMOND 1KG 125 AM 50',1,56,0,15455,17001,0,0,0,'y','2017-05-08 14:43:08','developer','0000-00-00 00:00:00','',0),(2201,12,47,'','12472201','PENGISI NAT GREY SOKA AM53',1,56,7201,9545,10500,0,0,0,'y','2017-05-08 14:43:08','developer','0000-00-00 00:00:00','',0),(2202,12,47,'','12472202','PENGISI NAT GREEN VANDA AM53',1,56,6802,9545,10500,0,0,0,'y','2017-05-08 14:43:08','developer','0000-00-00 00:00:00','',0),(2203,12,47,'','12472203','PENGISI NAT TAN 1KG 25 AM 50',1,56,11100,15455,17001,0,0,0,'y','2017-05-08 14:43:08','developer','0000-00-00 00:00:00','',0),(2204,12,47,'','12472204','PENGISI NAT LIGHT BROWN 118 AM50',1,56,13801,20909,23000,0,0,0,'y','2017-05-08 14:43:08','developer','0000-00-00 00:00:00','',0),(2205,12,47,'','12472205','BAHAN PASANG BATAPLESTER10KG MU0301 MU',1,57,10765,12273,13500,0,0,0,'y','2017-05-08 14:43:08','developer','0000-00-00 00:00:00','',0),(2206,12,47,'','12472206','PEREKAT KERAMIK DINDING 25KG MU0400 MU',1,57,91857,110455,121501,0,0,0,'y','2017-05-08 14:43:08','developer','0000-00-00 00:00:00','',0),(2207,12,47,'','12472207','BAHAN PASANG BATAPLESTER 40KG MU0301 MU',1,57,52246,65000,71500,0,0,0,'y','2017-05-08 14:43:08','developer','0000-00-00 00:00:00','',0),(2208,12,47,'','12472208','PEREKAT KERAMIK DGN KERAMIK25KG MU480 MU',1,57,171655,204091,224500,0,0,0,'y','2017-05-08 14:43:09','developer','0000-00-00 00:00:00','',0),(2209,12,47,'','12472209','ACIAN PLESTERBETON 40KG MU0200 MU',1,57,120472,143182,157500,0,0,0,'y','2017-05-08 14:43:09','developer','0000-00-00 00:00:00','',0),(2210,12,47,'','12472210','PEREKAT KERAMIK DINDING 10KG MU0400 MU',1,57,39000,55000,60500,0,0,0,'y','2017-05-08 14:43:09','developer','0000-00-00 00:00:00','',0),(2211,12,47,'','12472211','PEREKAT KERAMIK DGN KERAMIK10KG MU0480MU',1,57,62727,91818,101000,0,0,0,'y','2017-05-08 14:43:09','developer','0000-00-00 00:00:00','',0),(2212,12,47,'','12472212','LARUTAN WATERPROOFING 2KG MU0L500 MU',1,57,100250,229091,252000,0,0,0,'y','2017-05-08 14:43:09','developer','0000-00-00 00:00:00','',0),(2213,12,47,'','12472213','PEREKAT BATA RINGAN 40KG MU0380 MU',1,57,106864,133182,146500,0,0,0,'y','2017-05-08 14:43:09','developer','0000-00-00 00:00:00','',0),(2214,12,47,'','12472214','PEREKAT KERAMIK STANDART 25KG MU0420 MU',1,57,66753,79091,87000,0,0,0,'y','2017-05-08 14:43:09','developer','0000-00-00 00:00:00','',0),(2215,12,47,'','12472215','ACIAN PUTIH 25KG MU0270 MU',1,57,114425,129091,142000,0,0,0,'y','2017-05-08 14:43:09','developer','0000-00-00 00:00:00','',0),(2216,12,47,'','12472216','SILICONE BLACK DOW CORNING',1,58,27545,35455,39001,0,0,0,'y','2017-05-08 14:43:09','developer','0000-00-00 00:00:00','',0),(2217,12,47,'','12472217','SILICONE BLACK DOW CORNING GP',1,58,22031,28182,31000,0,0,0,'y','2017-05-08 14:43:09','developer','0000-00-00 00:00:00','',0),(2218,12,47,'','12472218','SILICONE CLEAR DOW CORNING',1,58,27545,35455,39001,0,0,0,'y','2017-05-08 14:43:09','developer','0000-00-00 00:00:00','',0),(2219,12,47,'','12472219','SILICONE CLEAR DOW CORNING GP',1,58,22036,28182,31000,0,0,0,'y','2017-05-08 14:43:09','developer','0000-00-00 00:00:00','',0),(2220,12,47,'','12472220','SILICONE WHITE DOW CORNING',1,58,27545,35455,39001,0,0,0,'y','2017-05-08 14:43:10','developer','0000-00-00 00:00:00','',0),(2221,12,47,'','12472221','SILICONE WHITE DOW CORNING GP',1,58,22036,28182,31000,0,0,0,'y','2017-05-08 14:43:10','developer','0000-00-00 00:00:00','',0),(2222,12,48,'','12482222','BLOK AAC 600X200X100MM CITICON',1,7,6187,8273,9100,0,0,0,'y','2017-05-08 14:43:10','developer','0000-00-00 00:00:00','',0),(2223,12,48,'','12482223','BLOK AAC 600X200X75MM CITICON',1,7,4645,6182,6800,0,0,0,'y','2017-05-08 14:43:10','developer','0000-00-00 00:00:00','',0),(2224,12,49,'','12492224','GLASS BLOCK BROMO 95053 MULIA',1,59,15727,19091,21000,0,0,0,'y','2017-05-08 14:43:10','developer','0000-00-00 00:00:00','',0),(2225,12,49,'','12492225','GLASS BLOCK CANDI 95054 MULIA',1,59,15727,19091,21000,0,0,0,'y','2017-05-08 14:43:10','developer','0000-00-00 00:00:00','',0),(2226,12,49,'','12492226','GLASS BLOCK DIAMOND 95021 MULIA',1,59,15727,19091,21000,0,0,0,'y','2017-05-08 14:43:10','developer','0000-00-00 00:00:00','',0),(2227,12,49,'','12492227','GLASS BLOCK NET 95050 MULIA',1,59,15727,19091,21000,0,0,0,'y','2017-05-08 14:43:10','developer','0000-00-00 00:00:00','',0),(2228,12,49,'','12492228','GLASS BLOCK OCEAN VIEW 95005 MULIA',1,59,15727,19091,21000,0,0,0,'y','2017-05-08 14:43:10','developer','0000-00-00 00:00:00','',0),(2229,12,49,'','12492229','GLASS BLOCK QUADRA 95001 MULIA',1,59,15727,19091,21000,0,0,0,'y','2017-05-08 14:43:11','developer','0000-00-00 00:00:00','',0),(2230,12,49,'','12492230','GLASS BLOCK TOBA 95052 MULIA',1,59,15727,19091,21000,0,0,0,'y','2017-05-08 14:43:11','developer','0000-00-00 00:00:00','',0),(2231,12,49,'','12492231','GLASS BLOCK VESTA 95009 MULIA',1,59,13409,19091,21000,0,0,0,'y','2017-05-08 14:43:11','developer','0000-00-00 00:00:00','',0),(2232,12,49,'','12492232','GLASS BLOCK WAVE 95002 MULIA',1,59,15727,19091,21000,0,0,0,'y','2017-05-08 14:43:11','developer','0000-00-00 00:00:00','',0),(2233,12,50,'','12502233','TANGGA CALTEX 1,5M QUEEN',1,60,262600,328636,361500,0,0,0,'y','2017-05-08 14:43:11','developer','0000-00-00 00:00:00','',0),(2234,12,50,'','12502234','TANGGA CALTEX 1,75M QUEEN',1,60,322400,403182,443500,0,0,0,'y','2017-05-08 14:43:11','developer','0000-00-00 00:00:00','',0),(2235,12,50,'','12502235','TANGGA CALTEX 1M QUEEN',1,60,0,242273,266500,0,0,0,'y','2017-05-08 14:43:11','developer','0000-00-00 00:00:00','',0),(2236,12,50,'','12502236','TANGGA CALTEX 2,5M QUEEN',1,60,428350,535455,589001,0,0,0,'y','2017-05-08 14:43:11','developer','0000-00-00 00:00:00','',0),(2237,12,50,'','12502237','TANGGA CALTEX 2M QUEEN',1,60,358800,448636,493500,0,0,0,'y','2017-05-08 14:43:11','developer','0000-00-00 00:00:00','',0),(2238,12,50,'','12502238','TANGGA CALTEX 3,5M QUEEN',1,60,723450,904545,995000,0,0,0,'y','2017-05-08 14:43:12','developer','0000-00-00 00:00:00','',0),(2239,12,50,'','12502239','TANGGA CALTEX 3M QUEEN',1,60,570700,713636,785000,0,0,0,'y','2017-05-08 14:43:12','developer','0000-00-00 00:00:00','',0),(2240,12,50,'','12502240','TANGGA CALTEX 4M QUEEN',1,60,967200,1209091,1330000,0,0,0,'y','2017-05-08 14:43:12','developer','0000-00-00 00:00:00','',0),(2241,12,50,'','12502241','TANGGA LIPAT ALUMINIUM 170 ML406 DALTON',1,22,408932,590000,649000,0,0,0,'y','2017-05-08 14:43:12','developer','0000-00-00 00:00:00','',0),(2242,12,50,'','12502242','TANGGA LIPAT ALUMINIUM 260 ML609 DALTON',1,22,0,1768636,1945500,0,0,0,'y','2017-05-08 14:43:12','developer','0000-00-00 00:00:00','',0),(2243,12,51,'','12512243','WATER TANK PLASTIK BPE1100L PROFILTANK',1,61,1074153,1256818,1382500,0,0,0,'y','2017-05-08 14:43:12','developer','0000-00-00 00:00:00','',0),(2244,12,51,'','12512244','WATER TANK PLASTIK BPE550L PROFILTANK',1,61,416617,765909,842500,0,0,0,'y','2017-05-08 14:43:12','developer','0000-00-00 00:00:00','',0),(2245,12,51,'','12512245','WATER TANK PLASTIK TDA1100L PROFILTANK',1,61,1154527,1358182,1494000,0,0,0,'y','2017-05-08 14:43:12','developer','0000-00-00 00:00:00','',0),(2246,12,51,'','12512246','WATER TANK PLASTIK TDA250L PROFILTANK',1,61,383636,423636,466000,0,0,0,'y','2017-05-08 14:43:12','developer','0000-00-00 00:00:00','',0),(2247,12,51,'','12512247','WATER TANK PLASTIK TDA300L PROFILTANK',1,61,416496,487727,536500,0,0,0,'y','2017-05-08 14:43:12','developer','0000-00-00 00:00:00','',0),(2248,12,51,'','12512248','WATER TANK PLASTIK TDA550L PROFILTANK',1,61,695000,767273,844000,0,0,0,'y','2017-05-08 14:43:13','developer','0000-00-00 00:00:00','',0),(2249,12,51,'','12512249','WATER TANK PLASTIK TDA700L PROFILTANK',1,61,792026,926818,1019500,0,0,0,'y','2017-05-08 14:43:13','developer','0000-00-00 00:00:00','',0),(2250,12,51,'','12512250','WATER TANK PLASTIK TDA800L PROFILTANK',1,61,900770,1054545,1160000,0,0,0,'y','2017-05-08 14:43:13','developer','0000-00-00 00:00:00','',0),(2251,12,51,'','12512251','WATER TANK SSKAKI PS1100 PROFILTANK',1,61,2565455,3018182,3320000,0,0,0,'y','2017-05-08 14:43:13','developer','0000-00-00 00:00:00','',0),(2252,12,51,'','12512252','WATER TANK SSKAKI PS1500 PROFILTANK',1,61,2850695,3334545,3668000,0,0,0,'y','2017-05-08 14:43:13','developer','0000-00-00 00:00:00','',0),(2253,12,51,'','12512253','WATER TANK SSKAKI PS380 PROFILTANK',1,61,1171428,1497273,1647000,0,0,0,'y','2017-05-08 14:43:13','developer','0000-00-00 00:00:00','',0),(2254,12,51,'','12512254','WATER TANK SSKAKI PS550 PROFILTANK',1,61,1553601,1837727,2021500,0,0,0,'y','2017-05-08 14:43:13','developer','0000-00-00 00:00:00','',0),(2255,12,51,'','12512255','WATER TANK SSKAKI PS700 PROFILTANK',1,61,1744850,2041818,2246000,0,0,0,'y','2017-05-08 14:43:13','developer','0000-00-00 00:00:00','',0),(2256,12,52,'','12522256','EXHAUST FAN 10 25ASB KDK',1,62,600000,1097727,1207500,0,0,0,'y','2017-05-08 14:43:13','developer','0000-00-00 00:00:00','',0),(2257,12,52,'','12522257','EXHAUST FAN 6 15AAQ1 KDK',1,62,576019,854091,939500,0,0,0,'y','2017-05-08 14:43:14','developer','0000-00-00 00:00:00','',0),(2258,12,52,'','12522258','EXHAUST FAN BATHROOM 4 10EGKA KDK',1,62,350000,394091,433500,0,0,0,'y','2017-05-08 14:43:14','developer','0000-00-00 00:00:00','',0),(2259,12,52,'','12522259','EXHAUST FAN BATHROOM 4 10EGSA KDK',1,62,316364,352273,387500,0,0,0,'y','2017-05-08 14:43:14','developer','0000-00-00 00:00:00','',0),(2260,12,52,'','12522260','EXHAUST FAN BATHROOM 6 15EGKA KDK',1,62,443107,497727,547500,0,0,0,'y','2017-05-08 14:43:14','developer','0000-00-00 00:00:00','',0),(2261,12,52,'','12522261','EXHAUST FAN BATHROOM 6 15EGSA KDK',1,62,414441,465455,512001,0,0,0,'y','2017-05-08 14:43:14','developer','0000-00-00 00:00:00','',0),(2262,12,52,'','12522262','EXHAUST FAN DINDING 10 25RQN5 KDK',1,62,305290,355909,391500,0,0,0,'y','2017-05-08 14:43:14','developer','0000-00-00 00:00:00','',0),(2263,12,52,'','12522263','EXHAUST FAN DINDING 12 30RQN5 KDK',1,62,341274,392727,432000,0,0,0,'y','2017-05-08 14:43:14','developer','0000-00-00 00:00:00','',0),(2264,12,52,'','12522264','EXHAUST FAN KITCHEN 10 25AUFA KDK',1,62,314393,728636,801500,0,0,0,'y','2017-05-08 14:43:14','developer','0000-00-00 00:00:00','',0),(2265,12,52,'','12522265','EXHAUST FAN PLAFON 10 25TGQ2 KDK',1,62,233634,274091,301500,0,0,0,'y','2017-05-08 14:43:14','developer','0000-00-00 00:00:00','',0),(2266,12,52,'','12522266','EXHAUST FAN PLAFON 8 20TGQ2 KDK',1,62,218596,265455,292001,0,0,0,'y','2017-05-08 14:43:14','developer','0000-00-00 00:00:00','',0),(2267,12,52,'','12522267','WALL FAN 12 WN30B KDK',1,62,307595,345909,380500,0,0,0,'y','2017-05-08 14:43:15','developer','0000-00-00 00:00:00','',0),(2268,12,52,'','12522268','WALL FAN 16 WN40B KDK',1,62,328182,376818,414500,0,0,0,'y','2017-05-08 14:43:15','developer','0000-00-00 00:00:00','',0),(2269,12,52,'','12522269','WALL FAN 2IN1 16 TYPHON WB40L KDK',1,62,562505,662273,728500,0,0,0,'y','2017-05-08 14:43:15','developer','0000-00-00 00:00:00','',0),(2270,12,52,'','12522270','STAND FAN 20 SPECTEK',1,63,1094455,1753182,1928500,0,0,0,'y','2017-05-08 14:43:15','developer','0000-00-00 00:00:00','',0),(2271,12,52,'','12522271','STAND FAN 24 SPECTEK',1,63,1231354,1971818,2169000,0,0,0,'y','2017-05-08 14:43:15','developer','0000-00-00 00:00:00','',0),(2272,12,52,'','12522272','WALL FAN 20 SPECTEK',1,63,1066309,1421818,1564000,0,0,0,'y','2017-05-08 14:43:15','developer','0000-00-00 00:00:00','',0),(2273,12,52,'','12522273','WALL FAN 24 SPECTEK',1,63,1185876,1581364,1739500,0,0,0,'y','2017-05-08 14:43:15','developer','0000-00-00 00:00:00','',0),(2274,12,52,'','12522274','WALL FAN 30 SPECTEK',1,63,1355729,1807727,1988500,0,0,0,'y','2017-05-08 14:43:15','developer','0000-00-00 00:00:00','',0),(2275,13,53,'','13532275','BASIN TAP GW 03B AER',1,64,49147,73636,81000,0,0,0,'y','2017-05-08 14:43:15','developer','0000-00-00 00:00:00','',0),(2276,13,53,'','13532276','BASIN TAP GW 09C AER',1,64,47727,195455,215001,0,0,0,'y','2017-05-08 14:43:15','developer','0000-00-00 00:00:00','',0),(2277,13,53,'','13532277','BASIN TAP GW 09D AER',1,64,44475,73636,81000,0,0,0,'y','2017-05-08 14:43:16','developer','0000-00-00 00:00:00','',0),(2278,13,53,'','13532278','BASIN TAP MIXER SAG W1 AER',1,64,0,462727,509000,0,0,0,'y','2017-05-08 14:43:16','developer','0000-00-00 00:00:00','',0),(2279,13,53,'','13532279','BASIN TAP SOV 05AF AER',1,64,62500,110000,121000,0,0,0,'y','2017-05-08 14:43:16','developer','0000-00-00 00:00:00','',0),(2280,13,53,'','13532280','BASIN TAP SOV 05AF AER',1,64,54546,110000,121000,0,0,0,'y','2017-05-08 14:43:16','developer','0000-00-00 00:00:00','',0),(2281,13,53,'','13532281','BASIN TAP SOV 05AW AER',1,64,55398,110000,121000,0,0,0,'y','2017-05-08 14:43:16','developer','0000-00-00 00:00:00','',0),(2282,13,53,'','13532282','BASIN TAP SOV 09B W AER',1,64,62500,110000,121000,0,0,0,'y','2017-05-08 14:43:16','developer','0000-00-00 00:00:00','',0),(2283,13,53,'','13532283','BASIN TAP SOV 09BF AER',1,64,59659,110000,121000,0,0,0,'y','2017-05-08 14:43:17','developer','0000-00-00 00:00:00','',0),(2284,13,53,'','13532284','BASIN TAP SOV 09BW AER',1,64,56533,110000,121000,0,0,0,'y','2017-05-08 14:43:17','developer','0000-00-00 00:00:00','',0),(2285,13,53,'','13532285','BASIN TAP SOV 09CF AER',1,64,74929,110000,121000,0,0,0,'y','2017-05-08 14:43:17','developer','0000-00-00 00:00:00','',0),(2286,13,53,'','13532286','BASIN TAP W 5B Z AER',1,64,32386,49091,54000,0,0,0,'y','2017-05-08 14:43:17','developer','0000-00-00 00:00:00','',0),(2287,13,53,'','13532287','BASIN TAP W 5G Z AER',1,64,45455,63636,70000,0,0,0,'y','2017-05-08 14:43:17','developer','0000-00-00 00:00:00','',0),(2288,13,53,'','13532288','BASIN TAP W9EZ 12 AER',1,64,32386,49091,54000,0,0,0,'y','2017-05-08 14:43:17','developer','0000-00-00 00:00:00','',0),(2289,13,53,'','13532289','BASIN TAP W9FZ 12 AER',1,64,32391,46364,51000,0,0,0,'y','2017-05-08 14:43:17','developer','0000-00-00 00:00:00','',0),(2290,13,53,'','13532290','BASIN TAP WOV 05A AER',1,64,107954,159091,175000,0,0,0,'y','2017-05-08 14:43:18','developer','0000-00-00 00:00:00','',0),(2291,13,53,'','13532291','BASIN TAP WOV 09B AER',1,64,90861,154545,170000,0,0,0,'y','2017-05-08 14:43:18','developer','0000-00-00 00:00:00','',0),(2292,13,53,'','13532292','BASIN TAP WOV 09C AER',1,64,107954,154545,170000,0,0,0,'y','2017-05-08 14:43:18','developer','0000-00-00 00:00:00','',0),(2293,13,53,'','13532293','HAND SHOWER GSH 2 1C AER',1,64,97563,131818,145000,0,0,0,'y','2017-05-08 14:43:18','developer','0000-00-00 00:00:00','',0),(2294,13,53,'','13532294','HAND SHOWER HS 11C KOMPLIT AER',1,64,68182,95455,105001,0,0,0,'y','2017-05-08 14:43:19','developer','0000-00-00 00:00:00','',0),(2295,13,53,'','13532295','HAND SHOWER HS 21C KOMPLIT AER',1,64,73864,104545,115000,0,0,0,'y','2017-05-08 14:43:19','developer','0000-00-00 00:00:00','',0),(2296,13,53,'','13532296','HAND SHOWER SET CSH 3C AER',1,64,115739,154545,170000,0,0,0,'y','2017-05-08 14:43:19','developer','0000-00-00 00:00:00','',0),(2297,13,53,'','13532297','HAND SHOWER SET FSH 1C AER',1,64,111507,150000,165000,0,0,0,'y','2017-05-08 14:43:19','developer','0000-00-00 00:00:00','',0),(2298,13,53,'','13532298','HAND SHOWER SET FSH 3CW AER',1,64,115739,154545,170000,0,0,0,'y','2017-05-08 14:43:19','developer','0000-00-00 00:00:00','',0),(2299,13,53,'','13532299','HAND SHOWER SET GSH 1C AER',1,64,99431,131818,145000,0,0,0,'y','2017-05-08 14:43:19','developer','0000-00-00 00:00:00','',0),(2300,13,53,'','13532300','HEAD SHOWER WS11 AER',1,64,133296,177273,195000,0,0,0,'y','2017-05-08 14:43:19','developer','0000-00-00 00:00:00','',0),(2301,13,53,'','13532301','HEAD SHOWER WS12 FR AER',1,64,73864,100000,110000,0,0,0,'y','2017-05-08 14:43:19','developer','0000-00-00 00:00:00','',0),(2302,13,53,'','13532302','HEAD SHOWER WS13 AER',1,64,132928,177273,195000,0,0,0,'y','2017-05-08 14:43:19','developer','0000-00-00 00:00:00','',0),(2303,13,53,'','13532303','HEAD SHOWER WS15 AER',1,64,96592,129091,142000,0,0,0,'y','2017-05-08 14:43:19','developer','0000-00-00 00:00:00','',0),(2304,13,53,'','13532304','KITCHEN FAUCET A5LZ AER',1,64,47329,63636,70000,0,0,0,'y','2017-05-08 14:43:19','developer','0000-00-00 00:00:00','',0),(2305,13,53,'','13532305','KITCHEN FAUCET A5MZ AER',1,64,48230,63636,70000,0,0,0,'y','2017-05-08 14:43:20','developer','0000-00-00 00:00:00','',0),(2306,13,53,'','13532306','KITCHEN FAUCET A9GZ AER',1,64,48296,63636,70000,0,0,0,'y','2017-05-08 14:43:20','developer','0000-00-00 00:00:00','',0),(2307,13,53,'','13532307','KITCHEN FAUCET AB 5JZ L AER',1,64,90909,130000,143000,0,0,0,'y','2017-05-08 14:43:20','developer','0000-00-00 00:00:00','',0),(2308,13,53,'','13532308','KITCHEN FAUCET ACR 01B AER',1,64,119319,168182,185000,0,0,0,'y','2017-05-08 14:43:20','developer','0000-00-00 00:00:00','',0),(2309,13,53,'','13532309','KITCHEN FAUCET ACR 03C AER',1,64,105455,168182,185000,0,0,0,'y','2017-05-08 14:43:20','developer','0000-00-00 00:00:00','',0),(2310,13,53,'','13532310','KITCHEN FAUCET GT AOV 01A AER',1,64,113636,159091,175000,0,0,0,'y','2017-05-08 14:43:20','developer','0000-00-00 00:00:00','',0),(2311,13,53,'','13532311','KITCHEN FAUCET GT AOV 09BX AER',1,64,113637,159091,175000,0,0,0,'y','2017-05-08 14:43:20','developer','0000-00-00 00:00:00','',0),(2312,13,53,'','13532312','KITCHEN FAUCET GT AOV 3B AER',1,64,113352,159091,175000,0,0,0,'y','2017-05-08 14:43:20','developer','0000-00-00 00:00:00','',0),(2313,13,53,'','13532313','KITCHEN FAUCET GT AOV 3C AER',1,64,113637,159091,175000,0,0,0,'y','2017-05-08 14:43:20','developer','0000-00-00 00:00:00','',0),(2314,13,53,'','13532314','KITCHEN FAUCET GT HOV 01A AER',1,64,102266,145455,160001,0,0,0,'y','2017-05-08 14:43:20','developer','0000-00-00 00:00:00','',0),(2315,13,53,'','13532315','KITCHEN FAUCET GT HOV 03B AER',1,64,102273,145455,160001,0,0,0,'y','2017-05-08 14:43:21','developer','0000-00-00 00:00:00','',0),(2316,13,53,'','13532316','KITCHEN FAUCET GT HOV 09BX AER',1,64,102273,145455,160001,0,0,0,'y','2017-05-08 14:43:21','developer','0000-00-00 00:00:00','',0),(2317,13,53,'','13532317','KITCHEN FAUCET GT HOV 3C AER',1,64,102273,145455,160001,0,0,0,'y','2017-05-08 14:43:21','developer','0000-00-00 00:00:00','',0),(2318,13,53,'','13532318','KITCHEN FAUCET ROV 01A AER',1,64,79915,159091,175000,0,0,0,'y','2017-05-08 14:43:21','developer','0000-00-00 00:00:00','',0),(2319,13,53,'','13532319','KITCHEN FAUCET ROV 03B AER',1,64,78125,159091,175000,0,0,0,'y','2017-05-08 14:43:21','developer','0000-00-00 00:00:00','',0),(2320,13,53,'','13532320','KITCHEN FAUCET ROV 09BX AER',1,64,79914,159091,175000,0,0,0,'y','2017-05-08 14:43:21','developer','0000-00-00 00:00:00','',0),(2321,13,53,'','13532321','KITCHEN FAUCET ROV 3C AER',1,64,0,159091,175000,0,0,0,'y','2017-05-08 14:43:21','developer','0000-00-00 00:00:00','',0),(2322,13,53,'','13532322','KITCHEN FAUCET VCR 01B AER',1,64,130682,186364,205000,0,0,0,'y','2017-05-08 14:43:21','developer','0000-00-00 00:00:00','',0),(2323,13,53,'','13532323','KITCHEN FAUCET VCR 03C AER',1,64,130682,186364,205000,0,0,0,'y','2017-05-08 14:43:21','developer','0000-00-00 00:00:00','',0),(2324,13,53,'','13532324','KITCHEN FAUCET VOV 01A AER',1,64,124995,177273,195000,0,0,0,'y','2017-05-08 14:43:21','developer','0000-00-00 00:00:00','',0),(2325,13,53,'','13532325','KITCHEN FAUCET VOV 03B AER',1,64,124809,177273,195000,0,0,0,'y','2017-05-08 14:43:21','developer','0000-00-00 00:00:00','',0),(2326,13,53,'','13532326','KITCHEN FAUCET VOV 09BX AER',1,64,125000,177273,195000,0,0,0,'y','2017-05-08 14:43:22','developer','0000-00-00 00:00:00','',0),(2327,13,53,'','13532327','KITCHEN FAUCET VOV 3C AER',1,64,125000,177273,195000,0,0,0,'y','2017-05-08 14:43:22','developer','0000-00-00 00:00:00','',0),(2328,13,53,'','13532328','PAKET RAILING BAR D 34  FSH 3C AER',1,64,284091,404545,445000,0,0,0,'y','2017-05-08 14:43:22','developer','0000-00-00 00:00:00','',0),(2329,13,53,'','13532329','PELAMPUNG AIR 12 YELLOWORANGE AER',1,64,70512,100000,110000,0,0,0,'y','2017-05-08 14:43:22','developer','0000-00-00 00:00:00','',0),(2330,13,53,'','13532330','PELAMPUNG AIR 34 ORANGE AER',1,64,79546,113636,125000,0,0,0,'y','2017-05-08 14:43:22','developer','0000-00-00 00:00:00','',0),(2331,13,53,'','13532331','RAIN SHOWER SET MS 1 AER',1,64,1079545,1542727,1697000,0,0,0,'y','2017-05-08 14:43:22','developer','0000-00-00 00:00:00','',0),(2332,13,53,'','13532332','RAIN SHOWER SET MS 2 AER',1,64,1250000,1522727,1675000,0,0,0,'y','2017-05-08 14:43:22','developer','0000-00-00 00:00:00','',0),(2333,13,53,'','13532333','RAIN SHOWER SET MS 3 AER',1,64,1212500,1522727,1675000,0,0,0,'y','2017-05-08 14:43:22','developer','0000-00-00 00:00:00','',0),(2334,13,53,'','13532334','SEAL TAPE 12MMX10M AER',1,64,1192,5455,6001,0,0,0,'y','2017-05-08 14:43:22','developer','0000-00-00 00:00:00','',0),(2335,13,53,'','13532335','SEAL TAPE MERAH 12MMX10M PAK2 AER',1,64,1421,5455,6001,0,0,0,'y','2017-05-08 14:43:22','developer','0000-00-00 00:00:00','',0),(2336,13,53,'','13532336','SELANG FLEXIBLE FA 30 SS AER',1,64,22402,32727,36000,0,0,0,'y','2017-05-08 14:43:22','developer','0000-00-00 00:00:00','',0),(2337,13,53,'','13532337','SELANG FLEXIBLE FA 40 SS AER',1,64,25433,36364,40000,0,0,0,'y','2017-05-08 14:43:22','developer','0000-00-00 00:00:00','',0),(2338,13,53,'','13532338','SELANG FLEXIBLE FA 50 SS AER',1,64,27983,40909,45000,0,0,0,'y','2017-05-08 14:43:23','developer','0000-00-00 00:00:00','',0),(2339,13,53,'','13532339','SELANG FLEXIBLE FH 125 SSA F AER',1,64,36931,54545,60000,0,0,0,'y','2017-05-08 14:43:23','developer','0000-00-00 00:00:00','',0),(2340,13,53,'','13532340','SELANG FLEXIBLE FH 150 SSAFSACF AER',1,64,45455,63636,70000,0,0,0,'y','2017-05-08 14:43:23','developer','0000-00-00 00:00:00','',0),(2341,13,53,'','13532341','SELANG FLEXIBLE FNS 30SS AER',1,64,22203,32727,36000,0,0,0,'y','2017-05-08 14:43:23','developer','0000-00-00 00:00:00','',0),(2342,13,53,'','13532342','SELANG FLEXIBLE FNS 40SS AER',1,64,25058,36364,40000,0,0,0,'y','2017-05-08 14:43:23','developer','0000-00-00 00:00:00','',0),(2343,13,53,'','13532343','SELANG FLEXIBLE FNS 50SS AER',1,64,27983,40909,45000,0,0,0,'y','2017-05-08 14:43:23','developer','0000-00-00 00:00:00','',0),(2344,13,53,'','13532344','SELANG FLEXIBLE WATERHEATER FW 30 SS AER',1,64,22727,32727,36000,0,0,0,'y','2017-05-08 14:43:23','developer','0000-00-00 00:00:00','',0),(2345,13,53,'','13532345','SELANG FLEXIBLE WATERHEATER FW 40 SS AER',1,64,25569,36364,40000,0,0,0,'y','2017-05-08 14:43:23','developer','0000-00-00 00:00:00','',0),(2346,13,53,'','13532346','SELANG FLEXIBLE WATERHEATER FW 50 SS AER',1,64,27800,40909,45000,0,0,0,'y','2017-05-08 14:43:23','developer','0000-00-00 00:00:00','',0),(2347,13,53,'','13532347','SHOWER MIXER SAG SH2 AER',1,64,269887,359091,395000,0,0,0,'y','2017-05-08 14:43:24','developer','0000-00-00 00:00:00','',0),(2348,13,53,'','13532348','SHOWER MIXER SSV 01 AER',1,64,248012,354545,390000,0,0,0,'y','2017-05-08 14:43:24','developer','0000-00-00 00:00:00','',0),(2349,13,53,'','13532349','SHOWER SPRAY BD03 W WHITE AER',1,64,44566,64545,71000,0,0,0,'y','2017-05-08 14:43:24','developer','0000-00-00 00:00:00','',0),(2350,13,53,'','13532350','SHOWER SPRAY BD04 CHROME AER',1,64,64116,92727,102000,0,0,0,'y','2017-05-08 14:43:24','developer','0000-00-00 00:00:00','',0),(2351,13,53,'','13532351','SHOWER SPRAY SC05 W WHITE AER',1,64,56819,72727,80000,0,0,0,'y','2017-05-08 14:43:24','developer','0000-00-00 00:00:00','',0),(2352,13,53,'','13532352','SHOWER SPRAY SC06 C CHROME AER',1,64,73864,106364,117000,0,0,0,'y','2017-05-08 14:43:24','developer','0000-00-00 00:00:00','',0),(2353,13,53,'','13532353','SHOWER SPRAY SC06 W WHITE AER',1,64,69957,95455,105001,0,0,0,'y','2017-05-08 14:43:24','developer','0000-00-00 00:00:00','',0),(2354,13,53,'','13532354','SHOWER SPRAY SC07 C CHROME AER',1,64,89205,122727,135000,0,0,0,'y','2017-05-08 14:43:24','developer','0000-00-00 00:00:00','',0),(2355,13,53,'','13532355','SHOWER SPRAY SC07 W WHITE AER',1,64,83950,113636,125000,0,0,0,'y','2017-05-08 14:43:24','developer','0000-00-00 00:00:00','',0),(2356,13,53,'','13532356','SHOWER SPRAY SC08 C CHROME AER',1,64,97301,131818,145000,0,0,0,'y','2017-05-08 14:43:24','developer','0000-00-00 00:00:00','',0),(2357,13,53,'','13532357','SHOWER TAP 3WAY TA5LZ AER',1,64,33524,49091,54000,0,0,0,'y','2017-05-08 14:43:24','developer','0000-00-00 00:00:00','',0),(2358,13,53,'','13532358','SHOWER TAP 3WAY TA5MZ AER',1,64,33453,49091,54000,0,0,0,'y','2017-05-08 14:43:24','developer','0000-00-00 00:00:00','',0),(2359,13,53,'','13532359','SHOWER TAP 3WAY TA9GZ AER',1,64,33068,49091,54000,0,0,0,'y','2017-05-08 14:43:25','developer','0000-00-00 00:00:00','',0),(2360,13,53,'','13532360','SHOWER TAP 3WAY TF 01A AER',1,64,73864,105455,116001,0,0,0,'y','2017-05-08 14:43:25','developer','0000-00-00 00:00:00','',0),(2361,13,53,'','13532361','SHOWER TAP 3WAY TF 3B AER',1,64,73864,105455,116001,0,0,0,'y','2017-05-08 14:43:25','developer','0000-00-00 00:00:00','',0),(2362,13,53,'','13532362','SHOWER TAP AR5J AER',1,64,47260,69091,76000,0,0,0,'y','2017-05-08 14:43:25','developer','0000-00-00 00:00:00','',0),(2363,13,53,'','13532363','SHOWER TAP AS5J AER',1,64,48296,69091,76000,0,0,0,'y','2017-05-08 14:43:25','developer','0000-00-00 00:00:00','',0),(2364,13,53,'','13532364','SHOWER TAP SHCR 01B AER',1,64,85227,121818,134000,0,0,0,'y','2017-05-08 14:43:25','developer','0000-00-00 00:00:00','',0),(2365,13,53,'','13532365','SHOWER TAP SHCR 03C AER',1,64,85227,121818,134000,0,0,0,'y','2017-05-08 14:43:25','developer','0000-00-00 00:00:00','',0),(2366,13,53,'','13532366','SHOWER TAP SHOV 01A AER',1,64,79545,113636,125000,0,0,0,'y','2017-05-08 14:43:25','developer','0000-00-00 00:00:00','',0),(2367,13,53,'','13532367','SHOWER TAP SHOV 09BX AER',1,64,79545,113636,125000,0,0,0,'y','2017-05-08 14:43:25','developer','0000-00-00 00:00:00','',0),(2368,13,53,'','13532368','SHOWER TAP SHOV 3B AER',1,64,78113,113636,125000,0,0,0,'y','2017-05-08 14:43:26','developer','0000-00-00 00:00:00','',0),(2369,13,53,'','13532369','SHOWER TAP SHOV 3C AER',1,64,78113,113636,125000,0,0,0,'y','2017-05-08 14:43:26','developer','0000-00-00 00:00:00','',0),(2370,13,53,'','13532370','SHOWER TAP TR5JF AER',1,64,48295,69091,76000,0,0,0,'y','2017-05-08 14:43:26','developer','0000-00-00 00:00:00','',0),(2371,13,53,'','13532371','SIFON BZ 114 AER',1,64,255681,316364,348000,0,0,0,'y','2017-05-08 14:43:26','developer','0000-00-00 00:00:00','',0),(2372,13,53,'','13532372','SIFON LEHER ANGSA 114 SS AER',1,64,70055,95455,105001,0,0,0,'y','2017-05-08 14:43:26','developer','0000-00-00 00:00:00','',0),(2373,13,53,'','13532373','SIFON LEHER ANGSA PLASTIK PW 1 14 AER',1,64,18291,27273,30000,0,0,0,'y','2017-05-08 14:43:26','developer','0000-00-00 00:00:00','',0),(2374,13,53,'','13532374','SINK TAP 2 WAY D11A AER',1,64,142041,195455,215001,0,0,0,'y','2017-05-08 14:43:26','developer','0000-00-00 00:00:00','',0),(2375,13,53,'','13532375','SINK TAP 2 WAY D33B AER',1,64,142046,195455,215001,0,0,0,'y','2017-05-08 14:43:26','developer','0000-00-00 00:00:00','',0),(2376,13,53,'','13532376','SINK TAP 2 WAY D33C AER',1,64,142046,195455,215001,0,0,0,'y','2017-05-08 14:43:26','developer','0000-00-00 00:00:00','',0),(2377,13,53,'','13532377','SINK TAP 2 WAY D5LZ AER',1,64,61564,89091,98000,0,0,0,'y','2017-05-08 14:43:26','developer','0000-00-00 00:00:00','',0),(2378,13,53,'','13532378','SINK TAP 2 WAY D5MZ AER',1,64,61563,89091,98000,0,0,0,'y','2017-05-08 14:43:26','developer','0000-00-00 00:00:00','',0),(2379,13,53,'','13532379','SINK TAP 2 WAY D99BX AER',1,64,0,2000000,2200000,0,0,0,'y','2017-05-08 14:43:27','developer','0000-00-00 00:00:00','',0),(2380,13,53,'','13532380','SINK TAP 2 WAY D99BX AER',1,64,142046,195455,215001,0,0,0,'y','2017-05-08 14:43:27','developer','0000-00-00 00:00:00','',0),(2381,13,53,'','13532381','SINK TAP 2 WAY D9GZ AER',1,64,61514,89091,98000,0,0,0,'y','2017-05-08 14:43:27','developer','0000-00-00 00:00:00','',0),(2382,13,53,'','13532382','SINK TAP 2 WAY DC 4B Z AER',1,64,76705,109091,120000,0,0,0,'y','2017-05-08 14:43:27','developer','0000-00-00 00:00:00','',0),(2383,13,53,'','13532383','SINK TAP 2 WAY DC 51 Z AER',1,64,74180,109091,120000,0,0,0,'y','2017-05-08 14:43:27','developer','0000-00-00 00:00:00','',0),(2384,13,53,'','13532384','SINK TAP NOV 09C 12 AER',1,64,51137,72727,80000,0,0,0,'y','2017-05-08 14:43:27','developer','0000-00-00 00:00:00','',0),(2385,13,53,'','13532385','SINK TAP S5LNZ AER',1,64,36932,52727,58000,0,0,0,'y','2017-05-08 14:43:27','developer','0000-00-00 00:00:00','',0),(2386,13,53,'','13532386','SINK TAP S5MNZ AER',1,64,36932,52727,58000,0,0,0,'y','2017-05-08 14:43:27','developer','0000-00-00 00:00:00','',0),(2387,13,53,'','13532387','SINK TAP S9GNZ AER',1,64,36932,52727,58000,0,0,0,'y','2017-05-08 14:43:27','developer','0000-00-00 00:00:00','',0),(2388,13,53,'','13532388','SINK TAP SCR 01 BF AER',1,64,93750,133636,147000,0,0,0,'y','2017-05-08 14:43:27','developer','0000-00-00 00:00:00','',0),(2389,13,53,'','13532389','SINK TAP SCR 01 BN AER',1,64,93750,133636,147000,0,0,0,'y','2017-05-08 14:43:28','developer','0000-00-00 00:00:00','',0),(2390,13,53,'','13532390','SINK TAP SCR 03 CF AER',1,64,93750,133636,147000,0,0,0,'y','2017-05-08 14:43:28','developer','0000-00-00 00:00:00','',0),(2391,13,53,'','13532391','SINK TAP SCR 03 CN AER',1,64,93750,133636,147000,0,0,0,'y','2017-05-08 14:43:28','developer','0000-00-00 00:00:00','',0),(2392,13,53,'','13532392','SINK TAP TC 4B Z AER',1,64,55399,79091,87000,0,0,0,'y','2017-05-08 14:43:28','developer','0000-00-00 00:00:00','',0),(2393,13,53,'','13532393','SINK TAP TC 51 Z AER',1,64,55398,79091,87000,0,0,0,'y','2017-05-08 14:43:28','developer','0000-00-00 00:00:00','',0),(2394,13,53,'','13532394','SINK TAP TOV 01A AER',1,64,88067,125455,138001,0,0,0,'y','2017-05-08 14:43:28','developer','0000-00-00 00:00:00','',0),(2395,13,53,'','13532395','SINK TAP TOV 09BX AER',1,64,88069,125455,138001,0,0,0,'y','2017-05-08 14:43:28','developer','0000-00-00 00:00:00','',0),(2396,13,53,'','13532396','SINK TAP TOV 3B AER',1,64,88069,125455,138001,0,0,0,'y','2017-05-08 14:43:28','developer','0000-00-00 00:00:00','',0),(2397,13,53,'','13532397','SINK TAP TOV 3C AER',1,64,88069,125455,138001,0,0,0,'y','2017-05-08 14:43:28','developer','0000-00-00 00:00:00','',0),(2398,13,53,'','13532398','BASIN TAP B08012 EXCV ONDA',1,65,0,388636,427500,0,0,0,'y','2017-05-08 14:43:28','developer','0000-00-00 00:00:00','',0),(2399,13,53,'','13532399','SHOWER SPRAY S 75 BCS BLACK ONDA',1,65,41351,60455,66501,0,0,0,'y','2017-05-08 14:43:29','developer','0000-00-00 00:00:00','',0),(2400,13,53,'','13532400','SHOWER TAP JF020HA ONDA',1,65,43146,72727,80000,0,0,0,'y','2017-05-08 14:43:29','developer','0000-00-00 00:00:00','',0),(2401,13,53,'','13532401','SHOWER SPRAY HEAD SO 212 GCS ONDA',1,65,105954,130000,143000,0,0,0,'y','2017-05-08 14:43:29','developer','0000-00-00 00:00:00','',0),(2402,13,53,'','13532402','FLOOR CLEANOUT 4 FCO ONDA',1,65,0,196818,216500,0,0,0,'y','2017-05-08 14:43:29','developer','0000-00-00 00:00:00','',0),(2403,13,53,'','13532403','TEE CHROME 12 ONDA',1,65,0,39091,43000,0,0,0,'y','2017-05-08 14:43:29','developer','0000-00-00 00:00:00','',0),(2404,13,53,'','13532404','SELANG AIR PANAS 45 CM ONDA',1,65,19473,35455,39001,0,0,0,'y','2017-05-08 14:43:29','developer','0000-00-00 00:00:00','',0),(2405,13,53,'','13532405','BASIN TAP Y 316 FA ONDA',1,65,41720,54545,60000,0,0,0,'y','2017-05-08 14:43:29','developer','0000-00-00 00:00:00','',0),(2406,13,53,'','13532406','AFFUR WASTAFEL M02108 ONDA',1,65,0,72273,79500,0,0,0,'y','2017-05-08 14:43:29','developer','0000-00-00 00:00:00','',0),(2407,13,53,'','13532407','BASIN TAP MIXER B39007 EXCV ONDA',1,65,0,306818,337500,0,0,0,'y','2017-05-08 14:43:29','developer','0000-00-00 00:00:00','',0),(2408,13,53,'','13532408','SHOWER TAP JF080ST ONDA',1,65,35041,46364,51000,0,0,0,'y','2017-05-08 14:43:30','developer','0000-00-00 00:00:00','',0),(2409,13,53,'','13532409','CHECK VALVE KUNINGAN 1 ONDA',1,65,79036,136818,150500,0,0,0,'y','2017-05-08 14:43:30','developer','0000-00-00 00:00:00','',0),(2410,13,53,'','13532410','HAND SHOWER SET SW08 ONDA',1,65,78846,118636,130500,0,0,0,'y','2017-05-08 14:43:30','developer','0000-00-00 00:00:00','',0),(2411,13,53,'','13532411','KITCHEN FAUCET GT V 629 TLG ONDA',1,65,66072,82727,91000,0,0,0,'y','2017-05-08 14:43:30','developer','0000-00-00 00:00:00','',0),(2412,13,53,'','13532412','FLOOR DRAIN FLS 04 ONDA',1,65,76172,100909,111000,0,0,0,'y','2017-05-08 14:43:30','developer','0000-00-00 00:00:00','',0),(2413,13,53,'','13532413','SELANG FLEXIBLE HS 30 ONDA',1,65,18112,25000,27500,0,0,0,'y','2017-05-08 14:43:30','developer','0000-00-00 00:00:00','',0),(2414,13,53,'','13532414','KITCHEN FAUCET GT B39314 EXCV ONDA',1,65,257144,311818,343000,0,0,0,'y','2017-05-08 14:43:30','developer','0000-00-00 00:00:00','',0),(2415,13,53,'','13532415','KITCHEN FAUCET GT V 627 CB ONDA',1,65,97886,120455,132501,0,0,0,'y','2017-05-08 14:43:30','developer','0000-00-00 00:00:00','',0),(2416,13,53,'','13532416','SINK TAP 12 A 801 T ONDA',1,65,26827,35000,38500,0,0,0,'y','2017-05-08 14:43:30','developer','0000-00-00 00:00:00','',0),(2417,13,53,'','13532417','CHECK VALVE KUNINGAN 34 ONDA',1,65,50809,89091,98000,0,0,0,'y','2017-05-08 14:43:31','developer','0000-00-00 00:00:00','',0),(2418,13,53,'','13532418','SHOWER SPRAY S 75 MJS PINK ONDA',1,65,25035,60455,66501,0,0,0,'y','2017-05-08 14:43:31','developer','0000-00-00 00:00:00','',0),(2419,13,53,'','13532419','SHOWER SPRAY S 75 SCS GREY ONDA',1,65,37228,60455,66501,0,0,0,'y','2017-05-08 14:43:31','developer','0000-00-00 00:00:00','',0),(2420,13,53,'','13532420','BIB COCK 12 CLS 02 ONDA',1,65,25376,35909,39500,0,0,0,'y','2017-05-08 14:43:31','developer','0000-00-00 00:00:00','',0),(2421,13,53,'','13532421','SHOWER SPRAY S 75 NCS CREAM ONDA',1,65,43095,60455,66501,0,0,0,'y','2017-05-08 14:43:31','developer','0000-00-00 00:00:00','',0),(2422,13,53,'','13532422','HEAD SHOWER SW06 ONDA',1,65,37227,54545,60000,0,0,0,'y','2017-05-08 14:43:31','developer','0000-00-00 00:00:00','',0),(2423,13,53,'','13532423','BIB COCK 12 BLK ONDA',1,65,16037,20909,23000,0,0,0,'y','2017-05-08 14:43:31','developer','0000-00-00 00:00:00','',0),(2424,13,53,'','13532424','BATHTUB MIXER B08001 EXCV ONDA',1,65,0,397727,437500,0,0,0,'y','2017-05-08 14:43:31','developer','0000-00-00 00:00:00','',0),(2425,13,53,'','13532425','SHOWER TAP SV 10 TG EXCV ONDA',1,65,0,49091,54000,0,0,0,'y','2017-05-08 14:43:31','developer','0000-00-00 00:00:00','',0),(2426,13,53,'','13532426','HAND SHOWER HEAD SW01 ONDA',1,65,26862,92727,102000,0,0,0,'y','2017-05-08 14:43:32','developer','0000-00-00 00:00:00','',0),(2427,13,53,'','13532427','SINK TAP 12 A 801 TLG ONDA',1,65,48337,64545,71000,0,0,0,'y','2017-05-08 14:43:32','developer','0000-00-00 00:00:00','',0),(2428,13,53,'','13532428','BRASS GATE VALVE 12 ONDA',1,65,36066,48182,53000,0,0,0,'y','2017-05-08 14:43:32','developer','0000-00-00 00:00:00','',0),(2429,13,53,'','13532429','SINK TAP WSS 12 A 811 SU ONDA',1,65,35317,61818,68000,0,0,0,'y','2017-05-08 14:43:32','developer','0000-00-00 00:00:00','',0),(2430,13,53,'','13532430','HAND SHOWER SET SO 244 PC CHROM ONDA',1,65,66246,80000,88000,0,0,0,'y','2017-05-08 14:43:32','developer','0000-00-00 00:00:00','',0),(2431,13,53,'','13532431','SINK TAP 12 CLS 06 ONDA',1,65,37036,50455,55501,0,0,0,'y','2017-05-08 14:43:32','developer','0000-00-00 00:00:00','',0),(2432,13,53,'','13532432','BIB COCK 12 BLS ONDA',1,65,21236,27727,30500,0,0,0,'y','2017-05-08 14:43:32','developer','0000-00-00 00:00:00','',0),(2433,13,53,'','13532433','KITCHEN FAUCET GT V 633 SU ONDA',1,65,64909,97727,107500,0,0,0,'y','2017-05-08 14:43:32','developer','0000-00-00 00:00:00','',0),(2434,13,53,'','13532434','KITCHEN FAUCET GT V 639 CS ONDA',1,65,47536,71364,78500,0,0,0,'y','2017-05-08 14:43:32','developer','0000-00-00 00:00:00','',0),(2435,13,53,'','13532435','BASIN TAP Y339AU ONDA',1,65,152345,198182,218000,0,0,0,'y','2017-05-08 14:43:33','developer','0000-00-00 00:00:00','',0),(2436,13,53,'','13532436','BATHTUB TAP A 803 CB ONDA',1,65,71439,100000,110000,0,0,0,'y','2017-05-08 14:43:33','developer','0000-00-00 00:00:00','',0),(2437,13,53,'','13532437','KITCHEN FAUCET B28314 EXCV ONDA',1,65,0,335000,368500,0,0,0,'y','2017-05-08 14:43:33','developer','0000-00-00 00:00:00','',0),(2438,13,53,'','13532438','SINK TAP PVC PV 350 GR ONDA',1,65,5154,7273,8000,0,0,0,'y','2017-05-08 14:43:33','developer','0000-00-00 00:00:00','',0),(2439,13,53,'','13532439','BIB COCK 12 BM ONDA',1,65,10393,13636,15000,0,0,0,'y','2017-05-08 14:43:33','developer','0000-00-00 00:00:00','',0),(2440,13,53,'','13532440','KITCHEN FAUCET GT V 633 CS ONDA',1,65,64909,97727,107500,0,0,0,'y','2017-05-08 14:43:33','developer','0000-00-00 00:00:00','',0),(2441,13,53,'','13532441','KITCHEN FAUCET GT V633TG ONDA',1,65,71591,107273,118000,0,0,0,'y','2017-05-08 14:43:33','developer','0000-00-00 00:00:00','',0),(2442,13,53,'','13532442','BASIN TAP MIXER B12001 EXCV ONDA',1,65,0,386818,425500,0,0,0,'y','2017-05-08 14:43:33','developer','0000-00-00 00:00:00','',0),(2443,13,53,'','13532443','HAND SHOWER SET SO 232 PP PINK ONDA',1,65,61419,76818,84500,0,0,0,'y','2017-05-08 14:43:33','developer','0000-00-00 00:00:00','',0),(2444,13,53,'','13532444','HAND SHOWER SET SB01 EXCV ONDA',1,65,0,245909,270500,0,0,0,'y','2017-05-08 14:43:33','developer','0000-00-00 00:00:00','',0),(2445,13,53,'','13532445','BIB COCK A 807 S ONDA',1,65,31310,40909,45000,0,0,0,'y','2017-05-08 14:43:33','developer','0000-00-00 00:00:00','',0),(2446,13,53,'','13532446','KITCHEN FAUCET GT V637T ONDA',1,65,34254,41364,45500,0,0,0,'y','2017-05-08 14:43:34','developer','0000-00-00 00:00:00','',0),(2447,13,53,'','13532447','HAND SHOWER SET SO 232 PG GREEN ONDA',1,65,60797,76818,84500,0,0,0,'y','2017-05-08 14:43:34','developer','0000-00-00 00:00:00','',0),(2448,13,53,'','13532448','KITCHEN FAUCET GT V 638 F ONDA',1,65,49627,63182,69500,0,0,0,'y','2017-05-08 14:43:34','developer','0000-00-00 00:00:00','',0),(2449,13,53,'','13532449','SHOWER MIXER B0007 EXCV ONDA',1,65,0,243636,268000,0,0,0,'y','2017-05-08 14:43:34','developer','0000-00-00 00:00:00','',0),(2450,13,53,'','13532450','SINK TAP 12 A 822 K ONDA',1,65,23214,31818,35000,0,0,0,'y','2017-05-08 14:43:34','developer','0000-00-00 00:00:00','',0),(2451,13,53,'','13532451','BIB COCK 12 CLS 01 ONDA',1,65,30163,39091,43000,0,0,0,'y','2017-05-08 14:43:34','developer','0000-00-00 00:00:00','',0),(2452,13,53,'','13532452','SINK TAP WSS A 811 ST ONDA',1,65,44864,58636,64500,0,0,0,'y','2017-05-08 14:43:34','developer','0000-00-00 00:00:00','',0),(2453,13,53,'','13532453','KITCHEN FAUCET GT H 88 BU ONDA',1,65,0,110909,122000,0,0,0,'y','2017-05-08 14:43:34','developer','0000-00-00 00:00:00','',0),(2454,13,53,'','13532454','HAND SHOWER SET SW03 ONDA',1,65,139694,171818,189000,0,0,0,'y','2017-05-08 14:43:34','developer','0000-00-00 00:00:00','',0),(2455,13,53,'','13532455','KITCHEN FAUCET GT V 636 T ONDA',1,65,35891,43182,47500,0,0,0,'y','2017-05-08 14:43:35','developer','0000-00-00 00:00:00','',0),(2456,13,53,'','13532456','HAND SHOWER SET SW02 ONDA',1,65,68536,105909,116500,0,0,0,'y','2017-05-08 14:43:35','developer','0000-00-00 00:00:00','',0),(2457,13,53,'','13532457','SINK TAP PV 804 BL ONDA',1,65,3246,4545,5000,0,0,0,'y','2017-05-08 14:43:35','developer','0000-00-00 00:00:00','',0),(2458,13,53,'','13532458','SINK TAP PVC PV 150 ONDA',1,65,4772,6364,7000,0,0,0,'y','2017-05-08 14:43:35','developer','0000-00-00 00:00:00','',0),(2459,13,53,'','13532459','SELANG AIR PANAS 40 CM ONDA',1,65,21952,31818,35000,0,0,0,'y','2017-05-08 14:43:35','developer','0000-00-00 00:00:00','',0),(2460,13,53,'','13532460','BASIN TAP MIXER B05001 EXCV ONDA',1,65,0,386364,425000,0,0,0,'y','2017-05-08 14:43:35','developer','0000-00-00 00:00:00','',0),(2461,13,53,'','13532461','SELANG AIR PANAS 30 CM ONDA',1,65,17369,25000,27500,0,0,0,'y','2017-05-08 14:43:35','developer','0000-00-00 00:00:00','',0),(2462,13,53,'','13532462','BASIN TAP MIXER B28012 EXCV ONDA',1,65,0,361818,398000,0,0,0,'y','2017-05-08 14:43:35','developer','0000-00-00 00:00:00','',0),(2463,13,53,'','13532463','SHOWER SPRAY S 75 MCS MARON ONDA',1,65,43526,60455,66501,0,0,0,'y','2017-05-08 14:43:35','developer','0000-00-00 00:00:00','',0),(2464,13,53,'','13532464','BIB COCK 12 BC ONDA',1,65,11995,15455,17001,0,0,0,'y','2017-05-08 14:43:36','developer','0000-00-00 00:00:00','',0),(2465,13,53,'','13532465','BASIN TAP MIXER B29001 EXCV ONDA',1,65,0,507727,558500,0,0,0,'y','2017-05-08 14:43:36','developer','0000-00-00 00:00:00','',0),(2466,13,53,'','13532466','SINK TAP PV 802 YLS ONDA',1,65,5346,7273,8000,0,0,0,'y','2017-05-08 14:43:36','developer','0000-00-00 00:00:00','',0),(2467,13,53,'','13532467','SINK TAP 12 A 810 CAT ONDA',1,65,49446,64545,71000,0,0,0,'y','2017-05-08 14:43:36','developer','0000-00-00 00:00:00','',0),(2468,13,53,'','13532468','SINK TAP H 860 BU EXCV ONDA',1,65,0,129091,142000,0,0,0,'y','2017-05-08 14:43:36','developer','0000-00-00 00:00:00','',0),(2469,13,53,'','13532469','FLOOR DRAIN FLS 01 ONDA',1,65,33345,40909,45000,0,0,0,'y','2017-05-08 14:43:36','developer','0000-00-00 00:00:00','',0),(2470,13,53,'','13532470','SHOWER FLEXIBLE HOSE FCHS 150CM ONDA',1,65,41818,55000,60500,0,0,0,'y','2017-05-08 14:43:36','developer','0000-00-00 00:00:00','',0),(2471,13,53,'','13532471','BASIN TAP Y 318 CA ONDA',1,65,59095,77727,85500,0,0,0,'y','2017-05-08 14:43:36','developer','0000-00-00 00:00:00','',0),(2472,13,53,'','13532472','KITCHEN FAUCET V634T ONDA',1,65,35472,44545,49000,0,0,0,'y','2017-05-08 14:43:36','developer','0000-00-00 00:00:00','',0),(2473,13,53,'','13532473','SINK TAP PV 804 WH ONDA',1,65,3246,4545,5000,0,0,0,'y','2017-05-08 14:43:36','developer','0000-00-00 00:00:00','',0),(2474,13,53,'','13532474','SINK TAP PV 804 GR ONDA',1,65,3246,4545,5000,0,0,0,'y','2017-05-08 14:43:36','developer','0000-00-00 00:00:00','',0),(2475,13,53,'','13532475','SHOWER SPRAY S 75 BJS IVORY ONDA',1,65,42191,60455,66501,0,0,0,'y','2017-05-08 14:43:36','developer','0000-00-00 00:00:00','',0),(2476,13,53,'','13532476','SHOWER TAP JF004 BA ONDA',1,65,35700,48636,53500,0,0,0,'y','2017-05-08 14:43:36','developer','0000-00-00 00:00:00','',0),(2477,13,53,'','13532477','HAND SHOWER SET SO 232 PW WHITE ONDA',1,65,59745,76818,84500,0,0,0,'y','2017-05-08 14:43:36','developer','0000-00-00 00:00:00','',0),(2478,13,53,'','13532478','SINK TAP PV 802 WHS ONDA',1,65,5376,7273,8000,0,0,0,'y','2017-05-08 14:43:37','developer','0000-00-00 00:00:00','',0),(2479,13,53,'','13532479','KITCHEN FAUCET GT V 628 TLG ONDA',1,65,64130,86364,95000,0,0,0,'y','2017-05-08 14:43:37','developer','0000-00-00 00:00:00','',0),(2480,13,53,'','13532480','SHOWER TAP CA  JF07 12 ONDA',1,65,33002,48182,53000,0,0,0,'y','2017-05-08 14:43:37','developer','0000-00-00 00:00:00','',0),(2481,13,53,'','13532481','BASIN TAP MIXER M03901 EXCV ONDA',1,65,0,121818,134000,0,0,0,'y','2017-05-08 14:43:37','developer','0000-00-00 00:00:00','',0),(2482,13,53,'','13532482','BASIN TAP Y338AU ONDA',1,65,154662,262727,289000,0,0,0,'y','2017-05-08 14:43:37','developer','0000-00-00 00:00:00','',0),(2483,13,53,'','13532483','SINK TAP PV 803 WH ONDA',1,65,7255,10000,11000,0,0,0,'y','2017-05-08 14:43:37','developer','0000-00-00 00:00:00','',0),(2484,13,53,'','13532484','BASIN TAP Y 319 CU ONDA',1,65,53028,70455,77501,0,0,0,'y','2017-05-08 14:43:37','developer','0000-00-00 00:00:00','',0),(2485,13,53,'','13532485','BASIN TAP Y 321 C ONDA',1,65,60832,81818,90000,0,0,0,'y','2017-05-08 14:43:37','developer','0000-00-00 00:00:00','',0),(2486,13,53,'','13532486','BASIN TAP Y 320 C ONDA',1,65,77337,140909,155000,0,0,0,'y','2017-05-08 14:43:37','developer','0000-00-00 00:00:00','',0),(2487,13,53,'','13532487','KITCHEN FAUCET GT V632CA ONDA',1,65,49190,60909,67000,0,0,0,'y','2017-05-08 14:43:37','developer','0000-00-00 00:00:00','',0),(2488,13,53,'','13532488','SHOWER MIXER B22007 EXCV ONDA',1,65,0,347273,382000,0,0,0,'y','2017-05-08 14:43:37','developer','0000-00-00 00:00:00','',0),(2489,13,53,'','13532489','SEAL TAPE YELLOW ONDA',1,65,10451,15000,16500,0,0,0,'y','2017-05-08 14:43:38','developer','0000-00-00 00:00:00','',0),(2490,13,53,'','13532490','BASIN TAP MIXER WPOP UP B05012EXCV ONDA',1,65,0,268182,295000,0,0,0,'y','2017-05-08 14:43:38','developer','0000-00-00 00:00:00','',0),(2491,13,53,'','13532491','SEAL TAPE 12MMX10M 2PC ONDA',1,65,3820,10000,11000,0,0,0,'y','2017-05-08 14:43:38','developer','0000-00-00 00:00:00','',0),(2492,13,53,'','13532492','FLOOR CLEANOUT 2 FCO ONDA',1,65,52309,90455,99501,0,0,0,'y','2017-05-08 14:43:38','developer','0000-00-00 00:00:00','',0),(2493,13,53,'','13532493','SINK TAP M03906 EXCV ONDA',1,65,0,112273,123500,0,0,0,'y','2017-05-08 14:43:38','developer','0000-00-00 00:00:00','',0),(2494,13,53,'','13532494','SINK TAP 12 CLS 03 ONDA',1,65,25963,39091,43000,0,0,0,'y','2017-05-08 14:43:38','developer','0000-00-00 00:00:00','',0),(2495,13,53,'','13532495','KITCHEN FAUCET H868 PJ EXCV ONDA',1,65,108233,151818,167000,0,0,0,'y','2017-05-08 14:43:38','developer','0000-00-00 00:00:00','',0),(2496,13,53,'','13532496','SINK TAP PV 803 GR  ONDA',1,65,7254,10000,11000,0,0,0,'y','2017-05-08 14:43:38','developer','0000-00-00 00:00:00','',0),(2497,13,53,'','13532497','BASIN TAP MIXER B04012 EXCV ONDA',1,65,235733,303636,334000,0,0,0,'y','2017-05-08 14:43:39','developer','0000-00-00 00:00:00','',0),(2498,13,53,'','13532498','KITCHEN FAUCET GT V 638 CU ONDA',1,65,41864,55455,61001,0,0,0,'y','2017-05-08 14:43:39','developer','0000-00-00 00:00:00','',0),(2499,13,53,'','13532499','KITCHEN FAUCET GT V 639 SU ONDA',1,65,44918,71364,78500,0,0,0,'y','2017-05-08 14:43:39','developer','0000-00-00 00:00:00','',0),(2500,13,53,'','13532500','BASIN TAP MIXER B39012 EXCV ONDA',1,65,0,355000,390500,0,0,0,'y','2017-05-08 14:43:39','developer','0000-00-00 00:00:00','',0),(2501,13,53,'','13532501','KITCHEN FAUCET GT V 639 TG ONDA',1,65,66246,80000,88000,0,0,0,'y','2017-05-08 14:43:39','developer','0000-00-00 00:00:00','',0),(2502,13,53,'','13532502','SINK TAP PVC PV 350 BL ONDA',1,65,5154,7273,8000,0,0,0,'y','2017-05-08 14:43:39','developer','0000-00-00 00:00:00','',0),(2503,13,53,'','13532503','BASIN TAP MIXER B04007 EXCV ONDA',1,65,0,295909,325500,0,0,0,'y','2017-05-08 14:43:39','developer','0000-00-00 00:00:00','',0),(2504,13,53,'','13532504','SINK TAP 2 WAY K 406 CTG ONDA',1,65,55936,83636,92000,0,0,0,'y','2017-05-08 14:43:39','developer','0000-00-00 00:00:00','',0),(2505,13,53,'','13532505','SINK TAP 12 CLS 04 PUTIH ONDA',1,65,23294,35000,38500,0,0,0,'y','2017-05-08 14:43:39','developer','0000-00-00 00:00:00','',0),(2506,13,53,'','13532506','FLOOR DRAIN FLS 06 ONDA',1,65,77313,117727,129500,0,0,0,'y','2017-05-08 14:43:39','developer','0000-00-00 00:00:00','',0),(2507,13,53,'','13532507','SINK TAP WSS A 811 S ONDA',1,65,39136,50909,56000,0,0,0,'y','2017-05-08 14:43:40','developer','0000-00-00 00:00:00','',0),(2508,13,53,'','13532508','BASIN TAP MIXER B04001 EXCV ONDA',1,65,0,415909,457500,0,0,0,'y','2017-05-08 14:43:40','developer','0000-00-00 00:00:00','',0),(2509,13,53,'','13532509','KITCHEN FAUCET B29314 EXCV ONDA',1,65,0,338182,372000,0,0,0,'y','2017-05-08 14:43:40','developer','0000-00-00 00:00:00','',0),(2510,13,53,'','13532510','SEAL TAPE RED ONDA',1,65,4192,6364,7000,0,0,0,'y','2017-05-08 14:43:40','developer','0000-00-00 00:00:00','',0),(2511,13,53,'','13532511','BASIN TAP MIXER B39001 EXCV ONDA',1,65,0,420000,462000,0,0,0,'y','2017-05-08 14:43:40','developer','0000-00-00 00:00:00','',0),(2512,13,53,'','13532512','KITCHEN FAUCET GT H 88 PJ ONDA',1,65,0,142273,156500,0,0,0,'y','2017-05-08 14:43:40','developer','0000-00-00 00:00:00','',0),(2513,13,53,'','13532513','SINK TAP 34 CLS01 ONDA',1,65,30903,46364,51000,0,0,0,'y','2017-05-08 14:43:40','developer','0000-00-00 00:00:00','',0),(2514,13,53,'','13532514','BIB COCK 12 BL ONDA',1,65,13970,18182,20000,0,0,0,'y','2017-05-08 14:43:40','developer','0000-00-00 00:00:00','',0),(2515,13,53,'','13532515','BASIN TAP MIXER B28001 EXCV ONDA',1,65,0,385909,424500,0,0,0,'y','2017-05-08 14:43:40','developer','0000-00-00 00:00:00','',0),(2516,13,53,'','13532516','BASIN TAP MIXER B39018 EXCV ONDA',1,65,0,341818,376000,0,0,0,'y','2017-05-08 14:43:40','developer','0000-00-00 00:00:00','',0),(2517,13,53,'','13532517','KITCHEN FAUCET H 864 TG EXCV ONDA',1,65,0,113636,125000,0,0,0,'y','2017-05-08 14:43:40','developer','0000-00-00 00:00:00','',0),(2518,13,53,'','13532518','SELANG AIR PANAS 60 CM ONDA',1,65,30110,40909,45000,0,0,0,'y','2017-05-08 14:43:41','developer','0000-00-00 00:00:00','',0),(2519,13,53,'','13532519','SINK TAP PVC 12 PV 250 ONDA',1,65,4200,6364,7000,0,0,0,'y','2017-05-08 14:43:41','developer','0000-00-00 00:00:00','',0),(2520,13,53,'','13532520','HEAD SHOWER SW07 ONDA',1,65,19664,30000,33000,0,0,0,'y','2017-05-08 14:43:41','developer','0000-00-00 00:00:00','',0),(2521,13,53,'','13532521','SINK TAP PV 802 GRS ONDA',1,65,5372,7273,8000,0,0,0,'y','2017-05-08 14:43:41','developer','0000-00-00 00:00:00','',0),(2522,13,53,'','13532522','BASIN TAP B12014 EXCV ONDA',1,65,0,224091,246500,0,0,0,'y','2017-05-08 14:43:41','developer','0000-00-00 00:00:00','',0),(2523,13,53,'','13532523','BRASS GATE VALVE 34 ONDA',1,65,47434,71364,78500,0,0,0,'y','2017-05-08 14:43:41','developer','0000-00-00 00:00:00','',0),(2524,13,53,'','13532524','KITCHEN FAUCET GT V 627 CA ONDA',1,65,102240,124091,136500,0,0,0,'y','2017-05-08 14:43:41','developer','0000-00-00 00:00:00','',0),(2525,13,53,'','13532525','KITCHEN FAUCET GT H 88 TG ONDA',1,65,0,140455,154501,0,0,0,'y','2017-05-08 14:43:41','developer','0000-00-00 00:00:00','',0),(2526,13,53,'','13532526','BASIN TAP MIXER B28014 EXCV ONDA',1,65,0,270455,297501,0,0,0,'y','2017-05-08 14:43:41','developer','0000-00-00 00:00:00','',0),(2527,13,53,'','13532527','SELANG AIR PANAS 35 CM ONDA',1,65,22197,30000,33000,0,0,0,'y','2017-05-08 14:43:41','developer','0000-00-00 00:00:00','',0),(2528,13,53,'','13532528','BIB COCK A 808 H ONDA',1,65,27300,35455,39001,0,0,0,'y','2017-05-08 14:43:41','developer','0000-00-00 00:00:00','',0),(2529,13,53,'','13532529','SHOWER TAP JF030TA ONDA',1,65,18755,25909,28500,0,0,0,'y','2017-05-08 14:43:42','developer','0000-00-00 00:00:00','',0),(2530,13,53,'','13532530','SINK TAP WSS 12 H 818 BU ONDA',1,65,65100,115455,127001,0,0,0,'y','2017-05-08 14:43:42','developer','0000-00-00 00:00:00','',0),(2531,13,53,'','13532531','BASIN TAP MIXER B05014 EXCV ONDA',1,65,0,246818,271500,0,0,0,'y','2017-05-08 14:43:42','developer','0000-00-00 00:00:00','',0),(2532,13,53,'','13532532','HAND SHOWER SET SO 232 PB BLACK ONDA',1,65,52881,76818,84500,0,0,0,'y','2017-05-08 14:43:42','developer','0000-00-00 00:00:00','',0),(2533,13,53,'','13532533','SHOWER SPRAY S 75 CCS GREY ONDA',1,65,48573,65455,72001,0,0,0,'y','2017-05-08 14:43:42','developer','0000-00-00 00:00:00','',0),(2534,13,53,'','13532534','SINK TAP PV801 ONDA',1,65,4716,6364,7000,0,0,0,'y','2017-05-08 14:43:42','developer','0000-00-00 00:00:00','',0),(2535,13,53,'','13532535','BASIN TAP Y322C ONDA',1,65,64528,88182,97000,0,0,0,'y','2017-05-08 14:43:42','developer','0000-00-00 00:00:00','',0),(2536,13,53,'','13532536','KITCHEN FAUCET GT H 89 PJ ONDA',1,65,0,124545,137000,0,0,0,'y','2017-05-08 14:43:42','developer','0000-00-00 00:00:00','',0),(2537,13,53,'','13532537','KITCHEN FAUCET GT V 627 TG ONDA',1,65,80181,120455,132501,0,0,0,'y','2017-05-08 14:43:42','developer','0000-00-00 00:00:00','',0),(2538,13,53,'','13532538','KITCHEN FAUCET M03904 EXCV ONDA',1,65,0,182727,201000,0,0,0,'y','2017-05-08 14:43:42','developer','0000-00-00 00:00:00','',0),(2539,13,53,'','13532539','SHOWER FLEXIBLE HOSE FCHS 130CM ONDA',1,65,39655,53182,58500,0,0,0,'y','2017-05-08 14:43:42','developer','0000-00-00 00:00:00','',0),(2540,13,53,'','13532540','KITCHEN FAUCET GT V 638 S ONDA',1,65,38372,59091,65000,0,0,0,'y','2017-05-08 14:43:43','developer','0000-00-00 00:00:00','',0),(2541,13,53,'','13532541','KITCHEN FAUCET GT V 633 F ONDA',1,65,85050,107273,118000,0,0,0,'y','2017-05-08 14:43:43','developer','0000-00-00 00:00:00','',0),(2542,13,53,'','13532542','SINK TAP PV 804 YL ONDA',1,65,3246,4545,5000,0,0,0,'y','2017-05-08 14:43:43','developer','0000-00-00 00:00:00','',0),(2543,13,53,'','13532543','BASIN TAP MIXER B04018 EXCV ONDA',1,65,0,374545,412000,0,0,0,'y','2017-05-08 14:43:43','developer','0000-00-00 00:00:00','',0),(2544,13,53,'','13532544','HAND SHOWER SET SW 10 EXCV ONDA',1,65,126000,192727,212000,0,0,0,'y','2017-05-08 14:43:43','developer','0000-00-00 00:00:00','',0),(2545,13,53,'','13532545','ROOF DRAIN RFS 02 ONDA',1,65,113972,137273,151000,0,0,0,'y','2017-05-08 14:43:43','developer','0000-00-00 00:00:00','',0),(2546,13,53,'','13532546','HAND SHOWER SET SO 255 PW WHITE ONDA',1,65,48006,59091,65000,0,0,0,'y','2017-05-08 14:43:43','developer','0000-00-00 00:00:00','',0),(2547,13,53,'','13532547','BASIN TAP MIXER B05007 EXCV ONDA',1,65,184662,287273,316000,0,0,0,'y','2017-05-08 14:43:43','developer','0000-00-00 00:00:00','',0),(2548,13,53,'','13532548','BASIN TAP MIXER B29014 EXCV ONDA',1,65,0,244545,269000,0,0,0,'y','2017-05-08 14:43:43','developer','0000-00-00 00:00:00','',0),(2549,13,53,'','13532549','BASIN TAP MIXER B29007 EXCV ONDA',1,65,0,371818,409000,0,0,0,'y','2017-05-08 14:43:43','developer','0000-00-00 00:00:00','',0),(2550,13,53,'','13532550','KITCHEN FAUCET GT V 625 C ONDA',1,65,58800,88182,97000,0,0,0,'y','2017-05-08 14:43:43','developer','0000-00-00 00:00:00','',0),(2551,13,53,'','13532551','SEAL TAPE BLUE ONDA',1,65,4200,6364,7000,0,0,0,'y','2017-05-08 14:43:43','developer','0000-00-00 00:00:00','',0),(2552,13,53,'','13532552','BATHTUB MIXER B22001 EXCV ONDA',1,65,0,452273,497500,0,0,0,'y','2017-05-08 14:43:43','developer','0000-00-00 00:00:00','',0),(2553,13,53,'','13532553','SINK TAP WSS 12 A 811 GA ONDA',1,65,44859,58636,64500,0,0,0,'y','2017-05-08 14:43:44','developer','0000-00-00 00:00:00','',0),(2554,13,53,'','13532554','KITCHEN FAUCET GT H 87 PJ ONDA',1,65,0,165455,182001,0,0,0,'y','2017-05-08 14:43:44','developer','0000-00-00 00:00:00','',0),(2555,13,53,'','13532555','HAND SHOWER SET SO 232 PN CREAM ONDA',1,65,52859,76818,84500,0,0,0,'y','2017-05-08 14:43:44','developer','0000-00-00 00:00:00','',0),(2556,13,53,'','13532556','SHOWER SPRAY S 75 BLUE LCS ONDA',1,65,42859,60455,66501,0,0,0,'y','2017-05-08 14:43:44','developer','0000-00-00 00:00:00','',0),(2557,13,53,'','13532557','KITCHEN FAUCET GT V 633 CB ONDA',1,65,83602,107273,118000,0,0,0,'y','2017-05-08 14:43:44','developer','0000-00-00 00:00:00','',0),(2558,13,53,'','13532558','CHECK VALVE KUNINGAN 12 ONDA',1,65,37790,62727,69000,0,0,0,'y','2017-05-08 14:43:44','developer','0000-00-00 00:00:00','',0),(2559,13,53,'','13532559','SHOWER SPRAY S 75 PCS PINK ONDA',1,65,42191,60455,66501,0,0,0,'y','2017-05-08 14:43:44','developer','0000-00-00 00:00:00','',0),(2560,13,53,'','13532560','PENGUNCI FCO ONDA',1,65,58610,101364,111500,0,0,0,'y','2017-05-08 14:43:44','developer','0000-00-00 00:00:00','',0),(2561,13,53,'','13532561','KITCHEN FAUCET GT H 89 TG ONDA',1,65,0,121818,134000,0,0,0,'y','2017-05-08 14:43:44','developer','0000-00-00 00:00:00','',0),(2562,13,53,'','13532562','KITCHEN FAUCET SL MIXER B39014EXCV ONDA',1,65,0,327273,360000,0,0,0,'y','2017-05-08 14:43:44','developer','0000-00-00 00:00:00','',0),(2563,13,53,'','13532563','KITCHEN FAUCET GT H 87 TG ONDA',1,65,0,160000,176000,0,0,0,'y','2017-05-08 14:43:44','developer','0000-00-00 00:00:00','',0),(2564,13,53,'','13532564','SINK TAP 2 WAY E 08 BG ONDA',1,65,0,185909,204500,0,0,0,'y','2017-05-08 14:43:44','developer','0000-00-00 00:00:00','',0),(2565,13,53,'','13532565','BASIN TAP Y323T ONDA',1,65,49424,73636,81000,0,0,0,'y','2017-05-08 14:43:44','developer','0000-00-00 00:00:00','',0),(2566,13,53,'','13532566','KITCHEN FAUCET GT V627LA ONDA',1,65,102900,124091,136500,0,0,0,'y','2017-05-08 14:43:44','developer','0000-00-00 00:00:00','',0),(2567,13,53,'','13532567','BASIN TAP MIXER B29012 EXCV ONDA',1,65,0,423636,466000,0,0,0,'y','2017-05-08 14:43:45','developer','0000-00-00 00:00:00','',0),(2568,13,53,'','13532568','SHOWER SPRAY TS 01 WHITE ONDA',1,65,38181,60000,66000,0,0,0,'y','2017-05-08 14:43:45','developer','0000-00-00 00:00:00','',0),(2569,13,53,'','13532569','SHOWER SPRAY TS 02 WHITE ONDA',1,65,44065,66364,73000,0,0,0,'y','2017-05-08 14:43:45','developer','0000-00-00 00:00:00','',0),(2570,13,53,'','13532570','HAND SHOWER SET SW05 ONDA',1,65,92400,111364,122500,0,0,0,'y','2017-05-08 14:43:45','developer','0000-00-00 00:00:00','',0),(2571,13,53,'','13532571','FLOOR DRAIN FLS 03 ONDA',1,65,60316,74545,82000,0,0,0,'y','2017-05-08 14:43:45','developer','0000-00-00 00:00:00','',0),(2572,13,53,'','13532572','KITCHEN FAUCET GT V 639 CA ONDA',1,65,55745,83636,92000,0,0,0,'y','2017-05-08 14:43:45','developer','0000-00-00 00:00:00','',0),(2573,13,53,'','13532573','BIB COCK 34 CLS 02 ONDA',1,65,28636,42727,47000,0,0,0,'y','2017-05-08 14:43:45','developer','0000-00-00 00:00:00','',0),(2574,13,53,'','13532574','FOOT KLEP KUNINGAN VF 1 ONDA',1,65,32707,55000,60500,0,0,0,'y','2017-05-08 14:43:45','developer','0000-00-00 00:00:00','',0),(2575,13,53,'','13532575','SINK TAP PV 803 YL ONDA',1,65,7254,10000,11000,0,0,0,'y','2017-05-08 14:43:45','developer','0000-00-00 00:00:00','',0),(2576,13,53,'','13532576','SINK TAP 12 CLS 04 KUNING ONDA',1,65,23189,35000,38500,0,0,0,'y','2017-05-08 14:43:45','developer','0000-00-00 00:00:00','',0),(2577,13,53,'','13532577','BIB COCK W KEY A 821 K ONDA',1,65,35507,46364,51000,0,0,0,'y','2017-05-08 14:43:45','developer','0000-00-00 00:00:00','',0),(2578,13,53,'','13532578','BALL VALVE 12 ONDA',1,65,43584,59545,65500,0,0,0,'y','2017-05-08 14:43:45','developer','0000-00-00 00:00:00','',0),(2579,13,53,'','13532579','SHOWER SPRAY S 75 HJS GREEN ONDA',1,65,40091,60455,66501,0,0,0,'y','2017-05-08 14:43:45','developer','0000-00-00 00:00:00','',0),(2580,13,53,'','13532580','KITCHEN FAUCET GT V 627 SU ONDA',1,65,75409,113182,124500,0,0,0,'y','2017-05-08 14:43:45','developer','0000-00-00 00:00:00','',0),(2581,13,53,'','13532581','FLOOR DRAIN FLS 02 3 ONDA',1,65,60368,74545,82000,0,0,0,'y','2017-05-08 14:43:45','developer','0000-00-00 00:00:00','',0),(2582,13,53,'','13532582','KITCHEN FAUCET GT V 639 CB ONDA',1,65,65566,80000,88000,0,0,0,'y','2017-05-08 14:43:46','developer','0000-00-00 00:00:00','',0),(2583,13,53,'','13532583','SHOWER SPRAY TS 02 CHROME ONDA',1,65,42000,66364,73000,0,0,0,'y','2017-05-08 14:43:46','developer','0000-00-00 00:00:00','',0),(2584,13,53,'','13532584','BIB COCK 12 BCS ONDA',1,65,19283,25000,27500,0,0,0,'y','2017-05-08 14:43:46','developer','0000-00-00 00:00:00','',0),(2585,13,53,'','13532585','FOOT KLEP KUNINGAN VF 34 ONDA',1,65,23318,39545,43500,0,0,0,'y','2017-05-08 14:43:46','developer','0000-00-00 00:00:00','',0),(2586,13,53,'','13532586','SINK TAP F 320 BU EXCV ONDA',1,65,0,95000,104500,0,0,0,'y','2017-05-08 14:43:46','developer','0000-00-00 00:00:00','',0),(2587,13,53,'','13532587','KITCHEN FAUCET GT PVC PV632WH ONDA',1,65,34363,44091,48500,0,0,0,'y','2017-05-08 14:43:46','developer','0000-00-00 00:00:00','',0),(2588,13,53,'','13532588','SINK TAP 12 A 806 KA ONDA',1,65,30353,38636,42500,0,0,0,'y','2017-05-08 14:43:46','developer','0000-00-00 00:00:00','',0),(2589,13,53,'','13532589','SINK TAP 12 A 809 SUS ONDA',1,65,39234,51818,57000,0,0,0,'y','2017-05-08 14:43:46','developer','0000-00-00 00:00:00','',0),(2590,13,53,'','13532590','BASIN TAP MIXER B28007 EXCV ONDA',1,65,0,353636,389000,0,0,0,'y','2017-05-08 14:43:46','developer','0000-00-00 00:00:00','',0),(2591,13,53,'','13532591','BALL VALVE 3WAY 12 ONDA',1,65,52185,99545,109500,0,0,0,'y','2017-05-08 14:43:46','developer','0000-00-00 00:00:00','',0),(2592,13,53,'','13532592','HAND SHOWER SET  SW04 ONDA',1,65,125446,156364,172000,0,0,0,'y','2017-05-08 14:43:46','developer','0000-00-00 00:00:00','',0),(2593,13,53,'','13532593','BIB COCK A 805 ST ONDA',1,65,25964,33636,37000,0,0,0,'y','2017-05-08 14:43:46','developer','0000-00-00 00:00:00','',0),(2594,13,53,'','13532594','SINK TAP 34 CLS04 PUTIH ONDA',1,65,30061,45455,50001,0,0,0,'y','2017-05-08 14:43:46','developer','0000-00-00 00:00:00','',0),(2595,13,53,'','13532595','HAND SHOWER SET SO 232 PL BLUE ONDA',1,65,57336,76818,84500,0,0,0,'y','2017-05-08 14:43:46','developer','0000-00-00 00:00:00','',0),(2596,13,53,'','13532596','SHOWER TAP JF005 GA ONDA',1,65,35471,49091,54000,0,0,0,'y','2017-05-08 14:43:47','developer','0000-00-00 00:00:00','',0),(2597,13,53,'','13532597','KITCHEN FAUCET GT H 87 BU ONDA',1,65,0,122273,134500,0,0,0,'y','2017-05-08 14:43:47','developer','0000-00-00 00:00:00','',0),(2598,13,53,'','13532598','HAND SHOWER SET SW 09 EXCV ONDA',1,65,112636,137727,151500,0,0,0,'y','2017-05-08 14:43:47','developer','0000-00-00 00:00:00','',0),(2599,13,53,'','13532599','BALL VALVE 3WAY 34 ONDA',1,65,69872,132273,145500,0,0,0,'y','2017-05-08 14:43:47','developer','0000-00-00 00:00:00','',0),(2600,13,53,'','13532600','BALL VALVE 34 ONDA',1,65,59744,79545,87500,0,0,0,'y','2017-05-08 14:43:47','developer','0000-00-00 00:00:00','',0),(2601,13,53,'','13532601','SHOWER SPRAY HEAD SO 212 CCS ONDA',1,65,99080,121364,133500,0,0,0,'y','2017-05-08 14:43:47','developer','0000-00-00 00:00:00','',0),(2602,13,53,'','13532602','KITCHEN FAUCET GT V638GA ONDA',1,65,45245,68182,75000,0,0,0,'y','2017-05-08 14:43:47','developer','0000-00-00 00:00:00','',0),(2603,13,53,'','13532603','SHOWER FLEXIBLE HOSE FCHS 120CM ONDA',1,65,37245,49091,54000,0,0,0,'y','2017-05-08 14:43:47','developer','0000-00-00 00:00:00','',0),(2604,13,53,'','13532604','SHOWER SPRAY S 75 GREEN GCS ONDA',1,65,43274,60455,66501,0,0,0,'y','2017-05-08 14:43:47','developer','0000-00-00 00:00:00','',0),(2605,13,53,'','13532605','SELANG AIR PANAS 50 CM ONDA',1,65,26214,36818,40500,0,0,0,'y','2017-05-08 14:43:47','developer','0000-00-00 00:00:00','',0),(2606,13,53,'','13532606','BASIN TAP MIXER B04014 EXCV ONDA',1,65,0,260455,286501,0,0,0,'y','2017-05-08 14:43:47','developer','0000-00-00 00:00:00','',0),(2607,13,53,'','13532607','SHOWER SPRAY S 75 WCS WHITE ONDA',1,65,42221,60455,66501,0,0,0,'y','2017-05-08 14:43:47','developer','0000-00-00 00:00:00','',0),(2608,13,53,'','13532608','FLOOR CLEANOUT 3 FCO ONDA',1,65,0,139545,153500,0,0,0,'y','2017-05-08 14:43:48','developer','0000-00-00 00:00:00','',0),(2609,13,53,'','13532609','SINK TAP PVC ANIMAL ASSORTED ONDA',1,65,5455,7727,8500,0,0,0,'y','2017-05-08 14:43:48','developer','0000-00-00 00:00:00','',0),(2610,13,53,'','13532610','BASIN TAP MIXER B22012 EXCV ONDA',1,65,0,426818,469500,0,0,0,'y','2017-05-08 14:43:48','developer','0000-00-00 00:00:00','',0),(2611,13,53,'','13532611','SINK TAP 2 WAY E 08 LG ONDA',1,65,85050,156364,172000,0,0,0,'y','2017-05-08 14:43:48','developer','0000-00-00 00:00:00','',0),(2612,13,53,'','13532612','BASIN TAP Y340AU ONDA',1,65,154254,200909,221000,0,0,0,'y','2017-05-08 14:43:48','developer','0000-00-00 00:00:00','',0),(2613,13,53,'','13532613','SINK TAP WSS 12 A 811 CU ONDA',1,65,39518,59091,65000,0,0,0,'y','2017-05-08 14:43:48','developer','0000-00-00 00:00:00','',0),(2614,13,53,'','13532614','SINK TAP PV 802 BLS ONDA',1,65,5346,7273,8000,0,0,0,'y','2017-05-08 14:43:48','developer','0000-00-00 00:00:00','',0),(2615,13,53,'','13532615','SINK TAP PV 803 BL ONDA',1,65,7255,10000,11000,0,0,0,'y','2017-05-08 14:43:49','developer','0000-00-00 00:00:00','',0),(2616,13,53,'','13532616','KITCHEN FAUCET GT PVC PV860WH ONDA',1,65,33218,40909,45000,0,0,0,'y','2017-05-08 14:43:49','developer','0000-00-00 00:00:00','',0),(2617,13,53,'','13532617','SELANG FLEXIBLE HS 50 ONDA',1,65,25391,33182,36500,0,0,0,'y','2017-05-08 14:43:49','developer','0000-00-00 00:00:00','',0),(2618,13,53,'','13532618','SINK TAP A311C ONDA',1,65,58007,80000,88000,0,0,0,'y','2017-05-08 14:43:49','developer','0000-00-00 00:00:00','',0),(2619,13,53,'','13532619','SEAL TAPE 12MMX10M 1PC ONDA',1,65,1255,5000,5500,0,0,0,'y','2017-05-08 14:43:49','developer','0000-00-00 00:00:00','',0),(2620,13,54,'','13542620','WASTAFEL C LW523J IVORY TOTO',1,66,0,679000,746900,0,0,0,'y','2017-05-08 14:43:49','developer','0000-00-00 00:00:00','',0),(2621,13,54,'','13542621','WASTAFEL C LW524J IVORY TOTO',1,66,0,679000,746900,0,0,0,'y','2017-05-08 14:43:49','developer','0000-00-00 00:00:00','',0),(2622,13,54,'','13542622','WASTAFEL C LW535J IVORY TOTO',1,66,0,743455,817801,0,0,0,'y','2017-05-08 14:43:49','developer','0000-00-00 00:00:00','',0),(2623,13,54,'','13542623','WASTAFEL CT L521V1A IVORY TOTO',1,66,0,384818,423300,0,0,0,'y','2017-05-08 14:43:49','developer','0000-00-00 00:00:00','',0),(2624,13,54,'','13542624','WASTAFEL CT LW501CJ IVORY TOTO',1,66,0,357818,393600,0,0,0,'y','2017-05-08 14:43:49','developer','0000-00-00 00:00:00','',0),(2625,13,54,'','13542625','WASTAFEL CT LW530J IVORY TOTO',1,66,0,372909,410200,0,0,0,'y','2017-05-08 14:43:50','developer','0000-00-00 00:00:00','',0),(2626,13,54,'','13542626','WASTAFEL CT LW565 IVORY TOTO',1,66,0,301000,331100,0,0,0,'y','2017-05-08 14:43:50','developer','0000-00-00 00:00:00','',0),(2627,13,54,'','13542627','WASTAFEL SRE LW526J IVORY TOTO',1,66,0,631909,695100,0,0,0,'y','2017-05-08 14:43:50','developer','0000-00-00 00:00:00','',0),(2628,13,54,'','13542628','WASTAFEL SRE LW824CJ IVORY TOTO',1,66,0,705273,775800,0,0,0,'y','2017-05-08 14:43:50','developer','0000-00-00 00:00:00','',0),(2629,13,54,'','13542629','WASTAFEL UC L546 IVORY TOTO',1,66,0,621455,683601,0,0,0,'y','2017-05-08 14:43:50','developer','0000-00-00 00:00:00','',0),(2630,13,54,'','13542630','WASTAFEL UC LW553J IVORY TOTO',1,66,0,279091,307000,0,0,0,'y','2017-05-08 14:43:50','developer','0000-00-00 00:00:00','',0),(2631,13,54,'','13542631','WASTAFEL UC LW553J WHITE TOTO',1,66,0,549364,604300,0,0,0,'y','2017-05-08 14:43:50','developer','0000-00-00 00:00:00','',0),(2632,13,54,'','13542632','WASTAFEL UC LW587J IVORY TOTO',1,66,0,432000,475200,0,0,0,'y','2017-05-08 14:43:50','developer','0000-00-00 00:00:00','',0),(2633,13,54,'','13542633','WASTAFEL UC LW651J IVORY TOTO',1,66,0,491909,541100,0,0,0,'y','2017-05-08 14:43:50','developer','0000-00-00 00:00:00','',0),(2634,13,54,'','13542634','WASTAFEL WH LW236CJ IVORY TOTO',1,66,0,386273,424900,0,0,0,'y','2017-05-08 14:43:50','developer','0000-00-00 00:00:00','',0),(2635,13,54,'','13542635','WASTAFEL WH LW820CJ IVORY TOTO',1,66,0,1200818,1320900,0,0,0,'y','2017-05-08 14:43:50','developer','0000-00-00 00:00:00','',0),(2636,13,54,'','13542636','WASTAFEL WH LW860CJ IVORY TOTO',1,66,0,751636,826800,0,0,0,'y','2017-05-08 14:43:50','developer','0000-00-00 00:00:00','',0),(2637,13,54,'','13542637','WASTAFEL WH JC0020 PLUSPDSTL WHT ORCHARD',1,67,317818,381364,419500,0,0,0,'y','2017-05-08 14:43:51','developer','0000-00-00 00:00:00','',0),(2638,13,54,'','13542638','WASTAFEL WH JC0021 WHITE ORCHARD',1,67,0,414091,455500,0,0,0,'y','2017-05-08 14:43:51','developer','0000-00-00 00:00:00','',0),(2639,13,54,'','13542639','WASTAFEL WH JC0063 WHT410X365X820 SITONG',1,67,176239,272727,300000,0,0,0,'y','2017-05-08 14:43:51','developer','0000-00-00 00:00:00','',0),(2640,13,54,'','13542640','WASTAFEL WH JC007 WHT 520X440X830 SITONG',1,67,239240,295455,325001,0,0,0,'y','2017-05-08 14:43:51','developer','0000-00-00 00:00:00','',0),(2641,13,54,'','13542641','WASTAFEL WH JD0031 WHT350X270X160 SITONG',1,67,127323,250000,275000,0,0,0,'y','2017-05-08 14:43:51','developer','0000-00-00 00:00:00','',0),(2642,13,54,'','13542642','WASTAFELPEDESTAL JC0024 WHITE ORCHARD',1,67,347727,463636,510000,0,0,0,'y','2017-05-08 14:43:51','developer','0000-00-00 00:00:00','',0),(2643,13,54,'','13542643','WASTAFEL B190 WHITE OULU',1,68,0,1084545,1193000,0,0,0,'y','2017-05-08 14:43:51','developer','0000-00-00 00:00:00','',0),(2644,13,54,'','13542644','WASTAFEL B244H WHITE OULU',1,68,0,1011818,1113000,0,0,0,'y','2017-05-08 14:43:51','developer','0000-00-00 00:00:00','',0),(2645,13,54,'','13542645','WASTAFEL W 222 WHITE OULU',1,68,361431,509091,560000,0,0,0,'y','2017-05-08 14:43:51','developer','0000-00-00 00:00:00','',0),(2646,13,54,'','13542646','WASTAFEL W 288 WHITE OULU',1,68,176661,318182,350000,0,0,0,'y','2017-05-08 14:43:51','developer','0000-00-00 00:00:00','',0),(2647,13,54,'','13542647','KITCHEN SINK SB 1 E ROYAL',1,69,150617,220909,243000,0,0,0,'y','2017-05-08 14:43:51','developer','0000-00-00 00:00:00','',0),(2648,13,54,'','13542648','KITCHEN SINK SB 1 PK ROYAL',1,69,394262,592727,652000,0,0,0,'y','2017-05-08 14:43:51','developer','0000-00-00 00:00:00','',0),(2649,13,54,'','13542649','KITCHEN SINK SB 21 E ROYAL',1,69,197836,291818,321000,0,0,0,'y','2017-05-08 14:43:52','developer','0000-00-00 00:00:00','',0),(2650,13,54,'','13542650','KITCHEN SINK SB 22 ROYAL',1,69,246988,362727,399000,0,0,0,'y','2017-05-08 14:43:52','developer','0000-00-00 00:00:00','',0),(2651,13,54,'','13542651','KITCHEN SINK SB 31 ROYAL',1,69,140400,205455,226001,0,0,0,'y','2017-05-08 14:43:52','developer','0000-00-00 00:00:00','',0),(2652,13,54,'','13542652','KITCHEN SINK SB 35 ROYAL',1,69,130214,190909,210000,0,0,0,'y','2017-05-08 14:43:52','developer','0000-00-00 00:00:00','',0),(2653,13,54,'','13542653','KITCHEN SINK SB 42 E ROYAL',1,69,117450,172727,190000,0,0,0,'y','2017-05-08 14:43:52','developer','0000-00-00 00:00:00','',0),(2654,13,54,'','13542654','KITCHEN SINK SB 45 ROYAL',1,69,180409,262727,289000,0,0,0,'y','2017-05-08 14:43:52','developer','0000-00-00 00:00:00','',0),(2655,13,54,'','13542655','KITCHEN SINK SB 62 PK ROYAL',1,69,351000,490909,540000,0,0,0,'y','2017-05-08 14:43:52','developer','0000-00-00 00:00:00','',0),(2656,13,54,'','13542656','KITCHEN SINK SB 88 ROYAL',1,69,266134,390909,430000,0,0,0,'y','2017-05-08 14:43:52','developer','0000-00-00 00:00:00','',0),(2657,13,54,'','13542657','KITCHEN SINK SB 9 ROYAL',1,69,227843,334545,368000,0,0,0,'y','2017-05-08 14:43:52','developer','0000-00-00 00:00:00','',0),(2658,13,54,'','13542658','KITCHEN SINK SB 99 ROYAL',1,69,382910,561818,618000,0,0,0,'y','2017-05-08 14:43:52','developer','0000-00-00 00:00:00','',0),(2659,13,54,'','13542659','KITCHEN SINK ST 1 ROYAL',1,69,352288,517273,569000,0,0,0,'y','2017-05-08 14:43:52','developer','0000-00-00 00:00:00','',0),(2660,13,54,'','13542660','KITCHEN SINK ST 105 ROYAL',1,69,650945,978182,1076000,0,0,0,'y','2017-05-08 14:43:53','developer','0000-00-00 00:00:00','',0),(2661,13,54,'','13542661','WASTAFEL WH LW211CJ IVORY TOTO',1,66,322159,504545,555000,0,0,0,'y','2017-05-08 14:43:53','developer','0000-00-00 00:00:00','',0),(2662,13,54,'','13542662','WASTAFEL WH LW211CJ WHITE TOTO',1,66,294545,424545,467000,0,0,0,'y','2017-05-08 14:43:53','developer','0000-00-00 00:00:00','',0),(2663,13,54,'','13542663','WASTAFEL WH LW236CJ WHITE TOTO',1,66,367818,528182,581000,0,0,0,'y','2017-05-08 14:43:53','developer','0000-00-00 00:00:00','',0),(2664,13,54,'','13542664','WASTAFEL WH LW240CJ IVORY TOTO',1,66,381182,543636,598000,0,0,0,'y','2017-05-08 14:43:53','developer','0000-00-00 00:00:00','',0),(2665,13,54,'','13542665','WASTAFEL WH LW240CJ WHITE TOTO',1,66,383727,454545,500000,0,0,0,'y','2017-05-08 14:43:53','developer','0000-00-00 00:00:00','',0),(2666,13,54,'','13542666','WASTAFEL WH LW241CJ WHITE TOTO',1,66,514818,781818,860000,0,0,0,'y','2017-05-08 14:43:53','developer','0000-00-00 00:00:00','',0),(2667,13,54,'','13542667','WASTAFEL WH LW246JW WHITE TOTO',1,66,247910,331818,365000,0,0,0,'y','2017-05-08 14:43:53','developer','0000-00-00 00:00:00','',0),(2668,13,55,'','13552668','CLOSET DUDUK TNP TUTUP C07 WHITE DUTY',1,70,295455,363636,400000,0,0,0,'y','2017-05-08 14:43:53','developer','0000-00-00 00:00:00','',0),(2669,13,55,'','13552669','CLOSET JONGKOK SC01 WHITE DUTY',1,70,86364,122727,135000,0,0,0,'y','2017-05-08 14:43:53','developer','0000-00-00 00:00:00','',0),(2670,13,55,'','13552670','TUTUP CLOSET DUDUK C07 WHITE DUTY',1,70,27273,36364,40000,0,0,0,'y','2017-05-08 14:43:53','developer','0000-00-00 00:00:00','',0),(2671,13,55,'','13552671','WASTAFEL WH L07 WHITE DUTY',1,70,140909,204545,225000,0,0,0,'y','2017-05-08 14:43:53','developer','0000-00-00 00:00:00','',0),(2672,13,55,'','13552672','CLOSET DUDUK MONO JA0125 IVORY ORCHARD',1,67,525000,1000000,1100000,0,0,0,'y','2017-05-08 14:43:54','developer','0000-00-00 00:00:00','',0),(2673,13,55,'','13552673','CLOSET DUDUK MONO JA0125 WHT ORCHARD',1,67,803180,1031818,1135000,0,0,0,'y','2017-05-08 14:43:54','developer','0000-00-00 00:00:00','',0),(2674,13,55,'','13552674','CLOSET DUDUK NA001 IVORY ORCHARDALICE',1,67,604040,772727,850000,0,0,0,'y','2017-05-08 14:43:54','developer','0000-00-00 00:00:00','',0),(2675,13,55,'','13552675','CLOSET DUDUK NA001 WHITE ORCHARDALICE',1,67,604548,772727,850000,0,0,0,'y','2017-05-08 14:43:54','developer','0000-00-00 00:00:00','',0),(2676,13,55,'','13552676','CLOSETDUDUKMONO JA002 IVRY ORCHARDALICE',1,67,700000,909091,1000000,0,0,0,'y','2017-05-08 14:43:54','developer','0000-00-00 00:00:00','',0),(2677,13,55,'','13552677','CLOSETDUDUKMONO JA002 WHT ORCHARDALICE',1,67,695351,909091,1000000,0,0,0,'y','2017-05-08 14:43:54','developer','0000-00-00 00:00:00','',0),(2678,13,55,'','13552678','CLOSETDUDUKMONO JA003 IVRY ORCHARDALICE',1,67,771818,954545,1050000,0,0,0,'y','2017-05-08 14:43:54','developer','0000-00-00 00:00:00','',0),(2679,13,55,'','13552679','CLOSETDUDUKMONO JA003 WHT ORCHARDALICE',1,67,768182,954545,1050000,0,0,0,'y','2017-05-08 14:43:54','developer','0000-00-00 00:00:00','',0),(2680,13,55,'','13552680','TUTUP SOFTCLOSED JA002 WHTIVORY ORCHARD',1,67,0,181818,200000,0,0,0,'y','2017-05-08 14:43:54','developer','0000-00-00 00:00:00','',0),(2681,13,55,'','13552681','URINAL SET JF004 WHITE SITONG',1,67,636364,795455,875001,0,0,0,'y','2017-05-08 14:43:54','developer','0000-00-00 00:00:00','',0),(2682,13,55,'','13552682','CLOSET DUDUK A625 WHITE OULU',1,68,0,2240909,2465000,0,0,0,'y','2017-05-08 14:43:54','developer','0000-00-00 00:00:00','',0),(2683,13,55,'','13552683','CLOSET DUDUK A626 P WHITE OULU',1,68,704545,1090909,1200000,0,0,0,'y','2017-05-08 14:43:54','developer','0000-00-00 00:00:00','',0),(2684,13,55,'','13552684','CLOSET DUDUK PINTAR A736 WHITE OULU',1,68,0,7950000,8745000,0,0,0,'y','2017-05-08 14:43:55','developer','0000-00-00 00:00:00','',0),(2685,13,55,'','13552685','CLOSET DUDUK A190 WHITE OULU',1,68,0,1659091,1825000,0,0,0,'y','2017-05-08 14:43:55','developer','0000-00-00 00:00:00','',0),(2686,13,55,'','13552686','CLOSET DUDUK A626 WHITE OULU',1,68,690909,795455,875001,0,0,0,'y','2017-05-08 14:43:55','developer','0000-00-00 00:00:00','',0),(2687,13,55,'','13552687','CLOSET DUDUK A865 WHITE OULU',1,68,0,2745455,3020001,0,0,0,'y','2017-05-08 14:43:55','developer','0000-00-00 00:00:00','',0),(2688,13,55,'','13552688','TUTUP TANGKI CLOSET A626 WHITE OULU',1,68,109091,145455,160001,0,0,0,'y','2017-05-08 14:43:55','developer','0000-00-00 00:00:00','',0),(2689,13,55,'','13552689','CLOSET DUDUK CW420JSW420JP WHITE TOTO',1,66,991518,1181818,1300000,0,0,0,'y','2017-05-08 14:43:55','developer','0000-00-00 00:00:00','',0),(2690,13,55,'','13552690','CLOSETDUDUK CW421JSW420JP ECO WHT TOTO',1,66,1264751,2200909,2421000,0,0,0,'y','2017-05-08 14:43:55','developer','0000-00-00 00:00:00','',0),(2691,13,55,'','13552691','CLOSET DUDUK CW421J ECO TCW07S WHT TOTO',1,66,1584637,2519091,2771000,0,0,0,'y','2017-05-08 14:43:55','developer','0000-00-00 00:00:00','',0),(2692,13,55,'','13552692','CLOSET DUDUK CW421JSW420JP IVORY TOTO',1,66,1656817,2484545,2733000,0,0,0,'y','2017-05-08 14:43:55','developer','0000-00-00 00:00:00','',0),(2693,13,55,'','13552693','CLOSET DUDUK CW421JSW420JP WHITE TOTO',1,66,1589319,1840909,2025000,0,0,0,'y','2017-05-08 14:43:56','developer','0000-00-00 00:00:00','',0),(2694,13,55,'','13552694','CLOSET DUDUK CW660NJ ECO TCW07S WHT TOTO',1,66,1584638,2519091,2771000,0,0,0,'y','2017-05-08 14:43:56','developer','0000-00-00 00:00:00','',0),(2695,13,55,'','13552695','CLOSET DUDUK CW660NJSW660J P.IVORY TOTO',1,66,1633085,2484545,2733000,0,0,0,'y','2017-05-08 14:43:56','developer','0000-00-00 00:00:00','',0),(2696,13,55,'','13552696','CLOSET DUDUK CW660NJSW660J WHITE TOTO',1,66,1589317,1840909,2025000,0,0,0,'y','2017-05-08 14:43:56','developer','0000-00-00 00:00:00','',0),(2697,13,55,'','13552697','CLOSET JONGKOK CE 6 IVORY TOTO',1,66,288151,505455,556001,0,0,0,'y','2017-05-08 14:43:56','developer','0000-00-00 00:00:00','',0),(2698,13,55,'','13552698','CLOSET JONGKOK CE 6 WHITE TOTO',1,66,321363,421818,464000,0,0,0,'y','2017-05-08 14:43:56','developer','0000-00-00 00:00:00','',0),(2699,13,55,'','13552699','CLOSET JONGKOK CE 7 IVORY TOTO',1,66,195729,309091,340000,0,0,0,'y','2017-05-08 14:43:56','developer','0000-00-00 00:00:00','',0),(2700,13,55,'','13552700','CLOSET JONGKOK CE 7 WHITE TOTO',1,66,196000,257273,283000,0,0,0,'y','2017-05-08 14:43:56','developer','0000-00-00 00:00:00','',0),(2701,13,56,'','13562701','SEMPROTAN AIR  PLASTIK 378003 JASON',1,5,9546,16364,18000,0,0,0,'y','2017-05-08 14:43:56','developer','0000-00-00 00:00:00','',0),(2702,13,56,'','13562702','SEMPROTAN AIR 1,5LTR 378025 JASON',1,5,30410,47273,52000,0,0,0,'y','2017-05-08 14:43:56','developer','0000-00-00 00:00:00','',0),(2703,13,56,'','13562703','SEMPROTAN AIR 2 IN 1 378014 JASON',1,5,19091,30909,34000,0,0,0,'y','2017-05-08 14:43:56','developer','0000-00-00 00:00:00','',0),(2704,13,56,'','13562704','MIRROR 109040260 6040 CASTELLI',1,71,63182,104545,115000,0,0,0,'y','2017-05-08 14:43:56','developer','0000-00-00 00:00:00','',0),(2705,13,56,'','13562705','MIRROR 109040280 8060 CASTELLI',1,71,115454,181818,200000,0,0,0,'y','2017-05-08 14:43:57','developer','0000-00-00 00:00:00','',0),(2706,13,56,'','13562706','MIRROR 109040460 6040 CASTELLI',1,71,0,104545,115000,0,0,0,'y','2017-05-08 14:43:57','developer','0000-00-00 00:00:00','',0),(2707,13,56,'','13562707','MIRROR 109040480 8060 CASTELLI',1,71,115454,181818,200000,0,0,0,'y','2017-05-08 14:43:57','developer','0000-00-00 00:00:00','',0),(2708,13,56,'','13562708','MIRROR 1090405BR 6045 CASTELLI',1,71,95531,145455,160001,0,0,0,'y','2017-05-08 14:43:57','developer','0000-00-00 00:00:00','',0),(2709,13,56,'','13562709','MIRROR 1090405BU 6045 CASTELLI',1,71,97000,145455,160001,0,0,0,'y','2017-05-08 14:43:57','developer','0000-00-00 00:00:00','',0),(2710,13,56,'','13562710','MIRROR 1090405GR 6045 CASTELLI',1,71,97000,145455,160001,0,0,0,'y','2017-05-08 14:43:57','developer','0000-00-00 00:00:00','',0),(2711,13,56,'','13562711','MIRROR 1090405RB 6045 CASTELLI',1,71,97000,145455,160001,0,0,0,'y','2017-05-08 14:43:57','developer','0000-00-00 00:00:00','',0),(2712,14,57,'','14572712','WATER HEATER ELECTRIC 10L DA 4010 DOMO',1,72,0,1000000,1100000,0,0,0,'y','2017-05-08 14:43:57','developer','0000-00-00 00:00:00','',0),(2713,14,57,'','14572713','WATER HEATER ELECTRIC 15L DA 4015 DOMO',1,72,0,1127273,1240000,0,0,0,'y','2017-05-08 14:43:57','developer','0000-00-00 00:00:00','',0),(2714,14,57,'','14572714','WATER HEATER GAS 6L DA 1006 DOMO',1,72,0,836364,920000,0,0,0,'y','2017-05-08 14:43:57','developer','0000-00-00 00:00:00','',0),(2715,14,57,'','14572715','WATER HEATER GAS 6L DA 1506 M DOMO',1,72,29833,927273,1020000,0,0,0,'y','2017-05-08 14:43:58','developer','0000-00-00 00:00:00','',0),(2716,14,57,'','14572716','WATER HEATER TISHAPE 100 PROMO ARISTON',1,73,0,1454545,1600000,0,0,0,'y','2017-05-08 14:43:58','developer','0000-00-00 00:00:00','',0),(2717,14,57,'','14572717','WATER HEATER AN 15RELCB 350W ARISTON',1,73,1871818,1838182,2022000,0,0,0,'y','2017-05-08 14:43:58','developer','0000-00-00 00:00:00','',0),(2718,14,57,'','14572718','WATER HEATER AN 15RSELCB 350W ARISTON',1,73,527272,2175455,2393001,0,0,0,'y','2017-05-08 14:43:58','developer','0000-00-00 00:00:00','',0),(2719,14,57,'','14572719','WATER HEATER NANO 10L 200W ARISTON',1,73,1370909,1500000,1650000,0,0,0,'y','2017-05-08 14:43:58','developer','0000-00-00 00:00:00','',0),(2720,14,57,'','14572720','WATER HEATER GAS 6L DA 1506 M DOMO',1,72,29833,927273,1020000,0,0,0,'y','2017-05-08 14:43:58','developer','0000-00-00 00:00:00','',0),(2721,14,57,'','14572721','WATER HEATER TISHAPE 100 PROMO ARISTON',1,73,0,1454545,1600000,0,0,0,'y','2017-05-08 14:43:58','developer','0000-00-00 00:00:00','',0),(2722,14,57,'','14572722','WATER HEATER AN 15RELCB 350W ARISTON',1,73,1871818,1838182,2022000,0,0,0,'y','2017-05-08 14:43:58','developer','0000-00-00 00:00:00','',0),(2723,14,57,'','14572723','WATER HEATER AN 15RSELCB 350W ARISTON',1,73,527272,2175455,2393001,0,0,0,'y','2017-05-08 14:43:58','developer','0000-00-00 00:00:00','',0),(2724,14,57,'','14572724','WATER HEATER NANO 10L 200W ARISTON',1,73,1370909,1500000,1650000,0,0,0,'y','2017-05-08 14:43:58','developer','0000-00-00 00:00:00','',0),(2725,14,57,'','14572725','WATER HEATER STAR 15LELCB 350W ARISTON',1,73,1537878,1693636,1863000,0,0,0,'y','2017-05-08 14:43:59','developer','0000-00-00 00:00:00','',0),(2726,14,57,'','14572726','WATER HEATER ELECTRIC ES 10 A MODENA',1,74,916650,1345455,1480001,0,0,0,'y','2017-05-08 14:43:59','developer','0000-00-00 00:00:00','',0),(2727,14,57,'','14572727','WATER HEATER ELECTRIC ES 15 A MODENA',1,74,1083314,1490909,1640000,0,0,0,'y','2017-05-08 14:43:59','developer','0000-00-00 00:00:00','',0),(2728,14,57,'','14572728','WATER HEATER GAS 6L GI 6 S MODENA',1,74,1066364,1254545,1380000,0,0,0,'y','2017-05-08 14:43:59','developer','0000-00-00 00:00:00','',0),(2729,14,57,'','14572729','WATER HEATER GAS 6L GI 6 V MODENA',1,74,864685,1018182,1120000,0,0,0,'y','2017-05-08 14:43:59','developer','0000-00-00 00:00:00','',0),(2730,14,57,'','14572730','WATER HEATER GAS WH506A LNG WASSER',1,75,1297046,1437273,1581000,0,0,0,'y','2017-05-08 14:43:59','developer','0000-00-00 00:00:00','',0),(2731,14,57,'','14572731','WATER HEATER GAS WH506A LPG WASSER',1,75,1122727,1244545,1369000,0,0,0,'y','2017-05-08 14:43:59','developer','0000-00-00 00:00:00','',0),(2732,14,58,'','14582732','OTOMATIS POMPA AIR PH 136A BY SANYO',1,20,57955,68182,75000,0,0,0,'y','2017-05-08 14:43:59','developer','0000-00-00 00:00:00','',0),(2733,14,58,'','14582733','OTOMATIS POMPA AIR PH 236A BY SANYO',1,20,57955,68182,75000,0,0,0,'y','2017-05-08 14:44:00','developer','0000-00-00 00:00:00','',0),(2734,14,58,'','14582734','POMPA AIR PD H200BTABUNG AUTO SANYO',1,20,1740909,2181818,2400000,0,0,0,'y','2017-05-08 14:44:00','developer','0000-00-00 00:00:00','',0),(2735,14,58,'','14582735','POMPA AIR PD H250BTABUNG AUTO SANYO',1,20,2547924,2895455,3185001,0,0,0,'y','2017-05-08 14:44:00','developer','0000-00-00 00:00:00','',0),(2736,14,58,'','14582736','POMPA AIR PD WH 130B NON AUTO SANYO',1,20,945555,1074545,1182000,0,0,0,'y','2017-05-08 14:44:00','developer','0000-00-00 00:00:00','',0),(2737,14,58,'','14582737','POMPA AIR PD WH 200B NON AUTO SANYO',1,20,1187160,1349091,1484000,0,0,0,'y','2017-05-08 14:44:00','developer','0000-00-00 00:00:00','',0),(2738,14,58,'','14582738','POMPA AIR PH 130B SANYO',1,20,1002826,1140000,1254000,0,0,0,'y','2017-05-08 14:44:00','developer','0000-00-00 00:00:00','',0),(2739,14,58,'','14582739','POMPA AIR PH 137AC SANYO',1,20,487986,563636,620000,0,0,0,'y','2017-05-08 14:44:00','developer','0000-00-00 00:00:00','',0),(2740,14,58,'','14582740','POMPA AIR PH 236AC SANYO',1,20,658464,748182,823000,0,0,0,'y','2017-05-08 14:44:00','developer','0000-00-00 00:00:00','',0),(2741,14,58,'','14582741','POMPA AIR PH 75A SANYO',1,20,395675,450000,495000,0,0,0,'y','2017-05-08 14:44:00','developer','0000-00-00 00:00:00','',0),(2742,14,58,'','14582742','POMPA AIR PWH 137C SANYO',1,20,359290,415455,457001,0,0,0,'y','2017-05-08 14:44:00','developer','0000-00-00 00:00:00','',0),(2743,14,58,'','14582743','POMPA AIR PWH 236C SANYO',1,20,541263,625455,688001,0,0,0,'y','2017-05-08 14:44:00','developer','0000-00-00 00:00:00','',0),(2744,14,58,'','14582744','POMPA AIR PWH 75 SANYO',1,20,298766,340000,374000,0,0,0,'y','2017-05-08 14:44:01','developer','0000-00-00 00:00:00','',0),(2745,14,58,'','14582745','TABUNG POMPA AWAJIRO BY SANYO',1,20,36818,43636,48000,0,0,0,'y','2017-05-08 14:44:01','developer','0000-00-00 00:00:00','',0),(2746,14,58,'','14582746','POMPA AIR JET 100 BIT SHIMIZU',1,76,612618,718182,790000,0,0,0,'y','2017-05-08 14:44:01','developer','0000-00-00 00:00:00','',0),(2747,14,58,'','14582747','POMPA AIR PC 260 BITTABUNG SHIMIZU',1,76,1158975,1708182,1879000,0,0,0,'y','2017-05-08 14:44:01','developer','0000-00-00 00:00:00','',0),(2748,14,58,'','14582748','POMPA AIR PC 375 BITTABUNG SHIMIZU',1,76,1632180,1854545,2040000,0,0,0,'y','2017-05-08 14:44:01','developer','0000-00-00 00:00:00','',0),(2749,14,58,'','14582749','POMPA AIR PN 125 BIT SHIMIZU',1,76,266901,350909,386000,0,0,0,'y','2017-05-08 14:44:01','developer','0000-00-00 00:00:00','',0),(2750,14,58,'','14582750','POMPA AIR PS 121 BIT SHIMIZU',1,76,315859,359091,395000,0,0,0,'y','2017-05-08 14:44:01','developer','0000-00-00 00:00:00','',0),(2751,14,58,'','14582751','POMPA AIR PS 128 BIT SHIMIZU',1,76,320266,364091,400500,0,0,0,'y','2017-05-08 14:44:01','developer','0000-00-00 00:00:00','',0),(2752,14,58,'','14582752','POMPA AIR PS 130 BIT SHIMIZU',1,76,459832,540909,595000,0,0,0,'y','2017-05-08 14:44:01','developer','0000-00-00 00:00:00','',0),(2753,14,58,'','14582753','POMPA AIR PS 135 E SHIMIZU',1,76,384173,471818,519000,0,0,0,'y','2017-05-08 14:44:01','developer','0000-00-00 00:00:00','',0),(2754,14,58,'','14582754','POMPA AIR PS 230 BIT SHIMIZU',1,76,785974,920000,1012000,0,0,0,'y','2017-05-08 14:44:01','developer','0000-00-00 00:00:00','',0),(2755,14,58,'','14582755','POMPA AIR JET PC255 EA WASSER',1,75,1342727,1525455,1678001,0,0,0,'y','2017-05-08 14:44:01','developer','0000-00-00 00:00:00','',0),(2756,14,58,'','14582756','POMPA AIR JET PC380 EA WASSER',1,75,1523455,1781818,1960000,0,0,0,'y','2017-05-08 14:44:01','developer','0000-00-00 00:00:00','',0),(2757,14,58,'','14582757','POMPA AIR JET PC500 EA WASSER',1,75,2491364,2830909,3114000,0,0,0,'y','2017-05-08 14:44:02','developer','0000-00-00 00:00:00','',0),(2758,14,58,'','14582758','POMPA AIR JET PW120 WASSER',1,75,532000,604545,665000,0,0,0,'y','2017-05-08 14:44:02','developer','0000-00-00 00:00:00','',0),(2759,14,58,'','14582759','POMPA AIR JET PW251EA WASSER',1,75,1183637,1345455,1480001,0,0,0,'y','2017-05-08 14:44:02','developer','0000-00-00 00:00:00','',0),(2760,14,58,'','14582760','POMPA AIR JET PW381EA WASSER',1,75,1252576,1456364,1602000,0,0,0,'y','2017-05-08 14:44:02','developer','0000-00-00 00:00:00','',0),(2761,14,58,'','14582761','POMPA AIR PW131 E WASSER',1,75,344910,391818,431000,0,0,0,'y','2017-05-08 14:44:02','developer','0000-00-00 00:00:00','',0),(2762,14,58,'','14582762','POMPA AIR PW139 EA WASSER',1,75,413637,470000,517000,0,0,0,'y','2017-05-08 14:44:02','developer','0000-00-00 00:00:00','',0),(2763,14,58,'','14582763','POMPA AIR PW225 E WASSER',1,75,628091,759091,835000,0,0,0,'y','2017-05-08 14:44:02','developer','0000-00-00 00:00:00','',0),(2764,14,58,'','14582764','POMPA AIR PW225 EA WASSER',1,75,782728,889091,978000,0,0,0,'y','2017-05-08 14:44:02','developer','0000-00-00 00:00:00','',0),(2765,14,58,'','14582765','POMPA BOOSTER PB060 EA WASSER',1,75,543455,617273,679000,0,0,0,'y','2017-05-08 14:44:02','developer','0000-00-00 00:00:00','',0),(2766,14,58,'','14582766','POMPA BOOSTER PB169 EA WASSER',1,75,815183,926364,1019000,0,0,0,'y','2017-05-08 14:44:02','developer','0000-00-00 00:00:00','',0),(2767,14,58,'','14582767','POMPA CELUP PD201EA WASSER',1,75,911500,1052727,1158000,0,0,0,'y','2017-05-08 14:44:02','developer','0000-00-00 00:00:00','',0),(2768,14,58,'','14582768','POMPA CELUP WD101E WASSER',1,75,361454,410909,452000,0,0,0,'y','2017-05-08 14:44:03','developer','0000-00-00 00:00:00','',0),(2769,14,58,'','14582769','POMPA CELUP WD101EA WASSER',1,75,435909,495455,545001,0,0,0,'y','2017-05-08 14:44:03','developer','0000-00-00 00:00:00','',0),(2770,14,58,'','14582770','POMPA CELUP WD131E WASSER',1,75,334545,426818,469500,0,0,0,'y','2017-05-08 14:44:03','developer','0000-00-00 00:00:00','',0),(2771,14,58,'','14582771','POMPA CELUP WD131EA WASSER',1,75,370909,424545,467000,0,0,0,'y','2017-05-08 14:44:03','developer','0000-00-00 00:00:00','',0),(2772,14,58,'','14582772','POMPA CELUP WD200E WASSER',1,75,539000,612727,674000,0,0,0,'y','2017-05-08 14:44:03','developer','0000-00-00 00:00:00','',0),(2773,14,58,'','14582773','POMPA CELUP WD200EA WASSER',1,75,604546,686818,755500,0,0,0,'y','2017-05-08 14:44:03','developer','0000-00-00 00:00:00','',0),(2774,14,58,'','14582774','POMPA CELUP WD80E WASSER',1,75,328363,373182,410500,0,0,0,'y','2017-05-08 14:44:04','developer','0000-00-00 00:00:00','',0),(2775,15,59,'','15592775','PINTU EGD 3 GLT1 82 OAK 3515 ANGZ',1,77,480000,960000,1056000,0,0,0,'y','2017-05-08 14:44:04','developer','0000-00-00 00:00:00','',0),(2776,15,59,'','15592776','PINTU EGD 3 GLT2 82 JTI 3709 ANGZ',1,77,0,1195455,1315001,0,0,0,'y','2017-05-08 14:44:04','developer','0000-00-00 00:00:00','',0),(2777,15,59,'','15592777','PINTU EGD 4B GLT1 82 OAK 3520 ANGZ',1,77,529000,1058182,1164000,0,0,0,'y','2017-05-08 14:44:04','developer','0000-00-00 00:00:00','',0),(2778,15,59,'','15592778','PINTU GLS 4B GLTB0 82 PRM 2893 ANGZ',1,77,150000,300000,330000,0,0,0,'y','2017-05-08 14:44:04','developer','0000-00-00 00:00:00','',0),(2779,15,59,'','15592779','PINTU GLS1 GLF0 82 PRM 1024 ANGZ',1,77,150000,300000,330000,0,0,0,'y','2017-05-08 14:44:04','developer','0000-00-00 00:00:00','',0),(2780,15,59,'','15592780','PINTU HDF SLD 2 45X92 PRM 0237 ANGZ',1,77,0,548818,603700,0,0,0,'y','2017-05-08 14:44:05','developer','0000-00-00 00:00:00','',0),(2781,15,59,'','15592781','PINTO ECO 920 2AP WO LOCK ANGZDOOR',1,77,250000,305455,336001,0,0,0,'y','2017-05-08 14:44:05','developer','0000-00-00 00:00:00','',0),(2782,15,59,'','15592782','PINTU ECO 720 2AP WO LOCK ANGZDOOR',1,77,250000,305455,336001,0,0,0,'y','2017-05-08 14:44:05','developer','0000-00-00 00:00:00','',0),(2783,15,59,'','15592783','PINTU ECO WRN 820 2P HONEY ANGZDOOR',1,77,0,545455,600001,0,0,0,'y','2017-05-08 14:44:05','developer','0000-00-00 00:00:00','',0),(2784,15,59,'','15592784','PINTU ECO WRN 820 2P MAROON ANGZDOOR',1,77,0,409091,450000,0,0,0,'y','2017-05-08 14:44:05','developer','0000-00-00 00:00:00','',0),(2785,15,59,'','15592785','PINTU ECO WRN 820 2P PUTIH ANGZDOOR',1,77,0,396818,436500,0,0,0,'y','2017-05-08 14:44:06','developer','0000-00-00 00:00:00','',0),(2786,15,59,'','15592786','PINTU ECO WRN 820 2P WALNUT ANGZDOOR',1,77,0,564545,621000,0,0,0,'y','2017-05-08 14:44:06','developer','0000-00-00 00:00:00','',0),(2787,15,59,'','15592787','PINTU ECO WRN 820 3P HONEY ANGZDOOR',1,77,0,545455,600001,0,0,0,'y','2017-05-08 14:44:06','developer','0000-00-00 00:00:00','',0),(2788,15,59,'','15592788','PINTU ECO WRN 820 3P MAROON ANGZDOOR',1,77,0,409091,450000,0,0,0,'y','2017-05-08 14:44:06','developer','0000-00-00 00:00:00','',0),(2789,15,59,'','15592789','PINTU ECO WRN 820 3P PUTIH ANGZDOOR',1,77,0,396818,436500,0,0,0,'y','2017-05-08 14:44:07','developer','0000-00-00 00:00:00','',0),(2790,15,59,'','15592790','PINTU ECO WRN 820 3P WALNUT ANGZDOOR',1,77,0,564545,621000,0,0,0,'y','2017-05-08 14:44:07','developer','0000-00-00 00:00:00','',0),(2791,15,59,'','15592791','PINTU ECO WRN 820 4AP PUTIH ANGZDOOR',1,77,0,396818,436500,0,0,0,'y','2017-05-08 14:44:07','developer','0000-00-00 00:00:00','',0),(2792,15,59,'','15592792','PINTU ECO WRN 820 4BP HONEY ANGZDOOR',1,77,0,545455,600001,0,0,0,'y','2017-05-08 14:44:07','developer','0000-00-00 00:00:00','',0),(2793,15,59,'','15592793','PINTU ECO WRN 820 4BP MAROON ANGZDOOR',1,77,0,409091,450000,0,0,0,'y','2017-05-08 14:44:07','developer','0000-00-00 00:00:00','',0),(2794,15,59,'','15592794','PINTU ECO WRN 820 4BP PUTIH ANGZDOOR',1,77,0,396818,436500,0,0,0,'y','2017-05-08 14:44:07','developer','0000-00-00 00:00:00','',0),(2795,15,59,'','15592795','PINTU ECO WRN 820 4BP WALNUT ANGZDOOR',1,77,0,564545,621000,0,0,0,'y','2017-05-08 14:44:08','developer','0000-00-00 00:00:00','',0),(2796,15,59,'','15592796','PINTU ECO WRN 820 4P HONEY ANGZDOOR',1,77,0,545455,600001,0,0,0,'y','2017-05-08 14:44:08','developer','0000-00-00 00:00:00','',0),(2797,15,59,'','15592797','PINTU ECO WRN 820 4P MAROON ANGZDOOR',1,77,0,409091,450000,0,0,0,'y','2017-05-08 14:44:08','developer','0000-00-00 00:00:00','',0),(2798,15,59,'','15592798','PINTU ECO WRN 820 4P PUTIH ANGZDOOR',1,77,0,396818,436500,0,0,0,'y','2017-05-08 14:44:08','developer','0000-00-00 00:00:00','',0),(2799,15,59,'','15592799','PINTU ECO WRN 820 4P WALNUT ANGZDOOR',1,77,0,564545,621000,0,0,0,'y','2017-05-08 14:44:08','developer','0000-00-00 00:00:00','',0),(2800,15,59,'','15592800','PINTU ECO WRN 820 6BP MAROON ANGZDOOR',1,77,0,409091,450000,0,0,0,'y','2017-05-08 14:44:08','developer','0000-00-00 00:00:00','',0),(2801,15,59,'','15592801','PINTU ECO WRN 820 6P PUTIH ANGZDOOR',1,77,0,396818,436500,0,0,0,'y','2017-05-08 14:44:09','developer','0000-00-00 00:00:00','',0),(2802,15,59,'','15592802','PINTU ECO WRN 920 4AP MAROON ANGZDOOR',1,77,0,396818,436500,0,0,0,'y','2017-05-08 14:44:09','developer','0000-00-00 00:00:00','',0),(2803,15,59,'','15592803','PINTU ECO WRN 920 4AP PUTIH ANGZDOOR',1,77,0,415909,457500,0,0,0,'y','2017-05-08 14:44:09','developer','0000-00-00 00:00:00','',0),(2804,15,59,'','15592804','PINTU ECO WRN 920 4P MAROON ANGZDOOR',1,77,0,418182,460000,0,0,0,'y','2017-05-08 14:44:09','developer','0000-00-00 00:00:00','',0),(2805,15,59,'','15592805','PINTU ECO820 4BP 2GRV WOLOCK ANGZDOOR',1,77,230850,297727,327500,0,0,0,'y','2017-05-08 14:44:09','developer','0000-00-00 00:00:00','',0),(2806,15,59,'','15592806','PINTU ECO820 4BP 4GRV WOLOCK ANGZDOOR',1,77,0,297727,327500,0,0,0,'y','2017-05-08 14:44:10','developer','0000-00-00 00:00:00','',0),(2807,15,59,'','15592807','PINTU ECO820 4P 2GRV WO LOCK ANGZDOOR',1,77,230850,297727,327500,0,0,0,'y','2017-05-08 14:44:10','developer','0000-00-00 00:00:00','',0),(2808,15,59,'','15592808','PINTU ECO820 4P 4GRV WO LOCK ANGZDOOR',1,77,230850,297727,327500,0,0,0,'y','2017-05-08 14:44:10','developer','0000-00-00 00:00:00','',0),(2809,15,59,'','15592809','PINTU GLS1 GLF0 72 PRM 1296 ANGZ',1,77,0,300000,330000,0,0,0,'y','2017-05-08 14:44:10','developer','0000-00-00 00:00:00','',0),(2810,15,59,'','15592810','PINTU GLS2 GLT0 72 PRM 1293 ANGZ',1,77,0,300000,330000,0,0,0,'y','2017-05-08 14:44:10','developer','0000-00-00 00:00:00','',0),(2811,15,59,'','15592811','PINTU HDF1 GROOVE 820 FGRV12 6938 ANGZ',1,77,0,844000,928400,0,0,0,'y','2017-05-08 14:44:10','developer','0000-00-00 00:00:00','',0),(2812,15,59,'','15592812','PINTU PVC P1 70X200 OL BROWN ANGZDOOR',1,77,0,996000,1095600,0,0,0,'y','2017-05-08 14:44:11','developer','0000-00-00 00:00:00','',0),(2813,15,59,'','15592813','PINTU PVC P1 70X200 OR WHITE ANGZDOOR',1,77,0,996000,1095600,0,0,0,'y','2017-05-08 14:44:11','developer','0000-00-00 00:00:00','',0),(2814,15,59,'','15592814','PINTU PVC P2 70X200 OL BROWN ANGZDOOR',1,77,0,996000,1095600,0,0,0,'y','2017-05-08 14:44:11','developer','0000-00-00 00:00:00','',0),(2815,15,59,'','15592815','PINTU PVC P2 70X200 OR WHITE ANGZDOOR',1,77,0,712000,783200,0,0,0,'y','2017-05-08 14:44:11','developer','0000-00-00 00:00:00','',0),(2816,15,59,'','15592816','PINTU PVC P3 70X200 OL BROWN ANGZDOOR',1,77,0,712000,783200,0,0,0,'y','2017-05-08 14:44:11','developer','0000-00-00 00:00:00','',0),(2817,15,59,'','15592817','PINTU PVC P3 70X200 OR WHITE ANGZDOOR',1,77,0,996000,1095600,0,0,0,'y','2017-05-08 14:44:11','developer','0000-00-00 00:00:00','',0),(2818,15,59,'','15592818','DOOR FRAME 40X140 720X2100 NYT ANGZ',1,77,283000,440909,485000,0,0,0,'y','2017-05-08 14:44:11','developer','0000-00-00 00:00:00','',0),(2819,15,59,'','15592819','DOOR FRAME 40X140 820X2100 NYT ANGZ',1,77,283000,459091,505000,0,0,0,'y','2017-05-08 14:44:11','developer','0000-00-00 00:00:00','',0),(2820,15,59,'','15592820','DOOR FRAME 40X140 920X2100 NYT ANGZ',1,77,363000,472727,520000,0,0,0,'y','2017-05-08 14:44:11','developer','0000-00-00 00:00:00','',0),(2821,15,59,'','15592821','DOOR FRAME 40X70 720X2100 METAL ANGZ',1,77,0,245455,270001,0,0,0,'y','2017-05-08 14:44:11','developer','0000-00-00 00:00:00','',0),(2822,15,59,'','15592822','DOOR FRAME 40X70 820X2100 METAL ANGZ',1,77,0,262727,289000,0,0,0,'y','2017-05-08 14:44:11','developer','0000-00-00 00:00:00','',0),(2823,15,59,'','15592823','DOOR FRAME 40X70 920X2100 METAL ANGZ',1,77,0,270455,297501,0,0,0,'y','2017-05-08 14:44:12','developer','0000-00-00 00:00:00','',0),(2824,15,59,'','15592824','PINTU 810 PLY LAMINATEKUSEN TYPE B ANGZ',1,77,0,934091,1027500,0,0,0,'y','2017-05-08 14:44:12','developer','0000-00-00 00:00:00','',0),(2825,15,59,'','15592825','PINTU ALM A1 70X200 OLCHMPNE 6846 ANGZ',1,77,1018500,1396364,1536000,0,0,0,'y','2017-05-08 14:44:12','developer','0000-00-00 00:00:00','',0),(2826,15,59,'','15592826','PINTU ALM A1 70X200 ORCHMPNE 6847 ANGZ',1,77,1018500,1396364,1536000,0,0,0,'y','2017-05-08 14:44:12','developer','0000-00-00 00:00:00','',0),(2827,15,59,'','15592827','PINTU ALM A12 70X200OL APPLE W7887 ANGZ',1,77,0,1455000,1600500,0,0,0,'y','2017-05-08 14:44:12','developer','0000-00-00 00:00:00','',0),(2828,15,59,'','15592828','PINTU ALM A12 70X200OR APPLE W7888 ANGZ',1,77,0,1455000,1600500,0,0,0,'y','2017-05-08 14:44:12','developer','0000-00-00 00:00:00','',0),(2829,15,59,'','15592829','PINTU ALM A17 70X200OLROSEWOOD7897 ANGZ',1,77,0,1455000,1600500,0,0,0,'y','2017-05-08 14:44:12','developer','0000-00-00 00:00:00','',0),(2830,15,59,'','15592830','PINTU ALM A17 70X200ORROSEWOOD7898 ANGZ',1,77,0,1455000,1600500,0,0,0,'y','2017-05-08 14:44:12','developer','0000-00-00 00:00:00','',0),(2831,15,59,'','15592831','PINTU ALM A19 70X200 OL WHITE 7901 ANGZ',1,77,0,1455000,1600500,0,0,0,'y','2017-05-08 14:44:12','developer','0000-00-00 00:00:00','',0),(2832,15,59,'','15592832','PINTU ALM A19 70X200 OR WHITE 7902 ANGZ',1,77,0,1455000,1600500,0,0,0,'y','2017-05-08 14:44:12','developer','0000-00-00 00:00:00','',0),(2833,15,59,'','15592833','PINTU ALM A2 70X200 OLCHMPNE 6848 ANGZ',1,77,1036250,1396364,1536000,0,0,0,'y','2017-05-08 14:44:12','developer','0000-00-00 00:00:00','',0),(2834,15,59,'','15592834','PINTU ALM A2 70X200 ORCHMPNE 6849 ANGZ',1,77,1030333,1396364,1536000,0,0,0,'y','2017-05-08 14:44:12','developer','0000-00-00 00:00:00','',0),(2835,15,59,'','15592835','PINTU ALM A20 70X200 OL WHITE 7903 ANGZ',1,77,0,1455000,1600500,0,0,0,'y','2017-05-08 14:44:13','developer','0000-00-00 00:00:00','',0),(2836,15,59,'','15592836','PINTU ALM A20 70X200 OR WHITE 7904 ANGZ',1,77,0,1455000,1600500,0,0,0,'y','2017-05-08 14:44:13','developer','0000-00-00 00:00:00','',0),(2837,15,59,'','15592837','PINTU ALM A3 70X200 OLCHMPNE 6850 ANGZ',1,77,1036250,1396364,1536000,0,0,0,'y','2017-05-08 14:44:13','developer','0000-00-00 00:00:00','',0),(2838,15,59,'','15592838','PINTU ALM A3 70X200 ORCHMPNE 6851 ANGZ',1,77,1018500,1396364,1536000,0,0,0,'y','2017-05-08 14:44:13','developer','0000-00-00 00:00:00','',0),(2839,15,59,'','15592839','PINTU ALM A4 70X200 OLCHMPNE 6852 ANGZ',1,77,1027966,1396364,1536000,0,0,0,'y','2017-05-08 14:44:13','developer','0000-00-00 00:00:00','',0),(2840,15,59,'','15592840','PINTU ALM A4 70X200 ORCHMPNE 6853 ANGZ',1,77,1036250,1396364,1536000,0,0,0,'y','2017-05-08 14:44:13','developer','0000-00-00 00:00:00','',0),(2841,15,59,'','15592841','PINTU ALM A5 70X200 OLCHMPNE 6856 ANGZ',1,77,0,1954545,2150000,0,0,0,'y','2017-05-08 14:44:13','developer','0000-00-00 00:00:00','',0),(2842,15,59,'','15592842','PINTU ALM A5 70X200 ORCHMPNE 6857 ANGZ',1,77,1034400,1954545,2150000,0,0,0,'y','2017-05-08 14:44:13','developer','0000-00-00 00:00:00','',0),(2843,15,59,'','15592843','PINTU ALM A6 70X200 OL TEAK 6858 ANGZ',1,77,1034400,1954545,2150000,0,0,0,'y','2017-05-08 14:44:13','developer','0000-00-00 00:00:00','',0),(2844,15,59,'','15592844','PINTU ALM A6 70X200 OLCHMPNE 6860 ANGZ',1,77,1034400,1954545,2150000,0,0,0,'y','2017-05-08 14:44:14','developer','0000-00-00 00:00:00','',0),(2845,15,59,'','15592845','PINTU ALM A6 70X200 ORCHMPNE 6861 ANGZ',1,77,1034400,1954545,2150000,0,0,0,'y','2017-05-08 14:44:14','developer','0000-00-00 00:00:00','',0),(2846,15,59,'','15592846','PINTU ALM A8 70X200 OLCHMPNE 6870 ANGZ',1,77,1034400,1954545,2150000,0,0,0,'y','2017-05-08 14:44:14','developer','0000-00-00 00:00:00','',0),(2847,15,59,'','15592847','PINTU ALM A8 70X200 ORCHMPNE 6871 ANGZ',1,77,0,1954545,2150000,0,0,0,'y','2017-05-08 14:44:14','developer','0000-00-00 00:00:00','',0),(2848,15,59,'','15592848','PINTU ALM A9 70X200 OL GOLD 7880 ANGZ',1,77,0,1455000,1600500,0,0,0,'y','2017-05-08 14:44:14','developer','0000-00-00 00:00:00','',0),(2849,15,59,'','15592849','PINTU ALM A9 70X200 OR GOLD 7881 ANGZ',1,77,0,1455000,1600500,0,0,0,'y','2017-05-08 14:44:14','developer','0000-00-00 00:00:00','',0),(2850,15,59,'','15592850','PINTU ECO 720 1P WO LOCK ANGZDOOR',1,77,0,365455,402001,0,0,0,'y','2017-05-08 14:44:14','developer','0000-00-00 00:00:00','',0),(2851,15,59,'','15592851','PINTU ECO 720 2P WO LOCK ANGZDOOR',1,77,289652,365455,402001,0,0,0,'y','2017-05-08 14:44:14','developer','0000-00-00 00:00:00','',0),(2852,15,59,'','15592852','PINTU ECO 720 3P WO LOCK ANGZDOOR',1,77,290700,365455,402001,0,0,0,'y','2017-05-08 14:44:14','developer','0000-00-00 00:00:00','',0),(2853,15,59,'','15592853','PINTU ECO 720 4BP WO LOCK ANGZDOOR',1,77,300900,365455,402001,0,0,0,'y','2017-05-08 14:44:14','developer','0000-00-00 00:00:00','',0),(2854,15,59,'','15592854','PINTU ECO 720 6AP WO LOCK ANGZDOOR',1,77,0,365455,402001,0,0,0,'y','2017-05-08 14:44:14','developer','0000-00-00 00:00:00','',0),(2855,15,59,'','15592855','PINTU ECO 720 6P WO LOCK ANGZDOOR',1,77,0,365455,402001,0,0,0,'y','2017-05-08 14:44:14','developer','0000-00-00 00:00:00','',0),(2856,15,59,'','15592856','PINTU ECO 820 1P WO LOCK ANGZDOOR',1,77,289000,365455,402001,0,0,0,'y','2017-05-08 14:44:15','developer','0000-00-00 00:00:00','',0),(2857,15,59,'','15592857','PINTU ECO 820 2P WO LOCK ANGZDOOR',1,77,306600,365455,402001,0,0,0,'y','2017-05-08 14:44:15','developer','0000-00-00 00:00:00','',0),(2858,15,59,'','15592858','PINTU ECO 820 3P WO LOCK ANGZDOOR',1,77,306600,365455,402001,0,0,0,'y','2017-05-08 14:44:15','developer','0000-00-00 00:00:00','',0),(2859,15,59,'','15592859','PINTU ECO 820 4AP WO LOCK ANGZDOOR',1,77,271667,365455,402001,0,0,0,'y','2017-05-08 14:44:15','developer','0000-00-00 00:00:00','',0),(2860,15,59,'','15592860','PINTU ECO 820 4BP WO LOCK ANGZDOOR',1,77,306600,365455,402001,0,0,0,'y','2017-05-08 14:44:15','developer','0000-00-00 00:00:00','',0),(2861,15,59,'','15592861','PINTU ECO 820 4P WO LOCK ANGZDOOR',1,77,306600,365455,402001,0,0,0,'y','2017-05-08 14:44:15','developer','0000-00-00 00:00:00','',0),(2862,15,59,'','15592862','PINTU ECO 820 6AP WO LOCK ANGZDOOR',1,77,289000,365455,402001,0,0,0,'y','2017-05-08 14:44:15','developer','0000-00-00 00:00:00','',0),(2863,15,59,'','15592863','PINTU ECO 820 6P WO LOCK ANGZDOOR',1,77,275000,365455,402001,0,0,0,'y','2017-05-08 14:44:15','developer','0000-00-00 00:00:00','',0),(2864,15,59,'','15592864','PINTU ECO 920 1P WO LOCK ANGZDOOR',1,77,0,365455,402001,0,0,0,'y','2017-05-08 14:44:15','developer','0000-00-00 00:00:00','',0),(2865,15,59,'','15592865','PINTU ECO 920 2P WO LOCK ANGZDOOR',1,77,289000,365455,402001,0,0,0,'y','2017-05-08 14:44:15','developer','0000-00-00 00:00:00','',0),(2866,15,59,'','15592866','PINTU ECO 920 3P WO LOCK ANGZDOOR',1,77,305744,365455,402001,0,0,0,'y','2017-05-08 14:44:15','developer','0000-00-00 00:00:00','',0),(2867,15,59,'','15592867','PINTU ECO 920 4BP WO LOCK ANGZDOOR',1,77,275000,365455,402001,0,0,0,'y','2017-05-08 14:44:15','developer','0000-00-00 00:00:00','',0),(2868,15,59,'','15592868','PINTU ECO 920 4P WO LOCK ANGZDOOR',1,77,275000,365455,402001,0,0,0,'y','2017-05-08 14:44:15','developer','0000-00-00 00:00:00','',0),(2869,15,59,'','15592869','PINTU ECO 920 6AP WO LOCK ANGZDOOR',1,77,0,365455,402001,0,0,0,'y','2017-05-08 14:44:16','developer','0000-00-00 00:00:00','',0),(2870,15,59,'','15592870','PINTU ECO 920 6P WO LOCK ANGZDOOR',1,77,275000,365455,402001,0,0,0,'y','2017-05-08 14:44:16','developer','0000-00-00 00:00:00','',0),(2871,15,59,'','15592871','PINTU ECO ADF02L 820 2P SET ANGZDOOR',1,77,0,960000,1056000,0,0,0,'y','2017-05-08 14:44:16','developer','0000-00-00 00:00:00','',0),(2872,15,59,'','15592872','PINTU ECO ADF02L 820 3P SET ANGZDOOR',1,77,671972,960000,1056000,0,0,0,'y','2017-05-08 14:44:16','developer','0000-00-00 00:00:00','',0),(2873,15,59,'','15592873','PINTU ECO ADF02R 820 2P SET ANGZDOOR',1,77,0,960000,1056000,0,0,0,'y','2017-05-08 14:44:16','developer','0000-00-00 00:00:00','',0),(2874,15,59,'','15592874','PINTU ECO ADF02R 820 3P SET ANGZDOOR',1,77,671972,960000,1056000,0,0,0,'y','2017-05-08 14:44:16','developer','0000-00-00 00:00:00','',0),(2875,15,60,'','15602875','DOUBLE CYLINDER DC0270 MK US26 P0190217',1,78,50000,70455,77501,0,0,0,'y','2017-05-08 14:44:16','developer','0000-00-00 00:00:00','',0),(2876,15,60,'','15602876','DOUBLE CYLINDER NEW DB 2 US3 P1003051',1,78,46464,123182,135500,0,0,0,'y','2017-05-08 14:44:16','developer','0000-00-00 00:00:00','',0),(2877,15,60,'','15602877','DOUBLE CYLINDER NEW DB 2 US32D P1003053',1,78,59091,123182,135500,0,0,0,'y','2017-05-08 14:44:16','developer','0000-00-00 00:00:00','',0),(2878,15,60,'','15602878','DOUBLE CYLINDER NEW DB 2 US5 P1003052',1,78,64773,123182,135500,0,0,0,'y','2017-05-08 14:44:16','developer','0000-00-00 00:00:00','',0),(2879,15,60,'','15602879','DOUBLE CYLINDER SCR G260US26D P7700060',1,78,66364,102273,112500,0,0,0,'y','2017-05-08 14:44:16','developer','0000-00-00 00:00:00','',0),(2880,15,60,'','15602880','ENGSEL 211 T P1100026',1,78,77001,201818,222000,0,0,0,'y','2017-05-08 14:44:16','developer','0000-00-00 00:00:00','',0),(2881,15,60,'','15602881','ENGSEL EK G1 3X2,5X2,52BBUS32D P7706042',1,78,60910,86818,95500,0,0,0,'y','2017-05-08 14:44:17','developer','0000-00-00 00:00:00','',0),(2882,15,60,'','15602882','ENGSEL EK G2 4X3X3 2BB US32D P7706047',1,78,86364,127727,140500,0,0,0,'y','2017-05-08 14:44:17','developer','0000-00-00 00:00:00','',0),(2883,15,60,'','15602883','ENGSEL EK G3 5X3X3 4BB US32D P7706052',1,78,127273,175455,193001,0,0,0,'y','2017-05-08 14:44:17','developer','0000-00-00 00:00:00','',0),(2884,15,60,'','15602884','ENGSEL EK.01 3X2,5X2,5 2BB CHR P0600007',1,78,19091,27727,30500,0,0,0,'y','2017-05-08 14:44:17','developer','0000-00-00 00:00:00','',0),(2885,15,60,'','15602885','ENGSEL EK.01 3X2,5X2,5 2BB GP P0600006',1,78,18182,27727,30500,0,0,0,'y','2017-05-08 14:44:17','developer','0000-00-00 00:00:00','',0),(2886,15,60,'','15602886','ENGSEL EK.01 3X2.5X2.5 2BB SN P0600008',1,78,18182,27727,30500,0,0,0,'y','2017-05-08 14:44:17','developer','0000-00-00 00:00:00','',0),(2887,15,60,'','15602887','ENGSEL EK.02 4X3X3 4BB CHR P0600117',1,78,27273,39091,43000,0,0,0,'y','2017-05-08 14:44:17','developer','0000-00-00 00:00:00','',0),(2888,15,60,'','15602888','ENGSEL EK.02 4X3X3 4BB GP P0600116',1,78,23776,39091,43000,0,0,0,'y','2017-05-08 14:44:17','developer','0000-00-00 00:00:00','',0),(2889,15,60,'','15602889','ENGSEL EK.02 4X3X3 4BB SN P0600118',1,78,27273,39091,43000,0,0,0,'y','2017-05-08 14:44:17','developer','0000-00-00 00:00:00','',0),(2890,15,60,'','15602890','ENGSEL EK.06 3X2,5X2 2BB US32 P0600062',1,78,45961,62727,69000,0,0,0,'y','2017-05-08 14:44:18','developer','0000-00-00 00:00:00','',0),(2891,15,60,'','15602891','ENGSEL EK.06 3X2,5X2 US32D P0600061',1,78,36819,56364,62000,0,0,0,'y','2017-05-08 14:44:18','developer','0000-00-00 00:00:00','',0),(2892,15,60,'','15602892','ENGSEL EK.07 4X3X2 US32D P0600071',1,78,46637,79091,87000,0,0,0,'y','2017-05-08 14:44:18','developer','0000-00-00 00:00:00','',0),(2893,15,60,'','15602893','ENGSEL EK.07 4X3X2,5 2BB US32 P0600072',1,78,70910,97273,107000,0,0,0,'y','2017-05-08 14:44:18','developer','0000-00-00 00:00:00','',0),(2894,15,60,'','15602894','ENGSEL EK.08 5X3X3 4BB US32D P0600082',1,78,109091,152727,168000,0,0,0,'y','2017-05-08 14:44:18','developer','0000-00-00 00:00:00','',0),(2895,15,60,'','15602895','ENGSEL EK.09 5X3X3 4BB CHR P0600197',1,78,31818,45000,49500,0,0,0,'y','2017-05-08 14:44:18','developer','0000-00-00 00:00:00','',0),(2896,15,60,'','15602896','ENGSEL EK.09 5X3X3 4BB GP P0600196',1,78,27273,45000,49500,0,0,0,'y','2017-05-08 14:44:18','developer','0000-00-00 00:00:00','',0),(2897,15,60,'','15602897','ENGSEL EK.09 5X3X3 4BB SN P0600198',1,78,30907,45000,49500,0,0,0,'y','2017-05-08 14:44:18','developer','0000-00-00 00:00:00','',0),(2898,15,60,'','15602898','ENGSEL EK.16.3X2,5X2 2BB US32 P0600232',1,78,32424,45455,50001,0,0,0,'y','2017-05-08 14:44:18','developer','0000-00-00 00:00:00','',0),(2899,15,60,'','15602899','ENGSEL EK.16.3X2,5X2US32D P0600231',1,78,22240,41818,46000,0,0,0,'y','2017-05-08 14:44:18','developer','0000-00-00 00:00:00','',0),(2900,15,60,'','15602900','ENGSEL EK.17.4X3X2 US32D P0600236',1,78,40000,55455,61001,0,0,0,'y','2017-05-08 14:44:19','developer','0000-00-00 00:00:00','',0),(2901,15,60,'','15602901','ENGSEL EK.17.4X3X2,5 2BB US32D P0600237',1,78,48182,65455,72001,0,0,0,'y','2017-05-08 14:44:19','developer','0000-00-00 00:00:00','',0),(2902,15,60,'','15602902','ENGSEL EK.18.5X3X3 4BB US32D P0600242',1,78,68182,93636,103000,0,0,0,'y','2017-05-08 14:44:19','developer','0000-00-00 00:00:00','',0),(2903,15,60,'','15602903','ENGSEL PIVOT EP.600 US32D P0600301',1,78,85859,185909,204500,0,0,0,'y','2017-05-08 14:44:19','developer','0000-00-00 00:00:00','',0),(2904,15,60,'','15602904','ENGSEL PIVOT EPT.601 US32D P0600302',1,78,43666,60909,67000,0,0,0,'y','2017-05-08 14:44:19','developer','0000-00-00 00:00:00','',0),(2905,15,60,'','15602905','ENGSEL SALON 633 9 CHR P0601106',1,78,15455,25000,27500,0,0,0,'y','2017-05-08 14:44:19','developer','0000-00-00 00:00:00','',0),(2906,15,60,'','15602906','ENGSEL SENDOK 634 CHR P0601154',1,78,13637,20909,23000,0,0,0,'y','2017-05-08 14:44:19','developer','0000-00-00 00:00:00','',0),(2907,15,60,'','15602907','ESCUTCHEON E 61.44 US32D P0303511',1,78,18182,27727,30500,0,0,0,'y','2017-05-08 14:44:19','developer','0000-00-00 00:00:00','',0),(2908,15,60,'','15602908','ESCUTCHEON E 62.15 CHR P0303702',1,78,40909,58182,64000,0,0,0,'y','2017-05-08 14:44:19','developer','0000-00-00 00:00:00','',0),(2909,15,60,'','15602909','ESCUTCHEON E 62.15 CHRSN P0303709',1,78,40909,58182,64000,0,0,0,'y','2017-05-08 14:44:19','developer','0000-00-00 00:00:00','',0),(2910,15,60,'','15602910','ESCUTCHEON E 62.15 GPSG P0303708',1,78,27598,58182,64000,0,0,0,'y','2017-05-08 14:44:19','developer','0000-00-00 00:00:00','',0),(2911,15,60,'','15602911','ESCUTCHEON E 62.15 SN P0303704',1,78,40909,58182,64000,0,0,0,'y','2017-05-08 14:44:19','developer','0000-00-00 00:00:00','',0),(2912,15,60,'','15602912','ESCUTCHEON E.61.47 US32D P0300609',1,78,12728,18182,20000,0,0,0,'y','2017-05-08 14:44:19','developer','0000-00-00 00:00:00','',0),(2913,15,60,'','15602913','ESCUTCHEON EO.61.01 GP P0300051',1,78,4318,12727,14000,0,0,0,'y','2017-05-08 14:44:20','developer','0000-00-00 00:00:00','',0),(2914,15,60,'','15602914','FLOOR HINGE FH 84 US32D P0500201',1,78,586364,934091,1027500,0,0,0,'y','2017-05-08 14:44:20','developer','0000-00-00 00:00:00','',0),(2915,15,60,'','15602915','HANDLE ALM HPAL 61.41 US32D P0300751',1,78,86365,160000,176000,0,0,0,'y','2017-05-08 14:44:20','developer','0000-00-00 00:00:00','',0),(2916,15,60,'','15602916','HANDLE ALM HPAL 61.42 US32D P0300754',1,78,86365,166364,183000,0,0,0,'y','2017-05-08 14:44:20','developer','0000-00-00 00:00:00','',0),(2917,15,60,'','15602917','HANDLE ALM HPAL 61.44 US32D P0300757',1,78,100000,160000,176000,0,0,0,'y','2017-05-08 14:44:20','developer','0000-00-00 00:00:00','',0),(2918,15,60,'','15602918','HANDLE FPP 61.62 CHRSN P0300154',1,78,36364,60909,67000,0,0,0,'y','2017-05-08 14:44:20','developer','0000-00-00 00:00:00','',0),(2919,15,60,'','15602919','HANDLE FPP 61.62 GPSG P0300153',1,78,21590,60909,67000,0,0,0,'y','2017-05-08 14:44:20','developer','0000-00-00 00:00:00','',0),(2920,15,60,'','15602920','HANDLE HRE 31.10 US32US32D P0300336',1,78,159091,251364,276500,0,0,0,'y','2017-05-08 14:44:20','developer','0000-00-00 00:00:00','',0),(2921,15,60,'','15602921','HANDLE HRE 31.10 US32US32D P0300336',1,78,159091,251364,276500,0,0,0,'y','2017-05-08 14:44:20','developer','0000-00-00 00:00:00','',0),(2922,15,60,'','15602922','HANDLE HRE 61.45 CHRUS32D P0300606',1,78,187728,407273,448000,0,0,0,'y','2017-05-08 14:44:21','developer','0000-00-00 00:00:00','',0),(2923,15,60,'','15602923','HANDLE HRE 61.45 CHRUS32D P0300606',1,78,187728,407273,448000,0,0,0,'y','2017-05-08 14:44:21','developer','0000-00-00 00:00:00','',0),(2924,15,60,'','15602924','HANDLE HRE 61.46 US32US32D P0300607',1,78,178295,336364,370000,0,0,0,'y','2017-05-08 14:44:21','developer','0000-00-00 00:00:00','',0),(2925,15,60,'','15602925','HANDLE HRE 61.46 US32US32D P0300607',1,78,178295,336364,370000,0,0,0,'y','2017-05-08 14:44:21','developer','0000-00-00 00:00:00','',0),(2926,15,60,'','15602926','HANDLE HRE 61.48 US32DLC101 SNDC US26',1,78,181818,404091,444500,0,0,0,'y','2017-05-08 14:44:21','developer','0000-00-00 00:00:00','',0),(2927,15,60,'','15602927','HANDLE HRE 61.52 US32DLC101 SNDC US26',1,78,177245,404091,444500,0,0,0,'y','2017-05-08 14:44:21','developer','0000-00-00 00:00:00','',0),(2928,15,60,'','15602928','HANDLE HRE 61.53 US32DLC101 SNDC US26',1,78,146359,404091,444500,0,0,0,'y','2017-05-08 14:44:21','developer','0000-00-00 00:00:00','',0),(2929,15,60,'','15602929','HANDLE HRE 63.01 US26US32D P0300701',1,78,107074,242273,266500,0,0,0,'y','2017-05-08 14:44:21','developer','0000-00-00 00:00:00','',0),(2930,15,60,'','15602930','HANDLE HRE 63.01 US26US32D P0300701',1,78,107074,242273,266500,0,0,0,'y','2017-05-08 14:44:21','developer','0000-00-00 00:00:00','',0),(2931,15,60,'','15602931','HANDLE HRE 63.02 US26US32D P0300704',1,78,136941,247727,272500,0,0,0,'y','2017-05-08 14:44:22','developer','0000-00-00 00:00:00','',0),(2932,15,60,'','15602932','HANDLE HRE 63.02 US26US32D P0300704',1,78,136941,247727,272500,0,0,0,'y','2017-05-08 14:44:22','developer','0000-00-00 00:00:00','',0),(2933,15,60,'','15602933','HANDLE HRE31.01US32DLC101WL40SNDC0260',1,78,159091,309091,340000,0,0,0,'y','2017-05-08 14:44:22','developer','0000-00-00 00:00:00','',0),(2934,15,60,'','15602934','HANDLE HRE61.41US32DLC101WL40SNDC0260',1,78,159091,309091,340000,0,0,0,'y','2017-05-08 14:44:22','developer','0000-00-00 00:00:00','',0),(2935,15,60,'','15602935','HANDLE HRE61.42US32DLC101WL40SNDC0260',1,78,144460,309091,340000,0,0,0,'y','2017-05-08 14:44:22','developer','0000-00-00 00:00:00','',0),(2936,15,60,'','15602936','HANDLE HRE61.44US32DLC101WL40SNDC0260',1,78,159091,309091,340000,0,0,0,'y','2017-05-08 14:44:22','developer','0000-00-00 00:00:00','',0),(2937,15,60,'','15602937','HANDLE HS3XHDC SN P1000009',1,78,268182,593636,653000,0,0,0,'y','2017-05-08 14:44:22','developer','0000-00-00 00:00:00','',0),(2938,15,60,'','15602938','HANDLE ON PLATE HP 31.01 US32D P0300303',1,78,92045,178182,196000,0,0,0,'y','2017-05-08 14:44:22','developer','0000-00-00 00:00:00','',0),(2939,15,60,'','15602939','HANDLE ON PLATE HP 61.18 A P0300083',1,78,125278,272727,300000,0,0,0,'y','2017-05-08 14:44:22','developer','0000-00-00 00:00:00','',0),(2940,15,60,'','15602940','HANDLE ON PLATE HP 61.32CHRSN P0300570',1,78,146817,360000,396000,0,0,0,'y','2017-05-08 14:44:22','developer','0000-00-00 00:00:00','',0),(2941,15,60,'','15602941','HANDLE ON PLATE HP 61.41 US32D P0300600',1,78,95000,176818,194500,0,0,0,'y','2017-05-08 14:44:22','developer','0000-00-00 00:00:00','',0),(2942,15,60,'','15602942','HANDLE ON PLATE HP 61.44 US32D P0300604',1,78,95000,183182,201500,0,0,0,'y','2017-05-08 14:44:22','developer','0000-00-00 00:00:00','',0),(2943,15,60,'','15602943','HANDLE ON PLATE HP 61.57 CHRSN P0300121',1,78,131819,192727,212000,0,0,0,'y','2017-05-08 14:44:23','developer','0000-00-00 00:00:00','',0),(2944,15,60,'','15602944','HANDLE ON PLATE HP 61.74 AG P0300657',1,78,49432,100000,110000,0,0,0,'y','2017-05-08 14:44:23','developer','0000-00-00 00:00:00','',0),(2945,15,60,'','15602945','HANDLE ON PLATE HP 61.74 DB P0300658',1,78,48572,100000,110000,0,0,0,'y','2017-05-08 14:44:23','developer','0000-00-00 00:00:00','',0),(2946,15,60,'','15602946','HANDLE ON PLATE HP 61.75 AB P0300662',1,78,59091,88182,97000,0,0,0,'y','2017-05-08 14:44:23','developer','0000-00-00 00:00:00','',0),(2947,15,60,'','15602947','HANDLE ON PLATE HP 61.75 AG P0300661',1,78,38864,88182,97000,0,0,0,'y','2017-05-08 14:44:23','developer','0000-00-00 00:00:00','',0),(2948,15,60,'','15602948','HANDLE ON PLATE HP 61.75 AS P0300660',1,78,41501,88182,97000,0,0,0,'y','2017-05-08 14:44:23','developer','0000-00-00 00:00:00','',0),(2949,15,60,'','15602949','HANDLE ON PLATE HP 99.02CHRSN P7703007',1,78,154545,409091,450000,0,0,0,'y','2017-05-08 14:44:23','developer','0000-00-00 00:00:00','',0),(2950,15,60,'','15602950','HANDLE ON PLATE HP.61.03 SN P0300010',1,78,118182,180909,199000,0,0,0,'y','2017-05-08 14:44:23','developer','0000-00-00 00:00:00','',0),(2951,15,60,'','15602951','HANDLE ON PLATE HP.61.04CHRSN P0300015',1,78,118182,174545,192000,0,0,0,'y','2017-05-08 14:44:23','developer','0000-00-00 00:00:00','',0),(2952,15,60,'','15602952','HANDLE ON PLATE HP.61.06CHRSN P0300035',1,78,115656,186364,205000,0,0,0,'y','2017-05-08 14:44:23','developer','0000-00-00 00:00:00','',0),(2953,15,60,'','15602953','HANDLE ON PLATE HP61.54 CHRSN P0300112',1,78,122728,179545,197500,0,0,0,'y','2017-05-08 14:44:23','developer','0000-00-00 00:00:00','',0),(2954,15,60,'','15602954','HANDLE ON PLATE HP61.55 CHRSN P0300115',1,78,122728,179545,197500,0,0,0,'y','2017-05-08 14:44:24','developer','0000-00-00 00:00:00','',0),(2955,15,60,'','15602955','HANDLE ON PLATE HP99.26 US32D P7703117',1,78,118182,230455,253501,0,0,0,'y','2017-05-08 14:44:24','developer','0000-00-00 00:00:00','',0),(2956,15,60,'','15602956','HANDLE ON PLATE HP99.27 US32D P7703122',1,78,115015,243182,267500,0,0,0,'y','2017-05-08 14:44:24','developer','0000-00-00 00:00:00','',0),(2957,15,60,'','15602957','HANDLE ON PLATEHP99.10US32US32DP7703047',1,78,133863,199273,219200,0,0,0,'y','2017-05-08 14:44:24','developer','0000-00-00 00:00:00','',0),(2958,15,60,'','15602958','HANDLE ON ROSE HRE 31.01 US32D P0300302',1,78,69090,128636,141500,0,0,0,'y','2017-05-08 14:44:24','developer','0000-00-00 00:00:00','',0),(2959,15,60,'','15602959','HANDLE ON ROSE HRE 31.01 US32D P0300302',1,78,69090,128636,141500,0,0,0,'y','2017-05-08 14:44:24','developer','0000-00-00 00:00:00','',0),(2960,15,60,'','15602960','HANDLE ON ROSE HRE 61.12 A P0300057',1,78,131818,259545,285500,0,0,0,'y','2017-05-08 14:44:24','developer','0000-00-00 00:00:00','',0),(2961,15,60,'','15602961','HANDLE ON ROSE HRE 61.12 A P0300057',1,78,131818,259545,285500,0,0,0,'y','2017-05-08 14:44:24','developer','0000-00-00 00:00:00','',0),(2962,15,60,'','15602962','HANDLE ON ROSE HRE 61.22 CHR P0300508',1,78,108409,155909,171500,0,0,0,'y','2017-05-08 14:44:24','developer','0000-00-00 00:00:00','',0),(2963,15,60,'','15602963','HANDLE ON ROSE HRE 61.22 CHR P0300508',1,78,108409,155909,171500,0,0,0,'y','2017-05-08 14:44:24','developer','0000-00-00 00:00:00','',0),(2964,15,60,'','15602964','HANDLE ON ROSE HRE 61.29 CHRSN P0300561',1,78,99375,192727,212000,0,0,0,'y','2017-05-08 14:44:24','developer','0000-00-00 00:00:00','',0),(2965,15,60,'','15602965','HANDLE ON ROSE HRE 61.29 CHRSN P0300561',1,78,99375,192727,212000,0,0,0,'y','2017-05-08 14:44:24','developer','0000-00-00 00:00:00','',0),(2966,15,60,'','15602966','HANDLE ON ROSE HRE 61.32CHRSN P0300572',1,78,140909,322273,354500,0,0,0,'y','2017-05-08 14:44:24','developer','0000-00-00 00:00:00','',0),(2967,15,60,'','15602967','HANDLE ON ROSE HRE 61.32CHRSN P0300572',1,78,140909,322273,354500,0,0,0,'y','2017-05-08 14:44:25','developer','0000-00-00 00:00:00','',0),(2968,15,60,'','15602968','HANDLE ON ROSE HRE 61.41 US32D P0300601',1,78,70004,124545,137000,0,0,0,'y','2017-05-08 14:44:25','developer','0000-00-00 00:00:00','',0),(2969,15,60,'','15602969','HANDLE ON ROSE HRE 61.41 US32D P0300601',1,78,70004,124545,137000,0,0,0,'y','2017-05-08 14:44:25','developer','0000-00-00 00:00:00','',0),(2970,15,60,'','15602970','HANDLE ON ROSE HRE 61.42 US32D P0300602',1,78,69090,143636,158000,0,0,0,'y','2017-05-08 14:44:25','developer','0000-00-00 00:00:00','',0),(2971,15,60,'','15602971','HANDLE ON ROSE HRE 61.42 US32D P0300602',1,78,69090,143636,158000,0,0,0,'y','2017-05-08 14:44:25','developer','0000-00-00 00:00:00','',0),(2972,15,60,'','15602972','HANDLE ON ROSE HRE 61.43 US32D P0300603',1,78,69149,143636,158000,0,0,0,'y','2017-05-08 14:44:25','developer','0000-00-00 00:00:00','',0),(2973,15,60,'','15602973','HANDLE ON ROSE HRE 61.43 US32D P0300603',1,78,69149,143636,158000,0,0,0,'y','2017-05-08 14:44:25','developer','0000-00-00 00:00:00','',0),(2974,15,60,'','15602974','HANDLE ON ROSE HRE 61.44 US32D P0300605',1,78,72727,130909,144000,0,0,0,'y','2017-05-08 14:44:25','developer','0000-00-00 00:00:00','',0),(2975,15,60,'','15602975','HANDLE ON ROSE HRE 61.44 US32D P0300605',1,78,72727,130909,144000,0,0,0,'y','2017-05-08 14:44:25','developer','0000-00-00 00:00:00','',0),(2976,15,60,'','15602976','HANDLE ON ROSE HRE 61.48 US32D P0300611',1,78,100000,189545,208500,0,0,0,'y','2017-05-08 14:44:25','developer','0000-00-00 00:00:00','',0),(2977,15,60,'','15602977','HANDLE ON ROSE HRE 61.48 US32D P0300611',1,78,100000,189545,208500,0,0,0,'y','2017-05-08 14:44:25','developer','0000-00-00 00:00:00','',0),(2978,15,60,'','15602978','HANDLE ON ROSE HRE 61.49 US32D P0300612',1,78,96235,189545,208500,0,0,0,'y','2017-05-08 14:44:25','developer','0000-00-00 00:00:00','',0),(2979,15,60,'','15602979','HANDLE ON ROSE HRE 61.49 US32D P0300612',1,78,96235,189545,208500,0,0,0,'y','2017-05-08 14:44:26','developer','0000-00-00 00:00:00','',0),(2980,15,60,'','15602980','HANDLE ON ROSE HRE 61.60 US32D P0300615',1,78,93333,195909,215500,0,0,0,'y','2017-05-08 14:44:26','developer','0000-00-00 00:00:00','',0),(2981,15,60,'','15602981','HANDLE ON ROSE HRE 61.60 US32D P0300615',1,78,93333,195909,215500,0,0,0,'y','2017-05-08 14:44:26','developer','0000-00-00 00:00:00','',0),(2982,15,60,'','15602982','HANDLE ON ROSE HRE 61.69 US32D P0300618',1,78,118182,208636,229500,0,0,0,'y','2017-05-08 14:44:26','developer','0000-00-00 00:00:00','',0),(2983,15,60,'','15602983','HANDLE ON ROSE HRE 61.69 US32D P0300618',1,78,118182,208636,229500,0,0,0,'y','2017-05-08 14:44:26','developer','0000-00-00 00:00:00','',0),(2984,15,60,'','15602984','HANDLE ON ROSE HRE 62.08CHRSN P0300278',1,78,127273,254545,280000,0,0,0,'y','2017-05-08 14:44:26','developer','0000-00-00 00:00:00','',0),(2985,15,60,'','15602985','HANDLE ON ROSE HRE 62.08CHRSN P0300278',1,78,127273,254545,280000,0,0,0,'y','2017-05-08 14:44:26','developer','0000-00-00 00:00:00','',0),(2986,15,60,'','15602986','HANDLE ON ROSE HRE 62.09CHRSN P0300282',1,78,186364,251818,277000,0,0,0,'y','2017-05-08 14:44:26','developer','0000-00-00 00:00:00','',0),(2987,15,60,'','15602987','HANDLE ON ROSE HRE 62.09CHRSN P0300282',1,78,186364,251818,277000,0,0,0,'y','2017-05-08 14:44:26','developer','0000-00-00 00:00:00','',0),(2988,15,60,'','15602988','HANDLE ON ROSE HRE 62.10CHRSN P0300286',1,78,127273,254545,280000,0,0,0,'y','2017-05-08 14:44:27','developer','0000-00-00 00:00:00','',0),(2989,15,60,'','15602989','HANDLE ON ROSE HRE 62.10CHRSN P0300286',1,78,127273,254545,280000,0,0,0,'y','2017-05-08 14:44:27','developer','0000-00-00 00:00:00','',0),(2990,15,60,'','15602990','HANDLE ON ROSE HRE 62.11CHRSN P0300290',1,78,122121,254545,280000,0,0,0,'y','2017-05-08 14:44:27','developer','0000-00-00 00:00:00','',0),(2991,15,60,'','15602991','HANDLE ON ROSE HRE 62.11CHRSN P0300290',1,78,122121,254545,280000,0,0,0,'y','2017-05-08 14:44:27','developer','0000-00-00 00:00:00','',0),(2992,15,60,'','15602992','HANDLE ON ROSE HRE 64.21 US32D P0300851',1,78,120909,242273,266500,0,0,0,'y','2017-05-08 14:44:27','developer','0000-00-00 00:00:00','',0),(2993,15,60,'','15602993','HANDLE ON ROSE HRE 64.21 US32D P0300851',1,78,120909,242273,266500,0,0,0,'y','2017-05-08 14:44:27','developer','0000-00-00 00:00:00','',0),(2994,15,60,'','15602994','HANDLE ON ROSE HRE 68.04GPSG P0300422',1,78,142500,226818,249500,0,0,0,'y','2017-05-08 14:44:27','developer','0000-00-00 00:00:00','',0),(2995,15,60,'','15602995','HANDLE ON ROSE HRE 68.04GPSG P0300422',1,78,142500,226818,249500,0,0,0,'y','2017-05-08 14:44:27','developer','0000-00-00 00:00:00','',0),(2996,15,60,'','15602996','HANDLE ON ROSE HRE 99.02CHRSN P7703009',1,78,134381,310909,342000,0,0,0,'y','2017-05-08 14:44:27','developer','0000-00-00 00:00:00','',0),(2997,15,60,'','15602997','HANDLE ON ROSE HRE 99.02CHRSN P7703009',1,78,134381,310909,342000,0,0,0,'y','2017-05-08 14:44:28','developer','0000-00-00 00:00:00','',0),(2998,15,60,'','15602998','HANDLE ON ROSE HRE 99.11 ACAS P7703054',1,78,75569,174091,191500,0,0,0,'y','2017-05-08 14:44:28','developer','0000-00-00 00:00:00','',0),(2999,15,60,'','15602999','HANDLE ON ROSE HRE 99.11 ACAS P7703054',1,78,75569,174091,191500,0,0,0,'y','2017-05-08 14:44:28','developer','0000-00-00 00:00:00','',0),(3000,15,60,'','15603000','HANDLE ON ROSE HRE 99.12 AS P7703059',1,78,88856,149091,164000,0,0,0,'y','2017-05-08 14:44:28','developer','0000-00-00 00:00:00','',0),(3001,15,60,'','15603001','HANDLE ON ROSE HRE 99.12 AS P7703059',1,78,88856,149091,164000,0,0,0,'y','2017-05-08 14:44:28','developer','0000-00-00 00:00:00','',0),(3002,15,60,'','15603002','HANDLE ON ROSE HRE 99.13 ACAS P7703064',1,78,67682,173636,191000,0,0,0,'y','2017-05-08 14:44:28','developer','0000-00-00 00:00:00','',0),(3003,15,60,'','15603003','HANDLE ON ROSE HRE 99.13 ACAS P7703064',1,78,67682,173636,191000,0,0,0,'y','2017-05-08 14:44:28','developer','0000-00-00 00:00:00','',0),(3004,15,60,'','15603004','HANDLE ON ROSE HRE 99.14 CHRSN P7703069',1,78,120057,242273,266500,0,0,0,'y','2017-05-08 14:44:28','developer','0000-00-00 00:00:00','',0),(3005,15,60,'','15603005','HANDLE ON ROSE HRE 99.14 CHRSN P7703069',1,78,120057,242273,266500,0,0,0,'y','2017-05-08 14:44:28','developer','0000-00-00 00:00:00','',0),(3006,15,60,'','15603006','HANDLE ON ROSE HRE 99.15 CHRSN P7703074',1,78,121819,210909,232000,0,0,0,'y','2017-05-08 14:44:28','developer','0000-00-00 00:00:00','',0),(3007,15,60,'','15603007','HANDLE ON ROSE HRE 99.15 CHRSN P7703074',1,78,121819,210909,232000,0,0,0,'y','2017-05-08 14:44:28','developer','0000-00-00 00:00:00','',0),(3008,15,60,'','15603008','HANDLE ON ROSE HRE 99.27 US32D P7703124',1,78,109091,198636,218500,0,0,0,'y','2017-05-08 14:44:28','developer','0000-00-00 00:00:00','',0),(3009,15,60,'','15603009','HANDLE ON ROSE HRE 99.27 US32D P7703124',1,78,109091,198636,218500,0,0,0,'y','2017-05-08 14:44:29','developer','0000-00-00 00:00:00','',0),(3010,15,60,'','15603010','HANDLE ON ROSE HRE O 61.91 AS PT0300694',1,78,43247,64364,70800,0,0,0,'y','2017-05-08 14:44:29','developer','0000-00-00 00:00:00','',0),(3011,15,60,'','15603011','HANDLE ON ROSE HRE.61.06 SN P0300029',1,78,127273,199091,219000,0,0,0,'y','2017-05-08 14:44:29','developer','0000-00-00 00:00:00','',0),(3012,15,60,'','15603012','HANDLE ON ROSE HRE.61.06 SN P0300029',1,78,127273,199091,219000,0,0,0,'y','2017-05-08 14:44:29','developer','0000-00-00 00:00:00','',0),(3013,15,60,'','15603013','HANDLE ON ROSE HRE61.52 US32D P0300616',1,78,84637,161818,178000,0,0,0,'y','2017-05-08 14:44:29','developer','0000-00-00 00:00:00','',0),(3014,15,60,'','15603014','HANDLE ON ROSE HRE61.52 US32D P0300616',1,78,84637,161818,178000,0,0,0,'y','2017-05-08 14:44:29','developer','0000-00-00 00:00:00','',0),(3015,15,60,'','15603015','HANDLE ON ROSE HRE68.04CHRSN P0300423',1,78,154545,253636,279000,0,0,0,'y','2017-05-08 14:44:29','developer','0000-00-00 00:00:00','',0),(3016,15,60,'','15603016','HANDLE ON ROSE HRE68.04CHRSN P0300423',1,78,154545,253636,279000,0,0,0,'y','2017-05-08 14:44:29','developer','0000-00-00 00:00:00','',0),(3017,15,60,'','15603017','HANDLE ON ROSE HRE99.26 US32D P7703119',1,78,105454,198636,218500,0,0,0,'y','2017-05-08 14:44:29','developer','0000-00-00 00:00:00','',0),(3018,15,60,'','15603018','HANDLE ON ROSE HRE99.26 US32D P7703119',1,78,105454,198636,218500,0,0,0,'y','2017-05-08 14:44:29','developer','0000-00-00 00:00:00','',0),(3019,15,60,'','15603019','HANDLE ON ROSE HRE99.28 US32D P7703129',1,78,106363,198636,218500,0,0,0,'y','2017-05-08 14:44:29','developer','0000-00-00 00:00:00','',0),(3020,15,60,'','15603020','HANDLE ON ROSE HRE99.28 US32D P7703129',1,78,106363,198636,218500,0,0,0,'y','2017-05-08 14:44:29','developer','0000-00-00 00:00:00','',0),(3021,15,60,'','15603021','HANDLE ON ROSE HRE99.41 CHRSN P7703167',1,78,131818,245455,270001,0,0,0,'y','2017-05-08 14:44:30','developer','0000-00-00 00:00:00','',0),(3022,15,60,'','15603022','HANDLE ON ROSE HRE99.41 CHRSN P7703167',1,78,131818,245455,270001,0,0,0,'y','2017-05-08 14:44:30','developer','0000-00-00 00:00:00','',0),(3023,15,60,'','15603023','HANDLE ON ROSE HRE9916CHRUS32DP7703079',1,78,109091,252727,278000,0,0,0,'y','2017-05-08 14:44:30','developer','0000-00-00 00:00:00','',0),(3024,15,60,'','15603024','HANDLE ON ROSE HRE9916CHRUS32DP7703079',1,78,109091,252727,278000,0,0,0,'y','2017-05-08 14:44:30','developer','0000-00-00 00:00:00','',0),(3025,15,60,'','15603025','HANDLE P 31.40 US32 P0300351',1,78,185682,400909,441000,0,0,0,'y','2017-05-08 14:44:30','developer','0000-00-00 00:00:00','',0),(3026,15,60,'','15603026','HANDLE P 31.41 US32US32D P0300352',1,78,327273,496364,546000,0,0,0,'y','2017-05-08 14:44:30','developer','0000-00-00 00:00:00','',0),(3027,15,60,'','15603027','HANDLE P 31.42 US32 P0300353',1,78,190909,350000,385000,0,0,0,'y','2017-05-08 14:44:30','developer','0000-00-00 00:00:00','',0),(3028,15,60,'','15603028','HANDLE P 64. 04 US32D P0300814',1,78,172727,343636,378000,0,0,0,'y','2017-05-08 14:44:30','developer','0000-00-00 00:00:00','',0),(3029,15,60,'','15603029','HANDLE P 64. 05 US32D P0300817',1,78,166010,354091,389500,0,0,0,'y','2017-05-08 14:44:30','developer','0000-00-00 00:00:00','',0),(3030,15,60,'','15603030','HANDLE P 64.01 US32US32D P0300801',1,78,304545,430000,473000,0,0,0,'y','2017-05-08 14:44:30','developer','0000-00-00 00:00:00','',0),(3031,15,60,'','15603031','HANDLE P 64.02 US32US32D P0300806',1,78,335425,452273,497500,0,0,0,'y','2017-05-08 14:44:30','developer','0000-00-00 00:00:00','',0),(3032,15,60,'','15603032','HANDLE P 64.03 US32US32D P0300811',1,78,286364,396818,436500,0,0,0,'y','2017-05-08 14:44:30','developer','0000-00-00 00:00:00','',0),(3033,15,60,'','15603033','HANDLE P 64.07 US32D P0300819',1,78,260909,366364,403000,0,0,0,'y','2017-05-08 14:44:30','developer','0000-00-00 00:00:00','',0),(3034,15,60,'','15603034','HANDLE P 64.10 US32US32D P0300822',1,78,281818,391818,431000,0,0,0,'y','2017-05-08 14:44:31','developer','0000-00-00 00:00:00','',0),(3035,15,60,'','15603035','HANDLE P 64.11 US32US32D P0300823',1,78,162561,334545,368000,0,0,0,'y','2017-05-08 14:44:31','developer','0000-00-00 00:00:00','',0),(3036,15,60,'','15603036','HANDLE P 64.13 US32US32D P0300825',1,78,172728,309091,340000,0,0,0,'y','2017-05-08 14:44:31','developer','0000-00-00 00:00:00','',0),(3037,15,60,'','15603037','HANDLE P 64.14 US32US32D P0300826',1,78,104545,146364,161000,0,0,0,'y','2017-05-08 14:44:31','developer','0000-00-00 00:00:00','',0),(3038,15,60,'','15603038','HANDLE P 64.31 US32US32D P0300871',1,78,190909,293636,323000,0,0,0,'y','2017-05-08 14:44:31','developer','0000-00-00 00:00:00','',0),(3039,15,60,'','15603039','HANDLE P 91.04 US32US32D P0312311',1,78,131818,205000,225500,0,0,0,'y','2017-05-08 14:44:31','developer','0000-00-00 00:00:00','',0),(3040,15,60,'','15603040','HANDLE P 91.05 US32US32D P0312314',1,78,120910,224545,247000,0,0,0,'y','2017-05-08 14:44:31','developer','0000-00-00 00:00:00','',0),(3041,15,60,'','15603041','HANDLE P 99.04 US32D P7703022',1,78,123031,267273,294000,0,0,0,'y','2017-05-08 14:44:31','developer','0000-00-00 00:00:00','',0),(3042,15,60,'','15603042','HANDLE P 99.05 US32US32D P7703024',1,78,127273,202273,222500,0,0,0,'y','2017-05-08 14:44:31','developer','0000-00-00 00:00:00','',0),(3043,15,60,'','15603043','HANDLE P 99.06 US32US32D P7703027',1,78,159091,217273,239000,0,0,0,'y','2017-05-08 14:44:32','developer','0000-00-00 00:00:00','',0),(3044,15,60,'','15603044','HANDLE P 99.29 CHRUS32D P7703131',1,78,175057,265455,292001,0,0,0,'y','2017-05-08 14:44:32','developer','0000-00-00 00:00:00','',0),(3045,15,60,'','15603045','HANDLE P 99.30 US32US32D P7703134',1,78,99859,140000,154000,0,0,0,'y','2017-05-08 14:44:32','developer','0000-00-00 00:00:00','',0),(3046,15,60,'','15603046','HANDLE P 99.31 US32US32D P7703137',1,78,100000,140000,154000,0,0,0,'y','2017-05-08 14:44:32','developer','0000-00-00 00:00:00','',0),(3047,15,60,'','15603047','HANDLE P 99.32 US32US32D P7703140',1,78,108896,152727,168000,0,0,0,'y','2017-05-08 14:44:32','developer','0000-00-00 00:00:00','',0),(3048,15,60,'','15603048','HANDLE P 99.33 US32D P7703143',1,78,107955,194091,213500,0,0,0,'y','2017-05-08 14:44:32','developer','0000-00-00 00:00:00','',0),(3049,15,60,'','15603049','HANDLE P 99.60 US32D P7703331',1,78,204545,294545,324000,0,0,0,'y','2017-05-08 14:44:32','developer','0000-00-00 00:00:00','',0),(3050,15,60,'','15603050','HANDLE P 99.62 GPUS32D P7703337',1,78,131818,216364,238000,0,0,0,'y','2017-05-08 14:44:33','developer','0000-00-00 00:00:00','',0),(3051,15,60,'','15603051','HANDLE P 99.63 US32D P7703340',1,78,177273,273182,300500,0,0,0,'y','2017-05-08 14:44:33','developer','0000-00-00 00:00:00','',0),(3052,15,60,'','15603052','HANDLE P.99.21 US32US32D P07703102',1,78,150000,230000,253000,0,0,0,'y','2017-05-08 14:44:33','developer','0000-00-00 00:00:00','',0),(3053,15,60,'','15603053','HANDLE P.99.23 US32D P07703108',1,78,136364,216818,238500,0,0,0,'y','2017-05-08 14:44:33','developer','0000-00-00 00:00:00','',0),(3054,15,60,'','15603054','HANDLE P.99.61 US32D P7703334',1,78,194317,323636,356000,0,0,0,'y','2017-05-08 14:44:33','developer','0000-00-00 00:00:00','',0),(3055,15,60,'','15603055','HANDLE P64.41 US32DB P0300881',1,78,371362,757273,833000,0,0,0,'y','2017-05-08 14:44:33','developer','0000-00-00 00:00:00','',0),(3056,15,60,'','15603056','HANDLE P64.42 US32US32D P0300882',1,78,345455,661818,728000,0,0,0,'y','2017-05-08 14:44:33','developer','0000-00-00 00:00:00','',0),(3057,15,60,'','15603057','HANDLE P64.44 US32US32D P0300884',1,78,490909,693636,763000,0,0,0,'y','2017-05-08 14:44:33','developer','0000-00-00 00:00:00','',0),(3058,15,60,'','15603058','HANDLE P91.01 US32US324 P0312302',1,78,131818,186364,205000,0,0,0,'y','2017-05-08 14:44:33','developer','0000-00-00 00:00:00','',0),(3059,15,60,'','15603059','HANDLE P91.02 US32D P0312305',1,78,109848,197273,217000,0,0,0,'y','2017-05-08 14:44:33','developer','0000-00-00 00:00:00','',0),(3060,15,60,'','15603060','HANDLE P91.03 US32D P0312308',1,78,107955,210000,231000,0,0,0,'y','2017-05-08 14:44:33','developer','0000-00-00 00:00:00','',0),(3061,15,60,'','15603061','HANDLE P99.48 ASUS32D P7703185',1,78,118182,206818,227500,0,0,0,'y','2017-05-08 14:44:34','developer','0000-00-00 00:00:00','',0),(3062,15,60,'','15603062','HANDLE PR99.38 US32D P7703158',1,78,154545,311818,343000,0,0,0,'y','2017-05-08 14:44:34','developer','0000-00-00 00:00:00','',0),(3063,15,60,'','15603063','HANDLE ROSE HRE 99.18US32US32D P7703089',1,78,136364,311818,343000,0,0,0,'y','2017-05-08 14:44:34','developer','0000-00-00 00:00:00','',0),(3064,15,60,'','15603064','HANDLE ROSE HRE 99.18US32US32D P7703089',1,78,136364,311818,343000,0,0,0,'y','2017-05-08 14:44:34','developer','0000-00-00 00:00:00','',0),(3065,15,60,'','15603065','HANDLE WITH LATCH CAM 632 GP P0803446',1,78,29364,50455,55501,0,0,0,'y','2017-05-08 14:44:34','developer','0000-00-00 00:00:00','',0),(3066,15,61,'','15613066','GEMBOK 30MM 818 LGP P0200372',1,78,14542,19091,21000,0,0,0,'y','2017-05-08 14:44:34','developer','0000-00-00 00:00:00','',0),(3067,15,61,'','15613067','GEMBOK 30MM 818CHR P0200382',1,78,13637,19091,21000,0,0,0,'y','2017-05-08 14:44:34','developer','0000-00-00 00:00:00','',0),(3068,15,61,'','15613068','GEMBOK 30MM 818GP P0200362',1,78,13637,17273,19000,0,0,0,'y','2017-05-08 14:44:34','developer','0000-00-00 00:00:00','',0),(3069,15,61,'','15613069','GEMBOK 30MM 819 GREY P0200402',1,78,9091,12273,13500,0,0,0,'y','2017-05-08 14:44:34','developer','0000-00-00 00:00:00','',0),(3070,15,61,'','15613070','GEMBOK 30MM 819L GREY P0200412',1,78,10000,12727,14000,0,0,0,'y','2017-05-08 14:44:34','developer','0000-00-00 00:00:00','',0),(3071,15,61,'','15613071','GEMBOK 40MM 809 SN P0200311',1,78,20910,30000,33000,0,0,0,'y','2017-05-08 14:44:34','developer','0000-00-00 00:00:00','',0),(3072,15,61,'','15613072','GEMBOK 40MM 809L SN P0200316',1,78,22728,31364,34500,0,0,0,'y','2017-05-08 14:44:34','developer','0000-00-00 00:00:00','',0),(3073,15,61,'','15613073','GEMBOK 40MM 817 US26D P0200356',1,78,106364,146364,161000,0,0,0,'y','2017-05-08 14:44:35','developer','0000-00-00 00:00:00','',0),(3074,15,61,'','15613074','GEMBOK 40MM 818 LCHR P0200393',1,78,16364,20909,23000,0,0,0,'y','2017-05-08 14:44:35','developer','0000-00-00 00:00:00','',0),(3075,15,61,'','15613075','GEMBOK 40MM 818 LGP P0200373',1,78,16364,20909,23000,0,0,0,'y','2017-05-08 14:44:35','developer','0000-00-00 00:00:00','',0),(3076,15,61,'','15613076','GEMBOK 40MM 818CHR P0200383',1,78,15455,21364,23500,0,0,0,'y','2017-05-08 14:44:35','developer','0000-00-00 00:00:00','',0),(3077,15,61,'','15613077','GEMBOK 40MM 818GP P0200363',1,78,15455,21364,23500,0,0,0,'y','2017-05-08 14:44:35','developer','0000-00-00 00:00:00','',0),(3078,15,61,'','15613078','GEMBOK 40MM 819 GREY P0200403',1,78,10909,15909,17500,0,0,0,'y','2017-05-08 14:44:35','developer','0000-00-00 00:00:00','',0),(3079,15,61,'','15613079','GEMBOK 40MM 819L GREY P0200413',1,78,11819,16818,18500,0,0,0,'y','2017-05-08 14:44:35','developer','0000-00-00 00:00:00','',0),(3080,15,61,'','15613080','GEMBOK 40MM 962CHR P7700341',1,78,31818,53182,58500,0,0,0,'y','2017-05-08 14:44:35','developer','0000-00-00 00:00:00','',0),(3081,15,61,'','15613081','GEMBOK 40MM A 807 SN P0200301',1,78,39091,54091,59500,0,0,0,'y','2017-05-08 14:44:35','developer','0000-00-00 00:00:00','',0),(3082,15,61,'','15613082','GEMBOK 40MM AS 808 SN P0200306',1,78,39091,55909,61500,0,0,0,'y','2017-05-08 14:44:35','developer','0000-00-00 00:00:00','',0),(3083,15,61,'','15613083','GEMBOK 50MM 809 SN P0200312',1,78,29091,40909,45000,0,0,0,'y','2017-05-08 14:44:36','developer','0000-00-00 00:00:00','',0),(3084,15,61,'','15613084','GEMBOK 50MM 809L SN P0200317',1,78,29931,42273,46500,0,0,0,'y','2017-05-08 14:44:36','developer','0000-00-00 00:00:00','',0),(3085,15,61,'','15613085','GEMBOK 50MM 817 US26D P0200357',1,78,130000,177273,195000,0,0,0,'y','2017-05-08 14:44:36','developer','0000-00-00 00:00:00','',0),(3086,15,61,'','15613086','GEMBOK 50MM 818 LCHR P0200394',1,78,28182,38182,42000,0,0,0,'y','2017-05-08 14:44:36','developer','0000-00-00 00:00:00','',0),(3087,15,61,'','15613087','GEMBOK 50MM 818 LGP P0200374',1,78,28182,38182,42000,0,0,0,'y','2017-05-08 14:44:36','developer','0000-00-00 00:00:00','',0),(3088,15,61,'','15613088','GEMBOK 50MM 818CHR P0200384',1,78,25455,35455,39001,0,0,0,'y','2017-05-08 14:44:36','developer','0000-00-00 00:00:00','',0),(3089,15,61,'','15613089','GEMBOK 50MM 818GP P0200364',1,78,23247,35455,39001,0,0,0,'y','2017-05-08 14:44:36','developer','0000-00-00 00:00:00','',0),(3090,15,61,'','15613090','GEMBOK 50MM 819 GREY P0200404',1,78,18182,25909,28500,0,0,0,'y','2017-05-08 14:44:36','developer','0000-00-00 00:00:00','',0),(3091,15,61,'','15613091','GEMBOK 50MM 819L GREY P0200414',1,78,20909,29091,32000,0,0,0,'y','2017-05-08 14:44:36','developer','0000-00-00 00:00:00','',0),(3092,15,61,'','15613092','GEMBOK 50MM 962CHR P7700342',1,78,44545,63636,70000,0,0,0,'y','2017-05-08 14:44:36','developer','0000-00-00 00:00:00','',0),(3093,15,61,'','15613093','GEMBOK 50MM A 807 SN P0200302',1,78,50000,68636,75500,0,0,0,'y','2017-05-08 14:44:36','developer','0000-00-00 00:00:00','',0),(3094,15,61,'','15613094','GEMBOK 50MM AS 808 SN P0200307',1,78,50000,68182,75000,0,0,0,'y','2017-05-08 14:44:36','developer','0000-00-00 00:00:00','',0),(3095,15,61,'','15613095','GEMBOK 50MM MK3 809 SN P0200314',1,78,110000,151818,167000,0,0,0,'y','2017-05-08 14:44:37','developer','0000-00-00 00:00:00','',0),(3096,15,61,'','15613096','GEMBOK 50MM MK3 SL 7806P CLR P0200023',1,78,167273,230455,253501,0,0,0,'y','2017-05-08 14:44:37','developer','0000-00-00 00:00:00','',0),(3097,15,61,'','15613097','GEMBOK 50MM MK5 809 SN P0200315',1,78,171818,236818,260500,0,0,0,'y','2017-05-08 14:44:37','developer','0000-00-00 00:00:00','',0),(3098,15,61,'','15613098','GEMBOK 50MM SL 7806P CLR P0200022',1,78,49091,69545,76500,0,0,0,'y','2017-05-08 14:44:37','developer','0000-00-00 00:00:00','',0),(3099,15,61,'','15613099','GEMBOK 60MM 809 SN P0200313',1,78,37273,51818,57000,0,0,0,'y','2017-05-08 14:44:37','developer','0000-00-00 00:00:00','',0),(3100,15,61,'','15613100','GEMBOK 60MM 809L SN P0200318',1,78,38182,54091,59500,0,0,0,'y','2017-05-08 14:44:37','developer','0000-00-00 00:00:00','',0),(3101,15,61,'','15613101','GEMBOK 60MM 817 US26D P0200358',1,78,137576,210909,232000,0,0,0,'y','2017-05-08 14:44:37','developer','0000-00-00 00:00:00','',0),(3102,15,61,'','15613102','GEMBOK 60MM 818CHR P0200385',1,78,33612,47273,52000,0,0,0,'y','2017-05-08 14:44:37','developer','0000-00-00 00:00:00','',0),(3103,15,61,'','15613103','GEMBOK 60MM 818GP P0200365',1,78,33636,47273,52000,0,0,0,'y','2017-05-08 14:44:37','developer','0000-00-00 00:00:00','',0),(3104,15,61,'','15613104','GEMBOK 60MM 819 GREY P0200405',1,78,27273,38182,42000,0,0,0,'y','2017-05-08 14:44:37','developer','0000-00-00 00:00:00','',0),(3105,15,61,'','15613105','GEMBOK 60MM 962CHR P7700343',1,78,49091,71364,78500,0,0,0,'y','2017-05-08 14:44:37','developer','0000-00-00 00:00:00','',0),(3106,15,61,'','15613106','GEMBOK 60MM A 807 SN P0200303',1,78,54545,75000,82500,0,0,0,'y','2017-05-08 14:44:38','developer','0000-00-00 00:00:00','',0),(3107,15,61,'','15613107','GEMBOK 60MM AS 808 SN P0200308',1,78,61818,85000,93500,0,0,0,'y','2017-05-08 14:44:38','developer','0000-00-00 00:00:00','',0),(3108,15,61,'','15613108','GEMBOK 96040MM SN P7700312',1,78,20910,28636,31500,0,0,0,'y','2017-05-08 14:44:38','developer','0000-00-00 00:00:00','',0),(3109,15,61,'','15613109','GEMBOK 96050MM MK3 SN P7700315',1,78,76318,150000,165000,0,0,0,'y','2017-05-08 14:44:38','developer','0000-00-00 00:00:00','',0),(3110,15,61,'','15613110','GEMBOK 96050MM MK5 SN P7700316',1,78,137996,234091,257500,0,0,0,'y','2017-05-08 14:44:38','developer','0000-00-00 00:00:00','',0),(3111,15,61,'','15613111','GEMBOK 96050MM SN P7700313',1,78,30000,41818,46000,0,0,0,'y','2017-05-08 14:44:38','developer','0000-00-00 00:00:00','',0),(3112,15,61,'','15613112','GEMBOK 96060MM SN P7700314',1,78,36364,50000,55000,0,0,0,'y','2017-05-08 14:44:38','developer','0000-00-00 00:00:00','',0),(3113,15,61,'','15613113','GEMBOK 961L40MM CHRSN P7700331',1,78,25910,43636,48000,0,0,0,'y','2017-05-08 14:44:38','developer','0000-00-00 00:00:00','',0),(3114,15,61,'','15613114','GEMBOK 961L50MM CHRSN P7700332',1,78,38182,52727,58000,0,0,0,'y','2017-05-08 14:44:38','developer','0000-00-00 00:00:00','',0),(3115,15,61,'','15613115','GEMBOK 961L60MM CHRSN P7700333',1,78,44545,61364,67500,0,0,0,'y','2017-05-08 14:44:39','developer','0000-00-00 00:00:00','',0),(3116,15,61,'','15613116','GEMBOK 96140MM CHRSN P7700325',1,78,27273,41364,45500,0,0,0,'y','2017-05-08 14:44:39','developer','0000-00-00 00:00:00','',0),(3117,15,61,'','15613117','GEMBOK 96150MM CHRSN P7700326',1,78,31091,50909,56000,0,0,0,'y','2017-05-08 14:44:39','developer','0000-00-00 00:00:00','',0),(3118,15,61,'','15613118','GEMBOK 96150MM MK3 CHRSN P7700328',1,78,85644,166818,183500,0,0,0,'y','2017-05-08 14:44:39','developer','0000-00-00 00:00:00','',0),(3119,15,61,'','15613119','GEMBOK 96150MM MK5 CHRSN P7700329',1,78,147903,265909,292500,0,0,0,'y','2017-05-08 14:44:39','developer','0000-00-00 00:00:00','',0),(3120,15,61,'','15613120','GEMBOK 96160MM CHRSN P7700327',1,78,38182,58636,64500,0,0,0,'y','2017-05-08 14:44:39','developer','0000-00-00 00:00:00','',0),(3121,15,61,'','15613121','GEMBOK NOMOR R7801 CLR P0200001',1,78,8183,10909,12000,0,0,0,'y','2017-05-08 14:44:39','developer','0000-00-00 00:00:00','',0),(3122,15,61,'','15613122','GEMBOK NOMOR R7803 CLR P0200010',1,78,8182,10909,12000,0,0,0,'y','2017-05-08 14:44:39','developer','0000-00-00 00:00:00','',0),(3123,15,61,'','15613123','GEMBOK R7819 CLR P0200151',1,78,8182,10909,12000,0,0,0,'y','2017-05-08 14:44:39','developer','0000-00-00 00:00:00','',0),(3124,15,61,'','15613124','GEMBOK R7820 CLR P0200152',1,78,8182,10909,12000,0,0,0,'y','2017-05-08 14:44:39','developer','0000-00-00 00:00:00','',0),(3125,15,61,'','15613125','GEMBOK R970 CLR P7700351',1,78,40383,76818,84500,0,0,0,'y','2017-05-08 14:44:40','developer','0000-00-00 00:00:00','',0),(3126,15,61,'','15613126','GEMBOK R971 CLR P7700352',1,78,30000,43636,48000,0,0,0,'y','2017-05-08 14:44:40','developer','0000-00-00 00:00:00','',0),(3127,15,61,'','15613127','GEMBOK R972 CLR P7700353',1,78,39091,58182,64000,0,0,0,'y','2017-05-08 14:44:40','developer','0000-00-00 00:00:00','',0),(3128,15,61,'','15613128','GEMBOK R973 CLR P7700354',1,78,39091,58182,64000,0,0,0,'y','2017-05-08 14:44:40','developer','0000-00-00 00:00:00','',0),(3129,15,61,'','15613129','GEMBOK R974 CLR P7700355',1,78,55455,78182,86000,0,0,0,'y','2017-05-08 14:44:40','developer','0000-00-00 00:00:00','',0),(3130,15,61,'','15613130','GEMBOK R981 CLR P7700362',1,78,29998,43636,48000,0,0,0,'y','2017-05-08 14:44:40','developer','0000-00-00 00:00:00','',0),(3131,15,61,'','15613131','GEMBOK R81360MM US26D P0200336',1,78,109091,150909,166000,0,0,0,'y','2017-05-08 14:44:40','developer','0000-00-00 00:00:00','',0),(3132,15,61,'','15613132','GEMBOK R81370MM US26D P0200337',1,78,124545,171364,188500,0,0,0,'y','2017-05-08 14:44:40','developer','0000-00-00 00:00:00','',0),(3133,15,61,'','15613133','GEMBOK R81380MM US26D P0200338',1,78,119182,201818,222000,0,0,0,'y','2017-05-08 14:44:40','developer','0000-00-00 00:00:00','',0),(3134,15,61,'','15613134','GRENDEL 610 4 CHR P0801006',1,78,40569,64545,71000,0,0,0,'y','2017-05-08 14:44:40','developer','0000-00-00 00:00:00','',0),(3135,15,61,'','15613135','GRENDEL 610 4 GP P0801005',1,78,34546,64545,71000,0,0,0,'y','2017-05-08 14:44:41','developer','0000-00-00 00:00:00','',0),(3136,15,61,'','15613136','GRENDEL 610 4SN P0801007',1,78,29091,64545,71000,0,0,0,'y','2017-05-08 14:44:41','developer','0000-00-00 00:00:00','',0),(3137,15,61,'','15613137','GRENDEL 611 4 CHR P0801016',1,78,34727,83636,92000,0,0,0,'y','2017-05-08 14:44:41','developer','0000-00-00 00:00:00','',0),(3138,15,61,'','15613138','GRENDEL 611 4 GP P0801015',1,78,40910,83636,92000,0,0,0,'y','2017-05-08 14:44:41','developer','0000-00-00 00:00:00','',0),(3139,15,61,'','15613139','GRENDEL 611 4 SN P0801017',1,78,44795,83636,92000,0,0,0,'y','2017-05-08 14:44:41','developer','0000-00-00 00:00:00','',0),(3140,15,61,'','15613140','GRENDEL ALUMUNIUM GT 315 12SN P0800101',1,78,25455,41818,46000,0,0,0,'y','2017-05-08 14:44:41','developer','0000-00-00 00:00:00','',0),(3141,15,61,'','15613141','GRENDEL G 220 P1100028',1,78,60546,158636,174500,0,0,0,'y','2017-05-08 14:44:41','developer','0000-00-00 00:00:00','',0),(3142,15,61,'','15613142','GRENDEL G 314 US32D P0801134',1,78,22727,35909,39500,0,0,0,'y','2017-05-08 14:44:41','developer','0000-00-00 00:00:00','',0),(3143,15,61,'','15613143','GRENDEL G 627 12 SN P0801052',1,78,50909,70000,77000,0,0,0,'y','2017-05-08 14:44:41','developer','0000-00-00 00:00:00','',0),(3144,15,61,'','15613144','GRENDEL G 627 2 CHR P0801042',1,78,13637,19545,21500,0,0,0,'y','2017-05-08 14:44:41','developer','0000-00-00 00:00:00','',0),(3145,15,61,'','15613145','GRENDEL G 627 2 GP P0801041',1,78,13637,19545,21500,0,0,0,'y','2017-05-08 14:44:41','developer','0000-00-00 00:00:00','',0),(3146,15,61,'','15613146','GRENDEL G 627 2 SN P0801043',1,78,13637,19545,21500,0,0,0,'y','2017-05-08 14:44:41','developer','0000-00-00 00:00:00','',0),(3147,15,61,'','15613147','GRENDEL G 627 3 CHR P0801046',1,78,18182,25455,28001,0,0,0,'y','2017-05-08 14:44:41','developer','0000-00-00 00:00:00','',0),(3148,15,61,'','15613148','GRENDEL G 627 3 GP P0801045',1,78,13791,25455,28001,0,0,0,'y','2017-05-08 14:44:42','developer','0000-00-00 00:00:00','',0),(3149,15,61,'','15613149','GRENDEL G 627 3 SN P0801047',1,78,18182,25455,28001,0,0,0,'y','2017-05-08 14:44:42','developer','0000-00-00 00:00:00','',0),(3150,15,61,'','15613150','GRENDEL G 802 HK 2 US26 P0801027',1,78,13637,21818,24000,0,0,0,'y','2017-05-08 14:44:42','developer','0000-00-00 00:00:00','',0),(3151,15,61,'','15613151','GRENDEL G 802 HK 2 US3 P0801026',1,78,13637,21818,24000,0,0,0,'y','2017-05-08 14:44:42','developer','0000-00-00 00:00:00','',0),(3152,15,61,'','15613152','GRENDEL G 802 HK 3 US26 P0801030',1,78,12727,25909,28500,0,0,0,'y','2017-05-08 14:44:42','developer','0000-00-00 00:00:00','',0),(3153,15,61,'','15613153','GRENDEL G 802 HK 6 US26 P0801139',1,78,40454,67727,74500,0,0,0,'y','2017-05-08 14:44:42','developer','0000-00-00 00:00:00','',0),(3154,15,61,'','15613154','GRENDEL G 804 2 US26 P0801021',1,78,14682,34545,38000,0,0,0,'y','2017-05-08 14:44:42','developer','0000-00-00 00:00:00','',0),(3155,15,61,'','15613155','GRENDEL G 804 2 US3 P0801020',1,78,13636,34545,38000,0,0,0,'y','2017-05-08 14:44:42','developer','0000-00-00 00:00:00','',0),(3156,15,61,'','15613156','GRENDEL G 926  2 SN P7700811',1,78,19091,39091,43000,0,0,0,'y','2017-05-08 14:44:42','developer','0000-00-00 00:00:00','',0),(3157,15,61,'','15613157','GRENDEL INDIKATOR G 310 U32D P0801133',1,78,17705,45909,50500,0,0,0,'y','2017-05-08 14:44:42','developer','0000-00-00 00:00:00','',0),(3158,15,61,'','15613158','GRENDEL RANTAI GR 801 A P0801386',1,78,37266,61818,68000,0,0,0,'y','2017-05-08 14:44:42','developer','0000-00-00 00:00:00','',0),(3159,15,61,'','15613159','GRENDEL RANTAI GR 801 CHR P0801387',1,78,30000,61818,68000,0,0,0,'y','2017-05-08 14:44:42','developer','0000-00-00 00:00:00','',0),(3160,15,61,'','15613160','GRENDEL RANTAI GR 801 GP P0801384',1,78,23317,61818,68000,0,0,0,'y','2017-05-08 14:44:43','developer','0000-00-00 00:00:00','',0),(3161,15,61,'','15613161','GRENDEL RANTAI GR 801 SN P0801388',1,78,37273,61818,68000,0,0,0,'y','2017-05-08 14:44:43','developer','0000-00-00 00:00:00','',0),(3162,15,61,'','15613162','GRENDEL SLIDING G 703 DB P0801161',1,78,10000,14091,15500,0,0,0,'y','2017-05-08 14:44:43','developer','0000-00-00 00:00:00','',0),(3163,15,61,'','15613163','GRENDEL SLIDING G 703 SN P0801162',1,78,9961,14091,15500,0,0,0,'y','2017-05-08 14:44:43','developer','0000-00-00 00:00:00','',0),(3164,15,61,'','15613164','GRENDEL TANAM 312 24 US26 P0800008',1,78,160909,231364,254500,0,0,0,'y','2017-05-08 14:44:43','developer','0000-00-00 00:00:00','',0),(3165,15,61,'','15613165','GRENDEL TANAM 313 6 US32D P0800014',1,78,53182,123636,136000,0,0,0,'y','2017-05-08 14:44:43','developer','0000-00-00 00:00:00','',0),(3166,15,61,'','15613166','GRENDEL TANAM 644 12 US32D P0800026',1,78,66364,93636,103000,0,0,0,'y','2017-05-08 14:44:43','developer','0000-00-00 00:00:00','',0),(3167,15,61,'','15613167','GRENDEL TANAM 644 6 US32D P0800025',1,78,50000,70000,77000,0,0,0,'y','2017-05-08 14:44:43','developer','0000-00-00 00:00:00','',0),(3168,15,61,'','15613168','GRENDEL TANAM GT 312 12 US26 P0800006',1,78,80779,120000,132000,0,0,0,'y','2017-05-08 14:44:43','developer','0000-00-00 00:00:00','',0),(3169,15,61,'','15613169','GRENDEL TANAM GT 312 12 US3 P0800002',1,78,45455,97273,107000,0,0,0,'y','2017-05-08 14:44:43','developer','0000-00-00 00:00:00','',0),(3170,15,61,'','15613170','GRENDEL TANAM GT 312 16 US26 P0800007',1,78,104546,171818,189000,0,0,0,'y','2017-05-08 14:44:44','developer','0000-00-00 00:00:00','',0),(3171,15,61,'','15613171','GRENDEL TANAM GT 312 16 US3 P0800003',1,78,77781,150000,165000,0,0,0,'y','2017-05-08 14:44:44','developer','0000-00-00 00:00:00','',0),(3172,15,61,'','15613172','GRENDEL TANAM GT 312 6 US26 P0800005',1,78,54529,80000,88000,0,0,0,'y','2017-05-08 14:44:44','developer','0000-00-00 00:00:00','',0),(3173,15,61,'','15613173','GRENDEL TANAM GT 312 6 US3 P0800001',1,78,38077,69091,76000,0,0,0,'y','2017-05-08 14:44:44','developer','0000-00-00 00:00:00','',0),(3174,15,61,'','15613174','GRENDEL WC G 316 3 CHR P0801143',1,78,15545,35000,38500,0,0,0,'y','2017-05-08 14:44:44','developer','0000-00-00 00:00:00','',0),(3175,15,61,'','15613175','GRENDEL WC G 316 3 GP P0801142',1,78,15546,35000,38500,0,0,0,'y','2017-05-08 14:44:44','developer','0000-00-00 00:00:00','',0),(3176,15,61,'','15613176','GRENDEL WC G 317 4 US32D P0801144',1,78,19018,34545,38000,0,0,0,'y','2017-05-08 14:44:44','developer','0000-00-00 00:00:00','',0);

/*Table structure for table `m_brand` */

DROP TABLE IF EXISTS `m_brand`;

CREATE TABLE `m_brand` (
  `brand_id` int(11) NOT NULL AUTO_INCREMENT,
  `brand_nama` varchar(255) DEFAULT NULL,
  `brand_status_aktif` char(1) NOT NULL,
  `brand_create_date` datetime NOT NULL DEFAULT '0000-00-00 00:00:00',
  `brand_create_by` varchar(255) NOT NULL,
  `brand_update_date` datetime DEFAULT NULL,
  `brand_update_by` varchar(255) DEFAULT NULL,
  `brand_revised` int(11) DEFAULT NULL,
  PRIMARY KEY (`brand_id`)
) ENGINE=InnoDB AUTO_INCREMENT=79 DEFAULT CHARSET=latin1;

/*Data for the table `m_brand` */

insert  into `m_brand`(`brand_id`,`brand_nama`,`brand_status_aktif`,`brand_create_date`,`brand_create_by`,`brand_update_date`,`brand_update_by`,`brand_revised`) values (1,'MAKITA','y','2017-04-20 15:00:59','developer','2017-04-20 15:00:59','developer',0),(2,'MAKTEC','y','2017-04-20 15:01:00','developer','2017-04-20 15:01:00','developer',0),(3,'DCA','y','2017-04-20 15:01:00','developer','2017-04-20 15:01:00','developer',0),(4,'BOSCH','y','2017-04-20 15:01:02','developer','2017-04-20 15:01:02','developer',0),(5,'JASON','y','2017-04-20 15:01:03','developer','2017-04-20 15:01:03','developer',0),(6,'BULLOCK','y','2017-04-20 15:01:10','developer','2017-04-20 15:01:10','developer',0),(7,'CITICON','y','2017-04-20 15:01:17','developer','2017-04-20 15:01:17','developer',0),(8,'MASPION','y','2017-04-20 15:01:19','developer','2017-04-20 15:01:19','developer',0),(9,'MELZER','y','2017-04-20 15:01:20','developer','2017-04-20 15:01:20','developer',0),(10,'MITUTOYO','y','2017-04-20 15:01:20','developer','2017-04-20 15:01:20','developer',0),(11,'CONSTANT','y','2017-04-20 15:01:20','developer','2017-04-20 15:01:20','developer',0),(12,'NICHOLSON','y','2017-04-20 15:01:23','developer','2017-04-20 15:01:23','developer',0),(13,'NACHI','y','2017-04-20 15:01:24','developer','2017-04-20 15:01:24','developer',0),(14,'SKC','y','2017-04-20 15:01:26','developer','2017-04-20 15:01:26','developer',0),(15,'LONCIN','y','2017-04-20 15:01:28','developer','2017-04-20 15:01:28','developer',0),(16,'HONDA ','y','2017-04-20 15:01:28','developer','2017-04-20 15:01:28','developer',0),(17,'YOKOHAMA','y','2017-04-20 15:01:28','developer','2017-04-20 15:01:28','developer',0),(18,'IWARA','y','2017-04-20 15:01:28','developer','2017-04-20 15:01:28','developer',0),(19,'LAKONI','y','2017-04-20 15:01:28','developer','2017-04-20 15:01:28','developer',0),(20,'SANYO','y','2017-04-20 15:01:28','developer','2017-04-20 15:01:28','developer',0),(21,'LOCTITE','y','2017-04-20 15:01:28','developer','2017-04-20 15:01:28','developer',0),(22,'DALTON','y','2017-04-20 15:01:28','developer','2017-04-20 15:01:28','developer',0),(23,'RRT','y','2017-04-20 15:01:29','developer','2017-04-20 15:01:29','developer',0),(24,'PANERISE','y','2017-04-20 15:01:30','developer','2017-04-20 15:01:30','developer',0),(25,'KAWAT LAS','y','2017-04-20 15:01:31','developer','2017-04-20 15:01:31','developer',0),(26,'HELM','y','2017-04-20 15:01:31','developer','2017-04-20 15:01:31','developer',0),(27,'MASKER','y','2017-04-20 15:01:32','developer','2017-04-20 15:01:32','developer',0),(28,'PANFIX','y','2017-04-20 15:01:33','developer','2017-04-20 15:01:33','developer',0),(29,'SARUNG TGN','y','2017-04-20 15:01:34','developer','2017-04-20 15:01:34','developer',0),(30,'AP BOOTS','y','2017-04-20 15:01:34','developer','2017-04-20 15:01:34','developer',0),(31,'YAN FIRE','y','2017-04-20 15:01:35','developer','2017-04-20 15:01:35','developer',0),(32,'RODA','y','2017-04-20 15:01:35','developer','2017-04-20 15:01:35','developer',0),(33,'RANTAI','y','2017-04-20 15:01:40','developer','2017-04-20 15:01:40','developer',0),(34,'KAWAT SELING','y','2017-04-20 15:01:41','developer','2017-04-20 15:01:41','developer',0),(35,'PHILIPS','y','2017-04-20 15:01:42','developer','2017-04-20 15:01:42','developer',0),(36,' BROCO','y','2017-04-20 15:01:44','developer','2017-04-20 15:01:44','developer',0),(37,'EVEREADY','y','2017-04-20 15:01:46','developer','2017-04-20 15:01:46','developer',0),(38,'ETERNA','y','2017-04-20 15:01:46','developer','2017-04-20 15:01:46','developer',0),(39,'UTICON','y','2017-04-20 15:01:47','developer','2017-04-20 15:01:47','developer',0),(40,'IMUNDEX','y','2017-04-20 15:01:54','developer','2017-04-20 15:01:54','developer',0),(41,'ASIA','y','2017-04-20 15:01:55','developer','2017-04-20 15:01:55','developer',0),(42,'ALCO','y','2017-04-20 15:02:03','developer','2017-04-20 15:02:03','developer',0),(43,'ROMAN','y','2017-04-20 15:02:03','developer','2017-04-20 15:02:03','developer',0),(44,'PLATINUM','y','2017-04-20 15:02:03','developer','2017-04-20 15:02:03','developer',0),(45,'sandimas','y','2017-04-20 15:02:22','developer','2017-04-20 15:02:22','developer',0),(46,'DULUX CATYLAC','y','2017-04-20 15:02:23','developer','2017-04-20 15:02:23','developer',0),(47,'JOTUN','y','2017-04-20 15:02:23','developer','2017-04-20 15:02:23','developer',0),(48,'MOWILEX','y','2017-04-20 15:02:26','developer','2017-04-20 15:02:26','developer',0),(49,'PROPAN','y','2017-04-20 15:02:26','developer','2017-04-20 15:02:26','developer',0),(50,'NIPPON','y','2017-04-20 15:02:28','developer','2017-04-20 15:02:28','developer',0),(51,'PARAGON','y','2017-04-20 15:02:30','developer','2017-04-20 15:02:30','developer',0),(52,'ELASTEX','y','2017-04-20 15:02:30','developer','2017-04-20 15:02:30','developer',0),(53,'TIGA RODA','y','2017-04-20 15:02:31','developer','2017-04-20 15:02:31','developer',0),(54,'SIKA','y','2017-04-20 15:02:32','developer','2017-04-20 15:02:32','developer',0),(55,'RAJAWALI','y','2017-04-20 15:02:33','developer','2017-04-20 15:02:33','developer',0),(56,'AM','y','2017-04-20 15:02:33','developer','2017-04-20 15:02:33','developer',0),(57,'MU','y','2017-04-20 15:02:35','developer','2017-04-20 15:02:35','developer',0),(58,'LAIN-LAIN','y','2017-04-20 15:02:35','developer','2017-04-20 15:02:35','developer',0),(59,'MULIA','y','2017-04-20 15:02:35','developer','2017-04-20 15:02:35','developer',0),(60,'QUEEN','y','2017-04-20 15:02:36','developer','2017-04-20 15:02:36','developer',0),(61,'PROFIL','y','2017-04-20 15:02:36','developer','2017-04-20 15:02:36','developer',0),(62,'KDK','y','2017-04-20 15:02:36','developer','2017-04-20 15:02:36','developer',0),(63,'SPECTEK','y','2017-04-20 15:02:37','developer','2017-04-20 15:02:37','developer',0),(64,'AER','y','2017-04-20 15:02:37','developer','2017-04-20 15:02:37','developer',0),(65,'ONDA','y','2017-04-20 15:02:43','developer','2017-04-20 15:02:43','developer',0),(66,'TOTO','y','2017-04-20 15:02:50','developer','2017-04-20 15:02:50','developer',0),(67,'ORCHARD','y','2017-04-20 15:02:51','developer','2017-04-20 15:02:51','developer',0),(68,'OULU','y','2017-04-20 15:02:51','developer','2017-04-20 15:02:51','developer',0),(69,'ROYAL','y','2017-04-20 15:02:51','developer','2017-04-20 15:02:51','developer',0),(70,'DUTY','y','2017-04-20 15:02:52','developer','2017-04-20 15:02:52','developer',0),(71,'CASTELLI','y','2017-04-20 15:02:53','developer','2017-04-20 15:02:53','developer',0),(72,'DOMO','y','2017-04-20 15:02:53','developer','2017-04-20 15:02:53','developer',0),(73,'ARISTON','y','2017-04-20 15:02:53','developer','2017-04-20 15:02:53','developer',0),(74,'MODENA','y','2017-04-20 15:02:54','developer','2017-04-20 15:02:54','developer',0),(75,'WASSER','y','2017-04-20 15:02:54','developer','2017-04-20 15:02:54','developer',0),(76,'SHIMIZU','y','2017-04-20 15:02:54','developer','2017-04-20 15:02:54','developer',0),(77,'ANGZ','y','2017-04-20 15:02:55','developer','2017-04-20 15:02:55','developer',0),(78,'SOLID','y','2017-04-20 15:02:57','developer','2017-04-20 15:02:57','developer',0);

/*Table structure for table `m_cabang` */

DROP TABLE IF EXISTS `m_cabang`;

CREATE TABLE `m_cabang` (
  `cabang_id` int(11) NOT NULL AUTO_INCREMENT,
  `cabang_nama` varchar(255) NOT NULL,
  `cabang_alamat` varchar(255) NOT NULL,
  `cabang_kota` varchar(255) NOT NULL,
  `cabang_telepon` varchar(255) NOT NULL,
  `cabang_fax` varchar(255) DEFAULT NULL,
  `cabang_email` varchar(255) DEFAULT NULL,
  `cabang_status_aktif` char(1) NOT NULL,
  `cabang_create_date` datetime NOT NULL DEFAULT '0000-00-00 00:00:00',
  `cabang_create_by` varchar(255) NOT NULL,
  `cabang_update_date` datetime DEFAULT NULL ON UPDATE CURRENT_TIMESTAMP,
  `cabang_update_by` varchar(255) DEFAULT NULL,
  `cabang_revised` int(11) DEFAULT NULL,
  PRIMARY KEY (`cabang_id`)
) ENGINE=InnoDB AUTO_INCREMENT=5 DEFAULT CHARSET=latin1;

/*Data for the table `m_cabang` */

insert  into `m_cabang`(`cabang_id`,`cabang_nama`,`cabang_alamat`,`cabang_kota`,`cabang_telepon`,`cabang_fax`,`cabang_email`,`cabang_status_aktif`,`cabang_create_date`,`cabang_create_by`,`cabang_update_date`,`cabang_update_by`,`cabang_revised`) values (1,'PT. TEKNIK ANDHALAN NUSANTARA GLOBAL','JL. KARTINI NO 41 - 45','3525','[\"031. 3974785 / 3972222 (fax)\"]','[\"031\"]','[\"cabang1@gmail.com\"]','y','2017-02-15 17:56:36','developer','2017-05-02 14:58:02','developer',1),(3,'Cabang 3','Alamat Cabang','1107','[\"0218412487142\",\"08364238733\",\"0384834934342\"]','[\"04783246932\",\"08324234234\"]','[\"cabang3@gmail.com\",\"cabang_3@cabang.com\"]','n','2017-02-17 10:55:43','developer','2017-02-20 14:38:41','developer',5),(4,'CABANG1TEST','CABANG1ALAMAT','3578','[\"11111\"]','[\"1111\"]','[\"email@email.com\"]','y','2017-04-17 12:36:29','developer','2017-04-17 12:36:38','developer',1);

/*Table structure for table `m_category_2` */

DROP TABLE IF EXISTS `m_category_2`;

CREATE TABLE `m_category_2` (
  `category_2_id` int(11) NOT NULL AUTO_INCREMENT,
  `m_jenis_barang_id` int(11) DEFAULT NULL,
  `category_2_nama` varchar(255) NOT NULL,
  `category_2_status_aktif` char(1) NOT NULL,
  `category_2_create_date` datetime NOT NULL DEFAULT '0000-00-00 00:00:00',
  `category_2_create_by` varchar(255) NOT NULL,
  `category_2_update_date` datetime DEFAULT NULL,
  `category_2_update_by` varchar(255) DEFAULT NULL,
  `category_2_revised` int(11) DEFAULT NULL,
  PRIMARY KEY (`category_2_id`)
) ENGINE=InnoDB AUTO_INCREMENT=62 DEFAULT CHARSET=latin1;

/*Data for the table `m_category_2` */

insert  into `m_category_2`(`category_2_id`,`m_jenis_barang_id`,`category_2_nama`,`category_2_status_aktif`,`category_2_create_date`,`category_2_create_by`,`category_2_update_date`,`category_2_update_by`,`category_2_revised`) values (1,1,'Mesin Bor','y','2017-05-02 22:59:00','developer','2017-05-02 22:59:00','developer',0),(2,1,'Mesin Potong','y','2017-05-02 22:59:01','developer','2017-05-02 22:59:01','developer',0),(3,1,'Mesin Finishing','y','2017-05-02 22:59:02','developer','2017-05-02 22:59:02','developer',0),(4,2,'Catok & Klem','y','2017-05-02 22:59:03','developer','2017-05-02 22:59:03','developer',0),(5,2,'Palu','y','2017-05-02 22:59:03','developer','2017-05-02 22:59:03','developer',0),(6,2,'Tang','y','2017-05-02 22:59:04','developer','2017-05-02 22:59:04','developer',0),(7,2,'Obeng','y','2017-05-02 22:59:06','developer','2017-05-02 22:59:06','developer',0),(8,2,'Kunci Sock','y','2017-05-02 22:59:08','developer','2017-05-02 22:59:08','developer',0),(9,2,'Kunci','y','2017-05-02 22:59:11','developer','2017-05-02 22:59:11','developer',0),(10,2,'Kunci L','y','2017-05-02 22:59:13','developer','2017-05-02 22:59:13','developer',0),(11,2,'Alat Potong','y','2017-05-02 22:59:14','developer','2017-05-02 22:59:14','developer',0),(12,2,'Alat Finishing','y','2017-05-02 22:59:15','developer','2017-05-02 22:59:15','developer',0),(13,2,'Tool Box ','y','2017-05-02 22:59:16','developer','2017-05-02 22:59:16','developer',0),(14,2,'Alat Ukur','y','2017-05-02 22:59:16','developer','2017-05-02 22:59:16','developer',0),(15,3,'Mata Bor','y','2017-05-02 22:59:19','developer','2017-05-02 22:59:19','developer',0),(16,3,'Mata Potong','y','2017-05-02 22:59:22','developer','2017-05-02 22:59:22','developer',0),(17,3,'Mata Ketok','y','2017-05-02 22:59:23','developer','2017-05-02 22:59:23','developer',0),(18,3,'Handtaps & Snei','y','2017-05-02 22:59:23','developer','2017-05-02 22:59:23','developer',0),(19,3,'Finishing','y','2017-05-02 22:59:24','developer','2017-05-02 22:59:24','developer',0),(20,4,'Generator','y','2017-05-02 22:59:25','developer','2017-05-02 22:59:25','developer',0),(21,4,'Engine ','y','2017-05-02 22:59:26','developer','2017-05-02 22:59:26','developer',0),(22,4,'Mesin Pompa','y','2017-05-02 22:59:26','developer','2017-05-02 22:59:26','developer',0),(23,4,'Mesin Segel','y','2017-05-02 22:59:26','developer','2017-05-02 22:59:26','developer',0),(24,4,'Blower','y','2017-05-02 22:59:26','developer','2017-05-02 22:59:26','developer',0),(25,4,'Mesin Pembersih','y','2017-05-02 22:59:26','developer','2017-05-02 22:59:26','developer',0),(26,4,'Pelumas ','y','2017-05-02 22:59:26','developer','2017-05-02 22:59:26','developer',0),(27,5,'Mesin Kompresor','y','2017-05-02 22:59:26','developer','2017-05-02 22:59:26','developer',0),(28,5,'Aksesoris Kompresor','y','2017-05-02 22:59:26','developer','2017-05-02 22:59:26','developer',0),(29,6,'Mesin Las','y','2017-05-02 22:59:27','developer','2017-05-02 22:59:27','developer',0),(30,6,'Aksesoris Mesin Las','y','2017-05-02 22:59:28','developer','2017-05-02 22:59:28','developer',0),(31,6,'Kawat Las','y','2017-05-02 22:59:29','developer','2017-05-02 22:59:29','developer',0),(32,7,'Alat Pelindung Diri','y','2017-05-02 22:59:29','developer','2017-05-02 22:59:29','developer',0),(33,7,'Alat Pemadam','y','2017-05-02 22:59:32','developer','2017-05-02 22:59:32','developer',0),(34,8,'Roda','y','2017-05-02 22:59:32','developer','2017-05-02 22:59:32','developer',0),(35,8,'Dongkrak & Aksesoris','y','2017-05-02 22:59:34','developer','2017-05-02 22:59:34','developer',0),(36,8,'Chainblock','y','2017-05-02 22:59:35','developer','2017-05-02 22:59:35','developer',0),(37,8,'Aksesoris','y','2017-05-02 22:59:35','developer','2017-05-02 22:59:35','developer',0),(38,9,'Lampu ','y','2017-05-02 22:59:36','developer','2017-05-02 22:59:36','developer',0),(39,9,'Fitting Lampu','y','2017-05-02 22:59:36','developer','2017-05-02 22:59:36','developer',0),(40,9,'Baterai','y','2017-05-02 22:59:37','developer','2017-05-02 22:59:37','developer',0),(41,9,'Kabel','y','2017-05-02 22:59:37','developer','2017-05-02 22:59:37','developer',0),(42,9,'Saklar','y','2017-05-02 22:59:38','developer','2017-05-02 22:59:38','developer',0),(43,10,'Tile','y','2017-05-02 22:59:40','developer','2017-05-02 22:59:40','developer',0),(44,10,'Granite Tile','y','2017-05-02 22:59:56','developer','2017-05-02 22:59:56','developer',0),(45,11,'Paint','y','2017-05-02 22:59:57','developer','2017-05-02 22:59:57','developer',0),(46,11,'Waterproof','y','2017-05-02 23:00:05','developer','2017-05-02 23:00:05','developer',0),(47,12,'Semen ','y','2017-05-02 23:00:06','developer','2017-05-02 23:00:06','developer',0),(48,12,'Bata Ringan','y','2017-05-02 23:00:08','developer','2017-05-02 23:00:08','developer',0),(49,12,'Glassblock','y','2017-05-02 23:00:08','developer','2017-05-02 23:00:08','developer',0),(50,12,'Tangga','y','2017-05-02 23:00:08','developer','2017-05-02 23:00:08','developer',0),(51,12,'Tandon Air','y','2017-05-02 23:00:09','developer','2017-05-02 23:00:09','developer',0),(52,12,'Kipas Angin','y','2017-05-02 23:00:09','developer','2017-05-02 23:00:09','developer',0),(53,13,'Kran','y','2017-05-02 23:00:09','developer','2017-05-02 23:00:09','developer',0),(54,13,'Wastafel','y','2017-05-02 23:00:20','developer','2017-05-02 23:00:20','developer',0),(55,13,'Closet','y','2017-05-02 23:00:21','developer','2017-05-02 23:00:21','developer',0),(56,13,'Perlengkapan','y','2017-05-02 23:00:22','developer','2017-05-02 23:00:22','developer',0),(57,14,'Water Heater','y','2017-05-02 23:00:22','developer','2017-05-02 23:00:22','developer',0),(58,14,'Pompa Air','y','2017-05-02 23:00:23','developer','2017-05-02 23:00:23','developer',0),(59,15,'Pintu','y','2017-05-02 23:00:24','developer','2017-05-02 23:00:24','developer',0),(60,15,'Handle & Engsel','y','2017-05-02 23:00:28','developer','2017-05-02 23:00:28','developer',0),(61,15,'Gembok','y','2017-05-02 23:00:39','developer','2017-05-02 23:00:39','developer',0);

/*Table structure for table `m_coa` */

DROP TABLE IF EXISTS `m_coa`;

CREATE TABLE `m_coa` (
  `coa_id` int(11) NOT NULL AUTO_INCREMENT,
  `coa_kode` int(255) NOT NULL,
  `coa_header` int(11) DEFAULT '0',
  `coa_subheader` int(11) DEFAULT '0',
  `coa_nama` varchar(255) DEFAULT NULL,
  `coa_tipe` int(11) DEFAULT NULL COMMENT '1 Header, 2 Sub Header, 3 Nama Perkiraan',
  `coa_keterangan` varchar(255) DEFAULT NULL,
  PRIMARY KEY (`coa_id`,`coa_kode`)
) ENGINE=MyISAM AUTO_INCREMENT=181 DEFAULT CHARSET=latin1;

/*Data for the table `m_coa` */

insert  into `m_coa`(`coa_id`,`coa_kode`,`coa_header`,`coa_subheader`,`coa_nama`,`coa_tipe`,`coa_keterangan`) values (1,111000,0,0,'KAS DAN SETARA KAS',1,'CURRENT ASSETS'),(2,111001,1,0,'Kas Besar',3,'CURRENT ASSETS'),(3,111002,1,0,'Kas Kecil',3,'CURRENT ASSETS'),(4,111003,1,0,'Kas Proyek',3,'CURRENT ASSETS'),(5,111999,1,0,'Ayat Silang Kas',3,'CURRENT ASSETS'),(6,112001,1,0,'BCA',3,'CURRENT ASSETS'),(7,112999,1,0,'Ayat Silang Bank',3,'CURRENT ASSETS'),(8,113000,0,0,'PIUTANG USAHA',1,'CURRENT ASSETS'),(9,113001,8,0,'Piutang Usaha',3,'CURRENT ASSETS'),(10,113201,8,0,'Piutang Giro',3,'CURRENT ASSETS'),(11,114000,0,0,'PIUTANG LAIN',1,'CURRENT ASSETS'),(12,114001,11,0,'Piutang Karyawan',3,'CURRENT ASSETS'),(13,114101,11,0,'Piutang Pemegang Saham',3,'CURRENT ASSETS'),(14,114201,11,0,'Piutang Pihak III',3,'CURRENT ASSETS'),(15,114999,11,0,'Piutang Lain -Lain',3,'CURRENT ASSETS'),(16,115000,0,0,'PERSEDIAAN',1,'CURRENT ASSETS'),(17,115001,16,0,'Persediaan Barang Jadi',3,'CURRENT ASSETS'),(18,115002,16,0,'Persediaan Barang Dalam Proses',3,'CURRENT ASSETS'),(19,115003,16,0,'Persediaan Bahan Baku',3,'CURRENT ASSETS'),(20,116000,0,0,'UANG MUKA PEMBELIAN',1,'CURRENT ASSETS'),(21,116001,20,0,'Uang Muka Pembelian Bahan',3,'CURRENT ASSETS'),(22,116002,20,0,'Uang Muka Pembelian Aset',3,'CURRENT ASSETS'),(23,117100,0,0,'PAJAK DIBAYAR DI MUKA',1,'CURRENT ASSETS'),(24,117101,23,0,'PPN Masukan',3,'CURRENT ASSETS'),(25,117102,23,0,'PPN Masukan Diperhitungkan',3,'CURRENT ASSETS'),(26,117201,23,0,'PPh Pasal 22',3,'CURRENT ASSETS'),(27,117202,23,0,'PPh Pasal 23',3,'CURRENT ASSETS'),(28,117203,23,0,'PPh Pasal 25',3,'CURRENT ASSETS'),(29,118000,0,0,'BIAYA DIBAYAR DI MUKA',1,'CURRENT ASSETS'),(30,118001,29,0,'Sewa Dibayar di Muka',3,'CURRENT ASSETS'),(31,118002,29,0,'Asuransi Dibayar di Muka',3,'CURRENT ASSETS'),(32,118003,29,0,'Biaya Dibayar di Muka lainnya',3,'CURRENT ASSETS'),(33,120000,0,0,'ASET TETAP',1,'FIXED ASSETS'),(34,121000,33,0,'HARGA PEROLEHAN',2,'FIXED ASSETS'),(35,121001,33,34,'Tanah',3,'FIXED ASSETS'),(36,121002,33,34,'Bangunan',3,'FIXED ASSETS'),(37,121003,33,34,'Mesin',3,'FIXED ASSETS'),(38,121004,33,34,'Peralatan Pabrik',3,'FIXED ASSETS'),(39,121005,33,34,'Inventaris Kantor',3,'FIXED ASSETS'),(40,121006,33,34,'Kendaraan',3,'FIXED ASSETS'),(41,121007,33,34,'Instalasi Listrik',3,'FIXED ASSETS'),(42,122000,33,0,'AKUMULASI PENYUSUTAN',2,'FIXED ASSETS'),(43,122002,33,42,'Akumulasi Penyusutan Bangunan',3,'FIXED ASSETS'),(44,122003,33,42,'Akumulasi Penyusutan Mesin',3,'FIXED ASSETS'),(45,122004,33,42,'Akumulasi Penyusutan Peralatan Pabrik',3,'FIXED ASSETS'),(46,122005,33,42,'Akumulasi Penyusutan Inventaris Kantor',3,'FIXED ASSETS'),(47,122006,33,42,'Akumulasi Penyusutan Kendaraan',3,'FIXED ASSETS'),(48,123000,0,0,'ASET DALAM PENYELESAIAN',1,'OTHER ASSETS'),(49,123001,48,0,'Bangunan dalam Penyelesaian',3,'OTHER ASSETS'),(50,123002,48,0,'Mesin dalam Penyelesaian',3,'OTHER ASSETS'),(51,211000,0,0,'HUTANG USAHA',1,'CURRENT LIABILITIES'),(52,211001,51,0,'Hutang Usaha',3,'CURRENT LIABILITIES'),(53,211002,51,0,'Hutang Giro',3,'CURRENT LIABILITIES'),(54,212000,0,0,'UANG MUKA PENJUALAN',1,'CURRENT LIABILITIES'),(55,212001,54,0,'Uang Muka Penjualan',3,'CURRENT LIABILITIES'),(56,213000,0,0,'BIAYA YANG MASIH HARUS DIBAYAR',1,'CURRENT LIABILITIES'),(57,213001,56,0,'Angkutan Ymh. Dibayar',3,'CURRENT LIABILITIES'),(58,213002,56,0,'Biaya Gaji Ymh. Dibayar',3,'CURRENT LIABILITIES'),(59,213003,56,0,'Biaya Ymh. Dibayar lainnya',3,'CURRENT LIABILITIES'),(60,214100,0,0,'HUTANG PAJAK',1,'CURRENT LIABILITIES'),(61,214101,60,0,'PPN Keluaran',3,'CURRENT LIABILITIES'),(62,214102,60,0,'PPN Keluaran Diperhitungkan',3,'CURRENT LIABILITIES'),(63,214103,60,0,'PPh Pasal 21',3,'CURRENT LIABILITIES'),(64,214104,60,0,'PPh Pasal 23',3,'CURRENT LIABILITIES'),(65,214105,60,0,'PPh Pasal 25',3,'CURRENT LIABILITIES'),(66,215000,0,0,'HUTANG BANK',1,'OTHERS LIABILITIES'),(67,215001,66,0,'Hutang Bank ',3,'OTHERS LIABILITIES'),(68,216000,0,0,'HUTANG LAIN',1,'OTHERS LIABILITIES'),(69,216001,68,0,'Hutang Pemegang Saham',3,'OTHERS LIABILITIES'),(70,216101,68,0,'Hutang Pembelian Aset',3,'OTHERS LIABILITIES'),(71,216201,68,0,'Hutang Pihak III',3,'OTHERS LIABILITIES'),(72,216999,68,0,'Hutang Lain -Lain',3,'OTHERS LIABILITIES'),(73,311000,0,0,'EKUITAS',1,'EQUITY'),(74,311001,74,0,'Modal',3,'EQUITY'),(75,312001,74,0,'Laba s/d Tahun Lalu',3,'EQUITY'),(76,312002,74,0,'Penyesuaian Saldo Laba',3,'EQUITY'),(77,411000,0,0,'PENJUALAN',1,''),(78,411001,78,0,'Penjualan',3,'PENJUALAN'),(79,412001,78,0,'Retur Penjualan',3,'PENJUALAN'),(80,413001,78,0,'Potongan Penjualan',3,'PENJUALAN'),(81,421001,78,0,'Penjualan Bahan',3,'PENJUALAN'),(82,510000,0,0,'BEBAN POKOK PENJUALAN',1,''),(83,510100,82,0,'Beban Pokok Penjualan - Standar',3,'HARGA POKOK PENJUALAN'),(84,510900,82,0,'Beban Pokok Penjualan - Bahan',3,'HARGA POKOK PENJUALAN'),(85,520000,0,0,'TENAGA KERJA LANGSUNG',1,''),(86,521001,85,0,'Upah -TKL',3,'Gaji dan upah - TKL'),(87,521002,85,0,'Lembur - TKL',3,'Gaji dan upah - TKL'),(88,522001,85,0,'Pengobatan - TKL',3,'Gaji dan upah - TKL'),(89,530000,0,0,'BEBAN OVERHEAD PABRIK',1,''),(90,531001,89,0,'Gaji - BOP',3,'BEBAN OVERHEAD PABRIK'),(91,531002,89,0,'Lembur - BOP',3,'BEBAN OVERHEAD PABRIK'),(92,531003,89,0,'Asuransi - BOP',3,'BEBAN OVERHEAD PABRIK'),(93,531004,89,0,'THR - BOP',3,'BEBAN OVERHEAD PABRIK'),(94,531005,89,0,'Insentif - BOP',3,'BEBAN OVERHEAD PABRIK'),(95,531006,89,0,'Tunjangan lainnya - BOP',3,'BEBAN OVERHEAD PABRIK'),(96,531007,89,0,'PPh 21 - BOP',3,'BEBAN OVERHEAD PABRIK'),(97,532001,89,0,'Seragam - BOP',3,'BEBAN OVERHEAD PABRIK'),(98,532002,89,0,'Perjalanan Dinas -BOP',3,'BEBAN OVERHEAD PABRIK'),(99,532003,89,0,'Konsumsi - BOP',3,'BEBAN OVERHEAD PABRIK'),(100,532004,89,0,'Pengobatan - BOP',3,'BEBAN OVERHEAD PABRIK'),(101,532005,89,0,'Jamsostek - BOP',3,'BEBAN OVERHEAD PABRIK'),(102,532006,89,0,'Pendidikan, training -BOP',3,'BEBAN OVERHEAD PABRIK'),(103,542001,89,0,'Listrik - BOP',3,'BEBAN OVERHEAD PABRIK'),(104,542002,89,0,'Air  - BOP',3,'BEBAN OVERHEAD PABRIK'),(105,542003,89,0,'BBM - BOP',3,'BEBAN OVERHEAD PABRIK'),(106,543001,89,0,'Sewa Gudang',3,'BEBAN OVERHEAD PABRIK'),(107,549999,89,0,'Lain- lain - BOP',3,'BEBAN OVERHEAD PABRIK'),(108,548101,89,0,'Pemeliharaan bangunan - BOP (material)',3,'BEBAN OVERHEAD PABRIK'),(109,548102,89,0,'Pemeliharaan mesin - BOP (sparepart)',3,'BEBAN OVERHEAD PABRIK'),(110,548103,89,0,'Pemeliharaan peralatan - BOP (sparepart)',3,'BEBAN OVERHEAD PABRIK'),(111,548104,89,0,'Pemeliharaan instalasi listrik - BOP (sparepart)',3,'BEBAN OVERHEAD PABRIK'),(112,548201,89,0,'Pemeliharaan bangunan - BOP',3,'BEBAN OVERHEAD PABRIK'),(113,548202,89,0,'Pemeliharaan mesin  - BOP',3,'BEBAN OVERHEAD PABRIK'),(114,548203,89,0,'Pemeliharaan peralatan - BOP',3,'BEBAN OVERHEAD PABRIK'),(115,548204,89,0,'Pemeliharaan instalasi listrik - BOP',3,'BEBAN OVERHEAD PABRIK'),(116,549001,89,0,'Penyusutan bangunan - BOP',3,'BEBAN OVERHEAD PABRIK'),(117,549002,89,0,'Penyusutan mesin  - BOP',3,'BEBAN OVERHEAD PABRIK'),(118,549003,89,0,'Penyusutan peralatan - BOP',3,'BEBAN OVERHEAD PABRIK'),(119,549004,89,0,'Penyusutan instalasi listrik - BOP',3,'BEBAN OVERHEAD PABRIK'),(120,610000,0,0,'BEBAN PENJUALAN',1,''),(121,611001,120,0,'Gaji - BP',3,'BEBAN USAHA'),(122,611002,120,0,'Lembur - BP',3,'BEBAN USAHA'),(123,611003,120,0,'Asuransi - BP',3,'BEBAN USAHA'),(124,611004,120,0,'THR - BP',3,'BEBAN USAHA'),(125,611005,120,0,'Insentif, Tunjangan Lain - BP',3,'BEBAN USAHA'),(126,611006,120,0,'Pesangon - BP',3,'BEBAN USAHA'),(127,611007,120,0,'Perjalanan Dinas - BP',3,'BEBAN USAHA'),(128,612001,120,0,'Ekspedisi - BP',3,'BEBAN USAHA'),(129,612002,120,0,'BBM, Parkir, Tol - BP',3,'BEBAN USAHA'),(130,613001,120,0,'Iklan - BP',3,'BEBAN USAHA'),(131,613002,120,0,'Brosur, Promosi,Subsidi - BP',3,'BEBAN USAHA'),(132,613003,120,0,'Telepon, Fax - BP',3,'BEBAN USAHA'),(133,613004,120,0,'Entertainment - BP',3,'BEBAN USAHA'),(134,618101,120,0,'Pemeliharaan Kendaraan - BP',3,'BEBAN USAHA'),(135,618102,120,0,'STNK, KIR - BP',3,'BEBAN USAHA'),(136,619001,120,0,'Penyusutan Kendaraan - BP',3,'BEBAN USAHA'),(137,619999,120,0,'Beban Penjualan Lain-lain - BP',3,'BEBAN USAHA'),(138,620000,0,0,'BEBAN UMUM & ADMINISTRASI',1,'BEBAN USAHA'),(139,621001,138,0,'Gaji - BUA',3,'BEBAN USAHA'),(140,621002,138,0,'Lembur - BUA',3,'BEBAN USAHA'),(141,621003,138,0,'Asuransi - BUA',3,'BEBAN USAHA'),(142,621004,138,0,'THR - BUA',3,'BEBAN USAHA'),(143,621005,138,0,'Insentif, Tunjangan Lain - BUA',3,'BEBAN USAHA'),(144,621006,138,0,'Pesangon - BUA',3,'BEBAN USAHA'),(145,621007,138,0,'Perjalanan Dinas - BUA',3,'BEBAN USAHA'),(146,622001,138,0,'Listrik - BUA',3,'BEBAN USAHA'),(147,622002,138,0,'Air - BUA',3,'BEBAN USAHA'),(148,622003,138,0,'Telepon, Fax - BUA',3,'BEBAN USAHA'),(149,623001,138,0,'Alat Tulis Kantor - BUA',3,'BEBAN USAHA'),(150,623002,138,0,'Pos dan Meterai - BUA',3,'BEBAN USAHA'),(151,623003,138,0,'Cetakan dan Fotokopi - BUA',3,'BEBAN USAHA'),(152,624001,138,0,'Transportasi (BBM, parkir, tol) - BUA',3,'BEBAN USAHA'),(153,624002,138,0,'Administrasi Bank - BUA',3,'BEBAN USAHA'),(154,624003,138,0,'Perijinan - BUA',3,'BEBAN USAHA'),(155,624004,138,0,'Professional Fee - BUA',3,'BEBAN USAHA'),(156,624005,138,0,'Sumbangan - BUA',3,'BEBAN USAHA'),(157,624006,138,0,'Entertainment - BUA',3,'BEBAN USAHA'),(158,624007,138,0,'Konsumsi - BUA',3,'BEBAN USAHA'),(159,624008,138,0,'Keperluan Rumah Tangga Kantor - BUA',3,'BEBAN USAHA'),(160,624009,138,0,'Biaya Pajak - BUA',3,'BEBAN USAHA'),(161,628901,138,0,'Pemeliharaan Bangunan Kantor - BUA',3,'BEBAN USAHA'),(162,628902,138,0,'Pemeliharaan Inventaris Kantor - BUA',3,'BEBAN USAHA'),(163,628903,138,0,'Pemeliharaan Kendaraan - BUA',3,'BEBAN USAHA'),(164,628904,138,0,'STNK, KIR - BUA',3,'BEBAN USAHA'),(165,629001,138,0,'Penyusutan Bangunan Kantor - BUA',3,'BEBAN USAHA'),(166,629002,138,0,'Penyusutan Inventaris Kantor - BUA',3,'BEBAN USAHA'),(167,629003,138,0,'Penyusutan Kendaraan - BUA',3,'BEBAN USAHA'),(168,629999,138,0,'Beban Umum Lain-lain - BUA',3,'BEBAN USAHA'),(169,710000,0,0,'PENDAPATAN (BEBAN) LAIN',1,'PENDAPATAN (BEBAN) LAIN'),(170,711101,169,0,'Pendapatan Bunga Bank',3,'PENDAPATAN (BEBAN) LAIN'),(171,711201,169,0,'Beban Bunga Bank',3,'PENDAPATAN (BEBAN) LAIN'),(172,712001,169,0,'Laba (Rugi) Selisih Kurs',3,'PENDAPATAN (BEBAN) LAIN'),(173,713001,169,0,'Laba (Rugi) Penjualan Aset',3,'PENDAPATAN (BEBAN) LAIN'),(174,713002,169,0,'Rugi Penghapusan Aset',3,'PENDAPATAN (BEBAN) LAIN'),(175,719999,169,0,'Pendapatan (Beban) Lain-lain',3,'PENDAPATAN (BEBAN) LAIN'),(176,111000,0,0,'KAS DAN SETARA KAS',1,'CURRENT ASSETS'),(177,111000,0,0,'sda',1,'asda'),(178,123,48,42,'nama',2,'nama saya'),(179,7876768,177,0,'11',2,'11'),(180,123456789,177,0,'beban A',2,'beban ABC');

/*Table structure for table `m_departemen` */

DROP TABLE IF EXISTS `m_departemen`;

CREATE TABLE `m_departemen` (
  `departemen_id` int(11) NOT NULL AUTO_INCREMENT,
  `departemen_nama` varchar(255) NOT NULL,
  `departemen_status_aktif` char(1) NOT NULL,
  `departemen_create_date` datetime NOT NULL DEFAULT '0000-00-00 00:00:00',
  `departemen_create_by` varchar(255) NOT NULL,
  `departemen_update_date` datetime DEFAULT NULL ON UPDATE CURRENT_TIMESTAMP,
  `departemen_update_by` varchar(255) DEFAULT NULL,
  `departemen_revised` int(11) DEFAULT NULL,
  PRIMARY KEY (`departemen_id`)
) ENGINE=InnoDB AUTO_INCREMENT=5 DEFAULT CHARSET=latin1;

/*Data for the table `m_departemen` */

insert  into `m_departemen`(`departemen_id`,`departemen_nama`,`departemen_status_aktif`,`departemen_create_date`,`departemen_create_by`,`departemen_update_date`,`departemen_update_by`,`departemen_revised`) values (1,'produksi','y','0000-00-00 00:00:00','','2017-03-21 10:15:45','developer',1),(2,'Departemen 2','y','2017-02-17 21:57:46','developer','2017-04-17 12:36:54','developer',3),(3,'gudang barang jadi','y','2017-03-06 12:08:06','developer','2017-03-21 10:16:36','developer',7),(4,'gudang bahan','y','2017-03-06 13:04:19','developer','2017-03-21 10:16:14','developer',6);

/*Table structure for table `m_detail_promo` */

DROP TABLE IF EXISTS `m_detail_promo`;

CREATE TABLE `m_detail_promo` (
  `promo_id` int(11) DEFAULT NULL,
  `barang_id` int(11) DEFAULT NULL,
  `det_promo_status_aktif` char(1) DEFAULT NULL,
  `det_promo_promo_create_date` datetime DEFAULT '0000-00-00 00:00:00',
  `det_promo_promo_create_by` varchar(255) DEFAULT NULL,
  `det_promo_promo_update_date` datetime DEFAULT NULL,
  `det_promo_promo_update_by` varchar(255) DEFAULT NULL,
  `det_promo_promo_revised` int(11) DEFAULT NULL
) ENGINE=InnoDB DEFAULT CHARSET=latin1;

/*Data for the table `m_detail_promo` */

/*Table structure for table `m_gudang` */

DROP TABLE IF EXISTS `m_gudang`;

CREATE TABLE `m_gudang` (
  `gudang_id` int(255) NOT NULL AUTO_INCREMENT,
  `gudang_nama` varchar(255) NOT NULL,
  `gudang_alamat` varchar(255) NOT NULL,
  `gudang_kota` varchar(255) NOT NULL,
  `gudang_telepon` varchar(255) NOT NULL,
  `gudang_fax` varchar(255) DEFAULT NULL,
  `gudang_email` varchar(255) DEFAULT NULL,
  `m_cabang_id` int(11) NOT NULL,
  `m_jenis_gudang_id` int(11) NOT NULL,
  `gudang_status_aktif` char(1) NOT NULL,
  `gudang_create_date` datetime NOT NULL,
  `gudang_create_by` varchar(255) NOT NULL,
  `gudang_update_date` datetime DEFAULT NULL ON UPDATE CURRENT_TIMESTAMP,
  `gudang_update_by` varchar(255) DEFAULT NULL,
  `gudang_revised` int(11) DEFAULT NULL,
  PRIMARY KEY (`gudang_id`),
  KEY `gudang_cabang` (`m_cabang_id`),
  KEY `gudang_jenis_gudang` (`m_jenis_gudang_id`),
  CONSTRAINT `gudang_cabang` FOREIGN KEY (`m_cabang_id`) REFERENCES `m_cabang` (`cabang_id`),
  CONSTRAINT `gudang_jenis_gudang` FOREIGN KEY (`m_jenis_gudang_id`) REFERENCES `m_jenis_gudang` (`jenis_gudang_id`)
) ENGINE=InnoDB AUTO_INCREMENT=3 DEFAULT CHARSET=latin1;

/*Data for the table `m_gudang` */

insert  into `m_gudang`(`gudang_id`,`gudang_nama`,`gudang_alamat`,`gudang_kota`,`gudang_telepon`,`gudang_fax`,`gudang_email`,`m_cabang_id`,`m_jenis_gudang_id`,`gudang_status_aktif`,`gudang_create_date`,`gudang_create_by`,`gudang_update_date`,`gudang_update_by`,`gudang_revised`) values (1,'Gudang','Surimulia DD/9','3578','[\"031\"]','[\"031\"]','[\"weweer@gmail.com\"]',1,2,'y','2017-02-15 18:04:36','developer','2017-04-15 09:11:09','gudangbahan',8),(2,'Display','Gudang1','3578','[\"1111111\"]','[\"222222\"]','[\"email@email.com\"]',1,4,'y','2017-04-17 12:25:00','developer','2017-04-25 14:32:00',NULL,0);

/*Table structure for table `m_harga` */

DROP TABLE IF EXISTS `m_harga`;

CREATE TABLE `m_harga` (
  `harga_id` int(11) NOT NULL AUTO_INCREMENT,
  `barang_id` int(11) NOT NULL,
  `cabang_id` int(11) NOT NULL,
  `harga_jual` int(11) NOT NULL,
  `harga_beli` int(11) NOT NULL,
  `harga_jual_pajak` int(11) NOT NULL,
  `barang_status_aktif` char(1) NOT NULL,
  `barang_create_date` datetime NOT NULL DEFAULT '0000-00-00 00:00:00',
  `barang_create_by` varchar(255) NOT NULL,
  `barang_update_date` datetime DEFAULT NULL,
  `barang_update_by` varchar(255) DEFAULT NULL,
  `barang_revised` int(11) DEFAULT NULL,
  PRIMARY KEY (`harga_id`)
) ENGINE=InnoDB AUTO_INCREMENT=19 DEFAULT CHARSET=latin1;

/*Data for the table `m_harga` */

insert  into `m_harga`(`harga_id`,`barang_id`,`cabang_id`,`harga_jual`,`harga_beli`,`harga_jual_pajak`,`barang_status_aktif`,`barang_create_date`,`barang_create_by`,`barang_update_date`,`barang_update_by`,`barang_revised`) values (1,7,1,0,30000,0,'5','2017-04-04 10:55:34','developer','2017-04-04 10:55:34',NULL,0),(2,8,1,9000,1000,0,'y','2017-04-04 10:58:02','developer','2017-04-04 10:58:02',NULL,0),(3,9,1,9900,9800,0,'y','2017-04-04 11:01:30','developer','2017-04-04 14:39:41','developer',14),(4,11,1,8900,7800,0,'y','2017-04-04 11:04:00','developer','2017-04-04 11:04:00',NULL,0),(5,1,1,528182,348637,581000,'y','2017-04-07 15:56:36','developer','2017-05-06 03:48:45','developer',12),(6,3180,1,100000,1000,900000,'y','2017-04-17 00:38:47','developer','2017-04-17 00:38:47',NULL,0),(7,3181,1,9900,1000,900000,'y','2017-04-17 00:45:22','developer','2017-04-17 00:45:22',NULL,0),(8,3182,1,9900,50000,900000,'y','2017-04-17 00:50:54','developer','2017-04-17 00:50:54',NULL,0),(9,3183,1,2000,1000,1000,'y','2017-04-17 12:30:49','developer','2017-04-17 12:31:37','developer',2),(10,19,1,200000,90,220000,'y','2017-04-18 11:29:12','developer','2017-04-18 11:30:40','developer',3),(11,3177,1,100000,1000,110000,'y','2017-04-24 17:11:04','developer','2017-04-24 17:11:04',NULL,0),(12,3178,1,9900,1000,10890,'y','2017-04-24 17:13:40','developer','2017-04-24 17:17:06','developer',2),(13,3177,1,70000,50000,77000,'y','2017-04-25 13:22:54','developer','2017-04-25 13:22:54',NULL,0),(14,3177,1,100000,80000,110000,'y','2017-04-26 13:59:46','developer','2017-04-26 13:59:46',NULL,0),(15,3178,1,1111111,7800,1222222,'y','2017-04-26 14:12:34','developer','2017-04-26 14:12:34',NULL,0),(16,3179,1,9900,50000,10890,'y','2017-04-27 16:47:34','developer','2017-04-27 16:47:34',NULL,0),(17,3177,1,2000000,1000000,2200000,'y','2017-05-02 13:55:18','developer','2017-05-02 13:55:18',NULL,0),(18,3177,1,10000,5000,11000,'y','2017-05-05 06:25:09','developer','2017-05-05 06:25:09',NULL,0);

/*Table structure for table `m_header` */

DROP TABLE IF EXISTS `m_header`;

CREATE TABLE `m_header` (
  `header_id` int(11) NOT NULL AUTO_INCREMENT,
  `header_text` text,
  `header_created_date` datetime DEFAULT NULL,
  `header_created_by` varchar(255) DEFAULT NULL,
  `header_updated_date` datetime DEFAULT NULL,
  `header_updated_by` varchar(255) DEFAULT NULL,
  `header_revised` int(11) DEFAULT NULL,
  PRIMARY KEY (`header_id`)
) ENGINE=InnoDB AUTO_INCREMENT=2 DEFAULT CHARSET=latin1;

/*Data for the table `m_header` */

insert  into `m_header`(`header_id`,`header_text`,`header_created_date`,`header_created_by`,`header_updated_date`,`header_updated_by`,`header_revised`) values (1,'Galvalume Roll, Genteng Metal,\r\nGanal C, Reng,\r\nAtap Gelombang 5 (Trimdek),\r\nHollow, Wall Angel ','2017-04-01 15:09:04','developer','2017-04-12 15:14:41','developer',7);

/*Table structure for table `m_jenis_barang` */

DROP TABLE IF EXISTS `m_jenis_barang`;

CREATE TABLE `m_jenis_barang` (
  `jenis_barang_id` int(11) NOT NULL AUTO_INCREMENT,
  `jenis_barang_nama` varchar(255) DEFAULT NULL,
  `jenis_barang_status_aktif` char(1) DEFAULT NULL,
  `jenis_barang_create_date` datetime DEFAULT NULL,
  `jenis_barang_create_by` varchar(255) DEFAULT NULL,
  `jenis_barang_update_date` datetime DEFAULT NULL ON UPDATE CURRENT_TIMESTAMP,
  `jenis_barang_update_by` varchar(255) DEFAULT NULL,
  `jenis_barang_revised` int(11) DEFAULT NULL,
  PRIMARY KEY (`jenis_barang_id`)
) ENGINE=InnoDB AUTO_INCREMENT=16 DEFAULT CHARSET=latin1;

/*Data for the table `m_jenis_barang` */

insert  into `m_jenis_barang`(`jenis_barang_id`,`jenis_barang_nama`,`jenis_barang_status_aktif`,`jenis_barang_create_date`,`jenis_barang_create_by`,`jenis_barang_update_date`,`jenis_barang_update_by`,`jenis_barang_revised`) values (1,'Power Tools','y','2017-05-02 22:59:00','developer','2017-05-02 22:59:00','developer',0),(2,'Tools','y','2017-05-02 22:59:03','developer','2017-05-02 22:59:03','developer',0),(3,'Cutting & Finishing','y','2017-05-02 22:59:19','developer','2017-05-02 22:59:19','developer',0),(4,'Machinery','y','2017-05-02 22:59:25','developer','2017-05-02 22:59:25','developer',0),(5,'Air Compressor','y','2017-05-02 22:59:26','developer','2017-05-02 22:59:26','developer',0),(6,'Welding','y','2017-05-02 22:59:27','developer','2017-05-02 22:59:27','developer',0),(7,'Safety & Protection','y','2017-05-02 22:59:29','developer','2017-05-02 22:59:29','developer',0),(8,'Material Handling','y','2017-05-02 22:59:32','developer','2017-05-02 22:59:32','developer',0),(9,'Electrical & Lighting','y','2017-05-02 22:59:36','developer','2017-05-02 22:59:36','developer',0),(10,'Flooring','y','2017-05-02 22:59:40','developer','2017-05-02 22:59:40','developer',0),(11,'Painting','y','2017-05-02 22:59:57','developer','2017-05-02 22:59:57','developer',0),(12,'Building Supplies','y','2017-05-02 23:00:06','developer','2017-05-02 23:00:06','developer',0),(13,'Sanitary','y','2017-05-02 23:00:09','developer','2017-05-02 23:00:09','developer',0),(14,'Pumps','y','2017-05-02 23:00:22','developer','2017-05-02 23:00:22','developer',0),(15,'Door & Windows','y','2017-05-02 23:00:24','developer','2017-05-02 23:00:24','developer',0);

/*Table structure for table `m_jenis_gudang` */

DROP TABLE IF EXISTS `m_jenis_gudang`;

CREATE TABLE `m_jenis_gudang` (
  `jenis_gudang_id` int(11) NOT NULL AUTO_INCREMENT,
  `jenis_gudang_nama` varchar(255) NOT NULL,
  `jenis_gudang_status_aktif` char(1) NOT NULL,
  `jenis_gudang_create_date` datetime NOT NULL DEFAULT '0000-00-00 00:00:00',
  `jenis_gudang_create_by` varchar(255) NOT NULL,
  `jenis_gudang_update_date` datetime DEFAULT NULL ON UPDATE CURRENT_TIMESTAMP,
  `jenis_gudang_update_by` varchar(255) DEFAULT NULL,
  `jenis_gudang_revised` int(11) DEFAULT NULL,
  PRIMARY KEY (`jenis_gudang_id`)
) ENGINE=InnoDB AUTO_INCREMENT=5 DEFAULT CHARSET=latin1;

/*Data for the table `m_jenis_gudang` */

insert  into `m_jenis_gudang`(`jenis_gudang_id`,`jenis_gudang_nama`,`jenis_gudang_status_aktif`,`jenis_gudang_create_date`,`jenis_gudang_create_by`,`jenis_gudang_update_date`,`jenis_gudang_update_by`,`jenis_gudang_revised`) values (1,'GUDANG BARANG JADI','y','2017-02-15 18:02:15','developer','2017-03-07 14:05:01','gudangbahan',4),(2,'GUDANG BAHAN BAKU','y','2017-03-06 13:28:08','developer','2017-03-07 14:04:49','gudangbahan',2),(3,'GUDANG PRODUKSI','y','2017-03-07 14:05:15','gudangbahan','2017-03-07 14:05:15',NULL,0),(4,'JenisGudang1-TEST','y','2017-04-17 12:23:57','developer','2017-04-17 12:24:08','developer',1);

/*Table structure for table `m_jenis_produksi` */

DROP TABLE IF EXISTS `m_jenis_produksi`;

CREATE TABLE `m_jenis_produksi` (
  `jenis_produksi_id` int(11) NOT NULL AUTO_INCREMENT,
  `jenis_produksi_nama` varchar(255) DEFAULT NULL,
  `jenis_produksi_status_aktif` char(1) DEFAULT NULL,
  `jenis_produksi_created_date` datetime DEFAULT '0000-00-00 00:00:00',
  `jenis_produksi_created_by` varchar(255) DEFAULT NULL,
  `jenis_produksi_update_date` datetime DEFAULT NULL ON UPDATE CURRENT_TIMESTAMP,
  `jenis_produksi_update_by` varchar(255) DEFAULT NULL,
  `jenis_produksi_revised` int(11) DEFAULT NULL,
  PRIMARY KEY (`jenis_produksi_id`)
) ENGINE=InnoDB AUTO_INCREMENT=5 DEFAULT CHARSET=latin1;

/*Data for the table `m_jenis_produksi` */

insert  into `m_jenis_produksi`(`jenis_produksi_id`,`jenis_produksi_nama`,`jenis_produksi_status_aktif`,`jenis_produksi_created_date`,`jenis_produksi_created_by`,`jenis_produksi_update_date`,`jenis_produksi_update_by`,`jenis_produksi_revised`) values (1,'Trimdeck','y','2017-03-10 10:38:45',NULL,'2017-03-10 16:30:53',NULL,NULL),(2,'Roll','y','2017-03-10 10:39:37',NULL,'2017-03-10 16:30:56',NULL,NULL),(3,'Batangan','y','2017-03-10 10:39:56',NULL,'2017-03-10 16:30:59',NULL,NULL),(4,'PRODUKSITEST1','y','2017-04-17 12:35:20','developer','2017-04-17 12:35:27','developer',1);

/*Table structure for table `m_jenis_produksidet` */

DROP TABLE IF EXISTS `m_jenis_produksidet`;

CREATE TABLE `m_jenis_produksidet` (
  `jenis_produksidet_id` int(11) NOT NULL AUTO_INCREMENT,
  `jenis_produksi_id` int(11) DEFAULT NULL,
  `jenis_produksi_type` int(11) DEFAULT '1' COMMENT '0 Custom, 1 Pilihan',
  `jenis_produksidet_parameter` varchar(255) DEFAULT NULL,
  `jenis_produksidet_operator` int(11) DEFAULT NULL COMMENT '1(+); 2(-); 3(x); 4(:); 5(=);',
  PRIMARY KEY (`jenis_produksidet_id`)
) ENGINE=InnoDB AUTO_INCREMENT=16 DEFAULT CHARSET=latin1;

/*Data for the table `m_jenis_produksidet` */

insert  into `m_jenis_produksidet`(`jenis_produksidet_id`,`jenis_produksi_id`,`jenis_produksi_type`,`jenis_produksidet_parameter`,`jenis_produksidet_operator`) values (1,1,1,'perolehan_produksi_akhirdet_ns',1),(2,1,1,'perolehan_produksi_akhirdet_qty',1),(3,1,1,'perolehan_produksi_akhirdet_qty_rusak',3),(4,1,1,'perolehan_produksi_akhirdet_panjang',3),(5,1,1,'perolehan_produksi_akhirdet_konversi',3),(6,1,0,'0.914',5),(7,2,1,'perolehan_produksi_akhirdet_qty',1),(8,2,1,'perolehan_produksi_akhirdet_qty_rusak',1),(9,2,1,'perolehan_produksi_akhirdet_ns',3),(10,2,1,'perolehan_produksi_akhirdet_berat',5),(11,3,1,'perolehan_produksi_akhirdet_qty',1),(12,3,1,'perolehan_produksi_akhirdet_qty_rusak',1),(13,3,1,'perolehan_produksi_akhirdet_ns',3),(14,3,1,'perolehan_produksi_akhirdet_berat',5),(15,4,1,'perolehan_produksi_akhirdet_berat',1);

/*Table structure for table `m_karyawan` */

DROP TABLE IF EXISTS `m_karyawan`;

CREATE TABLE `m_karyawan` (
  `karyawan_id` int(11) NOT NULL AUTO_INCREMENT,
  `karyawan_nip` varchar(255) NOT NULL,
  `karyawan_nama` varchar(255) NOT NULL,
  `karyawan_alamat` varchar(255) DEFAULT NULL,
  `karyawan_telepon` varchar(255) DEFAULT NULL,
  `m_type_karyawan_id` int(11) NOT NULL,
  `m_cabang_id` int(11) NOT NULL,
  `m_departemen_id` int(11) NOT NULL,
  `karyawan_status_aktif` char(255) NOT NULL,
  `karyawan_create_date` datetime NOT NULL DEFAULT '0000-00-00 00:00:00',
  `karyawan_create_by` varchar(255) NOT NULL,
  `karyawan_update_date` datetime DEFAULT NULL ON UPDATE CURRENT_TIMESTAMP,
  `karyawan_update_by` varchar(255) DEFAULT NULL,
  `karyawan_revised` int(11) DEFAULT NULL,
  PRIMARY KEY (`karyawan_id`),
  KEY `karyawan_type` (`m_type_karyawan_id`),
  KEY `cabang` (`m_cabang_id`),
  KEY `departemen` (`m_departemen_id`),
  CONSTRAINT `cabang` FOREIGN KEY (`m_cabang_id`) REFERENCES `m_cabang` (`cabang_id`),
  CONSTRAINT `departemen` FOREIGN KEY (`m_departemen_id`) REFERENCES `m_departemen` (`departemen_id`),
  CONSTRAINT `karyawan_type` FOREIGN KEY (`m_type_karyawan_id`) REFERENCES `m_type_karyawan` (`type_karyawan_id`)
) ENGINE=InnoDB AUTO_INCREMENT=13 DEFAULT CHARSET=latin1;

/*Data for the table `m_karyawan` */

insert  into `m_karyawan`(`karyawan_id`,`karyawan_nip`,`karyawan_nama`,`karyawan_alamat`,`karyawan_telepon`,`m_type_karyawan_id`,`m_cabang_id`,`m_departemen_id`,`karyawan_status_aktif`,`karyawan_create_date`,`karyawan_create_by`,`karyawan_update_date`,`karyawan_update_by`,`karyawan_revised`) values (1,'1','developer','-','[\"-\"]',1,1,1,'y','0000-00-00 00:00:00','0','2017-03-06 13:07:30','developer',1),(7,'2017000001','Karyawan 1','-','[\"087\",\"088\",\"089\"]',5,1,1,'y','2017-02-15 17:59:04','developer','2017-03-01 12:06:23','developer',4),(8,'2017000002','Karyawan 2','-','[\"1212\",\"088\"]',6,1,2,'n','2017-02-20 01:27:58','developer','2017-04-21 15:38:22','developer',4),(9,'2000000001','Direktur 1','-','[\"087\"]',1,1,1,'y','2017-02-20 01:28:45','developer','2017-03-06 13:07:40','developer',2),(10,'09886575','TestKaryawan1','bijihygygg','[\"4515412\",\"35535353\"]',6,1,3,'n','2017-03-06 13:14:45','developer','2017-04-21 15:38:26','developer',10),(11,'2017000004','produksi1','surabaya','[\"0987654321\"]',9,1,1,'y','2017-03-21 10:17:29','developer','2017-03-21 10:17:29',NULL,0),(12,'2017000005','kepalaproduksi1','surabaya','[\"1923891283\"]',10,1,1,'y','2017-03-21 11:33:41','developer','2017-03-21 11:33:41',NULL,0);

/*Table structure for table `m_kas` */

DROP TABLE IF EXISTS `m_kas`;

CREATE TABLE `m_kas` (
  `kas_id` int(11) NOT NULL AUTO_INCREMENT,
  `kas_nama` varchar(255) DEFAULT NULL,
  `kas_status_aktif` char(1) DEFAULT NULL,
  `kas_created_date` datetime DEFAULT NULL,
  `kas_created_by` varchar(255) DEFAULT NULL,
  `kas_update_date` datetime DEFAULT NULL,
  `kas_update_by` varchar(255) DEFAULT NULL,
  `kas_revised` int(11) DEFAULT NULL,
  `m_cabang_id` int(11) DEFAULT NULL,
  PRIMARY KEY (`kas_id`)
) ENGINE=MyISAM AUTO_INCREMENT=5 DEFAULT CHARSET=latin1;

/*Data for the table `m_kas` */

insert  into `m_kas`(`kas_id`,`kas_nama`,`kas_status_aktif`,`kas_created_date`,`kas_created_by`,`kas_update_date`,`kas_update_by`,`kas_revised`,`m_cabang_id`) values (1,'Kas Besar','y','2017-04-01 16:19:08','developer','2017-04-01 16:19:56','developer',2,1),(2,'Kas Kecil','y','2017-04-03 10:43:10','developer','2017-04-03 10:43:10',NULL,0,1);

/*Table structure for table `m_konsinyasi` */

DROP TABLE IF EXISTS `m_konsinyasi`;

CREATE TABLE `m_konsinyasi` (
  `konsinyasi_id` int(11) NOT NULL AUTO_INCREMENT,
  `m_jenis_barang_id` int(11) DEFAULT NULL,
  `m_category_2_id` int(11) DEFAULT NULL,
  `m_barang_id` varchar(255) NOT NULL,
  `konsinyasi_status_aktif` char(1) NOT NULL,
  `konsinyasi_create_date` datetime NOT NULL DEFAULT '0000-00-00 00:00:00',
  `konsinyasi_create_by` varchar(255) NOT NULL,
  `konsinyasi_update_date` datetime DEFAULT NULL,
  `konsinyasi_update_by` varchar(255) DEFAULT NULL,
  `konsinyasi_revised` int(11) DEFAULT NULL,
  PRIMARY KEY (`konsinyasi_id`)
) ENGINE=InnoDB AUTO_INCREMENT=189 DEFAULT CHARSET=latin1;

/*Data for the table `m_konsinyasi` */

insert  into `m_konsinyasi`(`konsinyasi_id`,`m_jenis_barang_id`,`m_category_2_id`,`m_barang_id`,`konsinyasi_status_aktif`,`konsinyasi_create_date`,`konsinyasi_create_by`,`konsinyasi_update_date`,`konsinyasi_update_by`,`konsinyasi_revised`) values (1,2,6,'142','y','2017-05-08 14:39:54','developer','0000-00-00 00:00:00','',0),(2,2,12,'512','y','2017-05-08 14:40:22','developer','0000-00-00 00:00:00','',0),(3,2,14,'603','y','2017-05-08 14:40:29','developer','0000-00-00 00:00:00','',0),(4,2,14,'608','y','2017-05-08 14:40:29','developer','0000-00-00 00:00:00','',0),(5,7,32,'1048','y','2017-05-08 14:41:11','developer','0000-00-00 00:00:00','',0),(6,10,43,'1396','y','2017-05-08 14:41:43','developer','0000-00-00 00:00:00','',0),(7,10,43,'1397','y','2017-05-08 14:41:43','developer','0000-00-00 00:00:00','',0),(8,10,43,'1398','y','2017-05-08 14:41:43','developer','0000-00-00 00:00:00','',0),(9,10,43,'1399','y','2017-05-08 14:41:44','developer','0000-00-00 00:00:00','',0),(10,10,43,'1400','y','2017-05-08 14:41:44','developer','0000-00-00 00:00:00','',0),(11,10,43,'1401','y','2017-05-08 14:41:44','developer','0000-00-00 00:00:00','',0),(12,10,43,'1402','y','2017-05-08 14:41:44','developer','0000-00-00 00:00:00','',0),(13,10,43,'1403','y','2017-05-08 14:41:44','developer','0000-00-00 00:00:00','',0),(14,10,43,'1404','y','2017-05-08 14:41:44','developer','0000-00-00 00:00:00','',0),(15,10,43,'1405','y','2017-05-08 14:41:45','developer','0000-00-00 00:00:00','',0),(16,10,43,'1406','y','2017-05-08 14:41:45','developer','0000-00-00 00:00:00','',0),(17,10,43,'1407','y','2017-05-08 14:41:45','developer','0000-00-00 00:00:00','',0),(18,10,43,'1508','y','2017-05-08 14:41:54','developer','0000-00-00 00:00:00','',0),(19,10,43,'1509','y','2017-05-08 14:41:54','developer','0000-00-00 00:00:00','',0),(20,10,43,'1510','y','2017-05-08 14:41:55','developer','0000-00-00 00:00:00','',0),(21,10,43,'1511','y','2017-05-08 14:41:55','developer','0000-00-00 00:00:00','',0),(22,10,43,'1512','y','2017-05-08 14:41:55','developer','0000-00-00 00:00:00','',0),(23,10,43,'1513','y','2017-05-08 14:41:55','developer','0000-00-00 00:00:00','',0),(24,10,43,'1514','y','2017-05-08 14:41:55','developer','0000-00-00 00:00:00','',0),(25,10,43,'1515','y','2017-05-08 14:41:55','developer','0000-00-00 00:00:00','',0),(26,10,43,'1516','y','2017-05-08 14:41:56','developer','0000-00-00 00:00:00','',0),(27,10,43,'1517','y','2017-05-08 14:41:56','developer','0000-00-00 00:00:00','',0),(28,10,43,'1518','y','2017-05-08 14:41:56','developer','0000-00-00 00:00:00','',0),(29,10,43,'1519','y','2017-05-08 14:41:56','developer','0000-00-00 00:00:00','',0),(30,10,43,'1520','y','2017-05-08 14:41:56','developer','0000-00-00 00:00:00','',0),(31,10,43,'1521','y','2017-05-08 14:41:56','developer','0000-00-00 00:00:00','',0),(32,10,43,'1522','y','2017-05-08 14:41:56','developer','0000-00-00 00:00:00','',0),(33,10,43,'1523','y','2017-05-08 14:41:57','developer','0000-00-00 00:00:00','',0),(34,10,43,'1524','y','2017-05-08 14:41:57','developer','0000-00-00 00:00:00','',0),(35,10,43,'1525','y','2017-05-08 14:41:57','developer','0000-00-00 00:00:00','',0),(36,10,43,'1526','y','2017-05-08 14:41:57','developer','0000-00-00 00:00:00','',0),(37,10,43,'1527','y','2017-05-08 14:41:57','developer','0000-00-00 00:00:00','',0),(38,10,43,'1528','y','2017-05-08 14:41:57','developer','0000-00-00 00:00:00','',0),(39,10,43,'1529','y','2017-05-08 14:41:58','developer','0000-00-00 00:00:00','',0),(40,10,43,'1586','y','2017-05-08 14:42:03','developer','0000-00-00 00:00:00','',0),(41,10,43,'1587','y','2017-05-08 14:42:03','developer','0000-00-00 00:00:00','',0),(42,10,43,'1588','y','2017-05-08 14:42:03','developer','0000-00-00 00:00:00','',0),(43,10,43,'1589','y','2017-05-08 14:42:03','developer','0000-00-00 00:00:00','',0),(44,10,43,'1590','y','2017-05-08 14:42:04','developer','0000-00-00 00:00:00','',0),(45,10,43,'1591','y','2017-05-08 14:42:04','developer','0000-00-00 00:00:00','',0),(46,10,43,'1592','y','2017-05-08 14:42:04','developer','0000-00-00 00:00:00','',0),(47,10,43,'1593','y','2017-05-08 14:42:04','developer','0000-00-00 00:00:00','',0),(48,10,43,'1594','y','2017-05-08 14:42:04','developer','0000-00-00 00:00:00','',0),(49,10,43,'1595','y','2017-05-08 14:42:05','developer','0000-00-00 00:00:00','',0),(50,10,43,'1596','y','2017-05-08 14:42:05','developer','0000-00-00 00:00:00','',0),(51,10,43,'1597','y','2017-05-08 14:42:05','developer','0000-00-00 00:00:00','',0),(52,10,43,'1598','y','2017-05-08 14:42:05','developer','0000-00-00 00:00:00','',0),(53,10,43,'1599','y','2017-05-08 14:42:05','developer','0000-00-00 00:00:00','',0),(54,10,43,'1600','y','2017-05-08 14:42:05','developer','0000-00-00 00:00:00','',0),(55,10,43,'1601','y','2017-05-08 14:42:05','developer','0000-00-00 00:00:00','',0),(56,10,43,'1602','y','2017-05-08 14:42:06','developer','0000-00-00 00:00:00','',0),(57,10,43,'1603','y','2017-05-08 14:42:06','developer','0000-00-00 00:00:00','',0),(58,10,43,'1604','y','2017-05-08 14:42:06','developer','0000-00-00 00:00:00','',0),(59,10,43,'1605','y','2017-05-08 14:42:06','developer','0000-00-00 00:00:00','',0),(60,10,43,'1606','y','2017-05-08 14:42:06','developer','0000-00-00 00:00:00','',0),(61,10,43,'1607','y','2017-05-08 14:42:06','developer','0000-00-00 00:00:00','',0),(62,10,43,'1608','y','2017-05-08 14:42:06','developer','0000-00-00 00:00:00','',0),(63,10,43,'1609','y','2017-05-08 14:42:07','developer','0000-00-00 00:00:00','',0),(64,10,43,'1610','y','2017-05-08 14:42:07','developer','0000-00-00 00:00:00','',0),(65,10,43,'1611','y','2017-05-08 14:42:07','developer','0000-00-00 00:00:00','',0),(66,10,43,'1612','y','2017-05-08 14:42:07','developer','0000-00-00 00:00:00','',0),(67,10,43,'1613','y','2017-05-08 14:42:07','developer','0000-00-00 00:00:00','',0),(68,10,43,'1614','y','2017-05-08 14:42:07','developer','0000-00-00 00:00:00','',0),(69,10,43,'1615','y','2017-05-08 14:42:07','developer','0000-00-00 00:00:00','',0),(70,10,43,'1616','y','2017-05-08 14:42:07','developer','0000-00-00 00:00:00','',0),(71,10,43,'1617','y','2017-05-08 14:42:08','developer','0000-00-00 00:00:00','',0),(72,10,43,'1618','y','2017-05-08 14:42:08','developer','0000-00-00 00:00:00','',0),(73,10,43,'1619','y','2017-05-08 14:42:08','developer','0000-00-00 00:00:00','',0),(74,10,43,'1620','y','2017-05-08 14:42:08','developer','0000-00-00 00:00:00','',0),(75,10,43,'1621','y','2017-05-08 14:42:08','developer','0000-00-00 00:00:00','',0),(76,10,43,'1622','y','2017-05-08 14:42:08','developer','0000-00-00 00:00:00','',0),(77,10,43,'1623','y','2017-05-08 14:42:09','developer','0000-00-00 00:00:00','',0),(78,10,43,'1624','y','2017-05-08 14:42:09','developer','0000-00-00 00:00:00','',0),(79,10,43,'1625','y','2017-05-08 14:42:09','developer','0000-00-00 00:00:00','',0),(80,10,43,'1626','y','2017-05-08 14:42:09','developer','0000-00-00 00:00:00','',0),(81,10,43,'1627','y','2017-05-08 14:42:09','developer','0000-00-00 00:00:00','',0),(82,10,43,'1628','y','2017-05-08 14:42:09','developer','0000-00-00 00:00:00','',0),(83,10,43,'1629','y','2017-05-08 14:42:10','developer','0000-00-00 00:00:00','',0),(84,10,43,'1630','y','2017-05-08 14:42:10','developer','0000-00-00 00:00:00','',0),(85,10,43,'1631','y','2017-05-08 14:42:10','developer','0000-00-00 00:00:00','',0),(86,10,43,'1632','y','2017-05-08 14:42:10','developer','0000-00-00 00:00:00','',0),(87,10,43,'1633','y','2017-05-08 14:42:10','developer','0000-00-00 00:00:00','',0),(88,10,43,'1634','y','2017-05-08 14:42:10','developer','0000-00-00 00:00:00','',0),(89,10,43,'1635','y','2017-05-08 14:42:11','developer','0000-00-00 00:00:00','',0),(90,10,43,'1636','y','2017-05-08 14:42:11','developer','0000-00-00 00:00:00','',0),(91,10,43,'1637','y','2017-05-08 14:42:11','developer','0000-00-00 00:00:00','',0),(92,10,43,'1638','y','2017-05-08 14:42:11','developer','0000-00-00 00:00:00','',0),(93,10,43,'1639','y','2017-05-08 14:42:11','developer','0000-00-00 00:00:00','',0),(94,10,43,'1640','y','2017-05-08 14:42:11','developer','0000-00-00 00:00:00','',0),(95,10,43,'1740','y','2017-05-08 14:42:21','developer','0000-00-00 00:00:00','',0),(96,10,43,'1741','y','2017-05-08 14:42:21','developer','0000-00-00 00:00:00','',0),(97,10,43,'1742','y','2017-05-08 14:42:22','developer','0000-00-00 00:00:00','',0),(98,10,43,'1743','y','2017-05-08 14:42:22','developer','0000-00-00 00:00:00','',0),(99,10,43,'1744','y','2017-05-08 14:42:22','developer','0000-00-00 00:00:00','',0),(100,10,43,'1745','y','2017-05-08 14:42:22','developer','0000-00-00 00:00:00','',0),(101,10,43,'1746','y','2017-05-08 14:42:22','developer','0000-00-00 00:00:00','',0),(102,10,43,'1747','y','2017-05-08 14:42:22','developer','0000-00-00 00:00:00','',0),(103,10,43,'1748','y','2017-05-08 14:42:22','developer','0000-00-00 00:00:00','',0),(104,10,43,'1749','y','2017-05-08 14:42:23','developer','0000-00-00 00:00:00','',0),(105,10,43,'1750','y','2017-05-08 14:42:23','developer','0000-00-00 00:00:00','',0),(106,10,43,'1751','y','2017-05-08 14:42:23','developer','0000-00-00 00:00:00','',0),(107,10,43,'1752','y','2017-05-08 14:42:24','developer','0000-00-00 00:00:00','',0),(108,10,43,'1753','y','2017-05-08 14:42:24','developer','0000-00-00 00:00:00','',0),(109,10,43,'1754','y','2017-05-08 14:42:24','developer','0000-00-00 00:00:00','',0),(110,10,43,'1755','y','2017-05-08 14:42:24','developer','0000-00-00 00:00:00','',0),(111,10,43,'1756','y','2017-05-08 14:42:24','developer','0000-00-00 00:00:00','',0),(112,10,43,'1757','y','2017-05-08 14:42:24','developer','0000-00-00 00:00:00','',0),(113,10,43,'1758','y','2017-05-08 14:42:25','developer','0000-00-00 00:00:00','',0),(114,10,43,'1759','y','2017-05-08 14:42:25','developer','0000-00-00 00:00:00','',0),(115,10,43,'1760','y','2017-05-08 14:42:25','developer','0000-00-00 00:00:00','',0),(116,10,43,'1761','y','2017-05-08 14:42:25','developer','0000-00-00 00:00:00','',0),(117,10,43,'1762','y','2017-05-08 14:42:26','developer','0000-00-00 00:00:00','',0),(118,10,43,'1763','y','2017-05-08 14:42:26','developer','0000-00-00 00:00:00','',0),(119,10,43,'1764','y','2017-05-08 14:42:26','developer','0000-00-00 00:00:00','',0),(120,10,43,'1765','y','2017-05-08 14:42:26','developer','0000-00-00 00:00:00','',0),(121,10,43,'1766','y','2017-05-08 14:42:27','developer','0000-00-00 00:00:00','',0),(122,10,43,'1767','y','2017-05-08 14:42:27','developer','0000-00-00 00:00:00','',0),(123,10,43,'1768','y','2017-05-08 14:42:27','developer','0000-00-00 00:00:00','',0),(124,10,43,'1769','y','2017-05-08 14:42:27','developer','0000-00-00 00:00:00','',0),(125,10,43,'1770','y','2017-05-08 14:42:28','developer','0000-00-00 00:00:00','',0),(126,10,43,'1771','y','2017-05-08 14:42:28','developer','0000-00-00 00:00:00','',0),(127,10,43,'1772','y','2017-05-08 14:42:28','developer','0000-00-00 00:00:00','',0),(128,10,43,'1773','y','2017-05-08 14:42:28','developer','0000-00-00 00:00:00','',0),(129,10,43,'1774','y','2017-05-08 14:42:28','developer','0000-00-00 00:00:00','',0),(130,10,43,'1775','y','2017-05-08 14:42:28','developer','0000-00-00 00:00:00','',0),(131,10,43,'1776','y','2017-05-08 14:42:28','developer','0000-00-00 00:00:00','',0),(132,10,44,'1860','y','2017-05-08 14:42:36','developer','0000-00-00 00:00:00','',0),(133,13,53,'2275','y','2017-05-08 14:43:15','developer','0000-00-00 00:00:00','',0),(134,13,53,'2276','y','2017-05-08 14:43:15','developer','0000-00-00 00:00:00','',0),(135,13,53,'2277','y','2017-05-08 14:43:16','developer','0000-00-00 00:00:00','',0),(136,13,53,'2278','y','2017-05-08 14:43:16','developer','0000-00-00 00:00:00','',0),(137,13,53,'2279','y','2017-05-08 14:43:16','developer','0000-00-00 00:00:00','',0),(138,13,53,'2279','y','2017-05-08 14:43:16','developer','0000-00-00 00:00:00','',0),(139,13,53,'2281','y','2017-05-08 14:43:16','developer','0000-00-00 00:00:00','',0),(140,13,53,'2282','y','2017-05-08 14:43:16','developer','0000-00-00 00:00:00','',0),(141,13,53,'2283','y','2017-05-08 14:43:17','developer','0000-00-00 00:00:00','',0),(142,13,53,'2284','y','2017-05-08 14:43:17','developer','0000-00-00 00:00:00','',0),(143,13,53,'2285','y','2017-05-08 14:43:17','developer','0000-00-00 00:00:00','',0),(144,13,53,'2286','y','2017-05-08 14:43:17','developer','0000-00-00 00:00:00','',0),(145,13,53,'2287','y','2017-05-08 14:43:17','developer','0000-00-00 00:00:00','',0),(146,13,53,'2288','y','2017-05-08 14:43:17','developer','0000-00-00 00:00:00','',0),(147,13,53,'2289','y','2017-05-08 14:43:18','developer','0000-00-00 00:00:00','',0),(148,13,53,'2290','y','2017-05-08 14:43:18','developer','0000-00-00 00:00:00','',0),(149,13,53,'2291','y','2017-05-08 14:43:18','developer','0000-00-00 00:00:00','',0),(150,13,53,'2292','y','2017-05-08 14:43:18','developer','0000-00-00 00:00:00','',0),(151,13,53,'2398','y','2017-05-08 14:43:29','developer','0000-00-00 00:00:00','',0),(152,13,53,'2453','y','2017-05-08 14:43:34','developer','0000-00-00 00:00:00','',0),(153,13,53,'2522','y','2017-05-08 14:43:41','developer','0000-00-00 00:00:00','',0),(154,13,53,'2562','y','2017-05-08 14:43:44','developer','0000-00-00 00:00:00','',0),(155,15,59,'2775','y','2017-05-08 14:44:04','developer','0000-00-00 00:00:00','',0),(156,15,59,'2776','y','2017-05-08 14:44:04','developer','0000-00-00 00:00:00','',0),(157,15,59,'2777','y','2017-05-08 14:44:04','developer','0000-00-00 00:00:00','',0),(158,15,59,'2778','y','2017-05-08 14:44:04','developer','0000-00-00 00:00:00','',0),(159,15,59,'2779','y','2017-05-08 14:44:04','developer','0000-00-00 00:00:00','',0),(160,15,59,'2780','y','2017-05-08 14:44:05','developer','0000-00-00 00:00:00','',0),(161,15,59,'2781','y','2017-05-08 14:44:05','developer','0000-00-00 00:00:00','',0),(162,15,59,'2782','y','2017-05-08 14:44:05','developer','0000-00-00 00:00:00','',0),(163,15,59,'2783','y','2017-05-08 14:44:05','developer','0000-00-00 00:00:00','',0),(164,15,59,'2784','y','2017-05-08 14:44:05','developer','0000-00-00 00:00:00','',0),(165,15,59,'2785','y','2017-05-08 14:44:06','developer','0000-00-00 00:00:00','',0),(166,15,59,'2786','y','2017-05-08 14:44:06','developer','0000-00-00 00:00:00','',0),(167,15,59,'2787','y','2017-05-08 14:44:06','developer','0000-00-00 00:00:00','',0),(168,15,59,'2788','y','2017-05-08 14:44:07','developer','0000-00-00 00:00:00','',0),(169,15,59,'2789','y','2017-05-08 14:44:07','developer','0000-00-00 00:00:00','',0),(170,15,59,'2790','y','2017-05-08 14:44:07','developer','0000-00-00 00:00:00','',0),(171,15,59,'2791','y','2017-05-08 14:44:07','developer','0000-00-00 00:00:00','',0),(172,15,59,'2792','y','2017-05-08 14:44:07','developer','0000-00-00 00:00:00','',0),(173,15,59,'2793','y','2017-05-08 14:44:07','developer','0000-00-00 00:00:00','',0),(174,15,59,'2794','y','2017-05-08 14:44:08','developer','0000-00-00 00:00:00','',0),(175,15,59,'2795','y','2017-05-08 14:44:08','developer','0000-00-00 00:00:00','',0),(176,15,59,'2796','y','2017-05-08 14:44:08','developer','0000-00-00 00:00:00','',0),(177,15,59,'2797','y','2017-05-08 14:44:08','developer','0000-00-00 00:00:00','',0),(178,15,59,'2798','y','2017-05-08 14:44:08','developer','0000-00-00 00:00:00','',0),(179,15,59,'2799','y','2017-05-08 14:44:08','developer','0000-00-00 00:00:00','',0),(180,15,59,'2800','y','2017-05-08 14:44:09','developer','0000-00-00 00:00:00','',0),(181,15,59,'2801','y','2017-05-08 14:44:09','developer','0000-00-00 00:00:00','',0),(182,15,59,'2802','y','2017-05-08 14:44:09','developer','0000-00-00 00:00:00','',0),(183,15,59,'2803','y','2017-05-08 14:44:09','developer','0000-00-00 00:00:00','',0),(184,15,59,'2804','y','2017-05-08 14:44:09','developer','0000-00-00 00:00:00','',0),(185,15,59,'2805','y','2017-05-08 14:44:10','developer','0000-00-00 00:00:00','',0),(186,15,59,'2806','y','2017-05-08 14:44:10','developer','0000-00-00 00:00:00','',0),(187,15,59,'2807','y','2017-05-08 14:44:10','developer','0000-00-00 00:00:00','',0),(188,15,59,'2808','y','2017-05-08 14:44:10','developer','0000-00-00 00:00:00','',0);

/*Table structure for table `m_konversi` */

DROP TABLE IF EXISTS `m_konversi`;

CREATE TABLE `m_konversi` (
  `konversi_id` int(11) NOT NULL AUTO_INCREMENT,
  `barang_id` int(11) DEFAULT NULL,
  `konversi_awal` varchar(255) DEFAULT NULL,
  `konversi_awalsatuan` varchar(255) DEFAULT NULL,
  `konversi_akhir` varchar(255) DEFAULT NULL,
  `konversi_akhirsatuan` varchar(255) DEFAULT NULL,
  `konversi_status_aktif` char(1) DEFAULT NULL,
  `konversi_created_date` datetime DEFAULT NULL,
  `konversi_created_by` varchar(255) DEFAULT NULL,
  `konversi_update_date` datetime DEFAULT NULL ON UPDATE CURRENT_TIMESTAMP,
  `konversi_update_by` varchar(255) DEFAULT NULL,
  `konversi_revised` varchar(255) DEFAULT NULL,
  PRIMARY KEY (`konversi_id`)
) ENGINE=MyISAM DEFAULT CHARSET=latin1;

/*Data for the table `m_konversi` */

/*Table structure for table `m_mata_uang` */

DROP TABLE IF EXISTS `m_mata_uang`;

CREATE TABLE `m_mata_uang` (
  `mata_uang_id` int(11) NOT NULL AUTO_INCREMENT,
  `mata_uang_nama` varchar(255) NOT NULL,
  `mata_uang_status_aktif` char(1) NOT NULL,
  `mata_uang_create_date` datetime NOT NULL DEFAULT '0000-00-00 00:00:00',
  `mata_uang_create_by` varchar(255) NOT NULL,
  `mata_uang_update_date` datetime DEFAULT NULL ON UPDATE CURRENT_TIMESTAMP,
  `mata_uang_update_by` varchar(255) DEFAULT NULL,
  `mata_uang_revised` int(11) DEFAULT NULL,
  PRIMARY KEY (`mata_uang_id`)
) ENGINE=InnoDB AUTO_INCREMENT=5 DEFAULT CHARSET=latin1;

/*Data for the table `m_mata_uang` */

insert  into `m_mata_uang`(`mata_uang_id`,`mata_uang_nama`,`mata_uang_status_aktif`,`mata_uang_create_date`,`mata_uang_create_by`,`mata_uang_update_date`,`mata_uang_update_by`,`mata_uang_revised`) values (1,'IDR','y','2017-03-07 12:10:06','developer','2017-03-07 12:10:57','developer',1),(2,'USD','y','2017-03-07 13:12:36','developer','2017-03-07 13:12:36',NULL,0),(3,'CNY','y','2017-03-07 13:12:49','developer','2017-03-07 13:12:49',NULL,0),(4,'CURRTEST','y','2017-04-17 12:34:40','developer','2017-04-17 12:34:49','developer',1);

/*Table structure for table `m_partner` */

DROP TABLE IF EXISTS `m_partner`;

CREATE TABLE `m_partner` (
  `partner_id` int(11) NOT NULL AUTO_INCREMENT,
  `partner_status` char(1) NOT NULL,
  `partner_nama` varchar(255) NOT NULL,
  `partner_nama_cetak` varchar(255) DEFAULT NULL,
  `partner_alamat` varchar(255) NOT NULL,
  `partner_alamat_cetak` varchar(255) DEFAULT NULL,
  `partner_kota` char(4) DEFAULT NULL,
  `partner_telepon` varchar(255) NOT NULL,
  `partner_telepon_cetak` varchar(255) DEFAULT NULL,
  `partner_email` varchar(255) DEFAULT NULL,
  `partner_email_cetak` varchar(255) DEFAULT NULL,
  `partner_fax` varchar(255) DEFAULT NULL,
  `partner_fax_cetak` varchar(255) DEFAULT NULL,
  `partner_nomor_npwp` varchar(255) DEFAULT NULL,
  `partner_file_npwp` text,
  `partner_limit_kredit` decimal(20,2) DEFAULT '0.00',
  `partner_status_aktif` char(1) NOT NULL,
  `partner_create_date` datetime NOT NULL DEFAULT '0000-00-00 00:00:00',
  `partner_create_by` varchar(255) NOT NULL,
  `partner_update_date` datetime DEFAULT NULL ON UPDATE CURRENT_TIMESTAMP,
  `partner_update_by` varchar(255) DEFAULT NULL,
  `partner_revised` int(11) DEFAULT NULL,
  PRIMARY KEY (`partner_id`)
) ENGINE=InnoDB AUTO_INCREMENT=15 DEFAULT CHARSET=latin1;

/*Data for the table `m_partner` */

insert  into `m_partner`(`partner_id`,`partner_status`,`partner_nama`,`partner_nama_cetak`,`partner_alamat`,`partner_alamat_cetak`,`partner_kota`,`partner_telepon`,`partner_telepon_cetak`,`partner_email`,`partner_email_cetak`,`partner_fax`,`partner_fax_cetak`,`partner_nomor_npwp`,`partner_file_npwp`,`partner_limit_kredit`,`partner_status_aktif`,`partner_create_date`,`partner_create_by`,`partner_update_date`,`partner_update_by`,`partner_revised`) values (1,'3','Partner 1','[\"cust 1\"]','jalan surabaya','[\"margomulyo\"]','3575','[\"03435258235\"]','[\"03435258235\"]','[\"a@s\"]','[\"\"]','[\"2223\"]','[\"\"]','12345','Order_P6586300_-_www_seagm_com2.pdf',100.00,'y','2017-02-15 18:03:04','developer','2017-03-30 11:45:42','developer',7),(2,'1','Partner 2','[\"Partner 2\"]','Alamat','[\"Alamat Cetak\"]','1107','[\"03435258235\"]','[\"03483932\"]','[\"partner2@partner.com\",\"partner@gmail.com\"]','[\"partner@partner.com\",\"partner2@gmail.com\"]','[\"333333\"]','[\"\"]','1212324221','10-BekerjaDenganDatabase.pdf',0.00,'n','2017-02-17 13:47:27','developer','2017-05-10 13:55:53','developer',23),(3,'1','Partner 3','[\"Partner 3\"]','Alamat partner','[\"Alamat cetak\"]',NULL,'[\"085645321152\"]','[\"89638\"]','[\"partner3@gmail.com\"]','[\"partner@gmail.com\"]','[]','[]','63853','',0.00,'n','2017-03-06 13:21:36','developer','2017-04-28 15:24:44','developer',9),(4,'1','dsd','[\"\"]','ww','[\"\"]',NULL,'[\"333\"]','[\"\"]','[\"awa@sese\"]','[\"\"]','[\"444\"]','[\"\"]','','',0.00,'y','2017-03-08 08:32:50','developer','2017-04-28 02:26:47','developer',2),(5,'1','aaaa','[\"\"]','waws','[\"\"]',NULL,'[\"4322\"]','[\"\"]','[\"asas@asa\"]','[\"\"]','[\"2233\"]','[\"\"]','','',0.00,'y','2017-03-08 08:37:13','developer','2017-04-28 02:26:51','developer',2),(6,'1','Great Fortune, PT','[\"a\"]','Raya pakal No. 1 - A RT.05/RW.01','[\"a\"]','1107','[\"0317422241\"]','[\"\"]','[\"\"]','[\"\"]','[\"0317422245\"]','[\"\"]','','',0.00,'y','2017-03-20 16:06:36','pembelian','2017-04-25 11:30:27','developer',1),(7,'2','alfamart','[\"alfa\",\"alfa1\"]','adad','[\"alfa2\",\"alfa2\"]','3578','[\"88\"]','[\"\"]','[\"\"]','[\"\"]','[\"2343\"]','[\"\"]','','',30.00,'y','2017-03-29 09:50:13','developer','2017-03-30 10:29:10','developer',7),(8,'2','alfamart','[\"alfa\",\"alfa1\"]','adad','[\"asdasd\",\"asasdada\"]',NULL,'[\"3434\"]','[\"23344\",\"543341\"]','[\"slfa@ddf\"]','[\"\"]','[\"3434335\"]','[\"3355\"]','','',10.00,'y','2017-03-29 09:50:14','developer','2017-04-28 14:47:43','developer',6),(9,'3','ewrew','[\"aewe\"]','balongsari','[\"surabaya\"]','3573','[\"312312323\"]','[\"312312323\"]','[\"vfbdgdfg@gmail.com\"]','[\"fewewrew@gmail.com\"]','[\"3312123\"]','[\"23321331\"]','12313123123','',0.00,'n','2017-04-03 10:31:58','developer','2017-04-03 10:32:55','developer',2),(10,'3','pt jasaweb','[\"jasaweb 1\",\"jasaweb 2\",\"jasaweb 3\"]','lontar no 226','[\"surabaya\"]','3578','[\"0312312323\"]','[\"031\"]','[\"jasaweb@gmail.com\"]','[\"\"]','[\"031231\"]','[\"031\"]','092749467','',100000000.00,'y','2017-04-11 15:31:40','developer','2017-04-11 15:31:40',NULL,0),(11,'3','agung','[\"agung jaya\"]','Jl. Kaliasin no.99','[\"Jl. Raya\"]','3578','[\"0317457256\"]','[\"0312544442\",\"081234568\"]','[\"mail@gmail.com\"]','[\"mail@gmail.com\"]','[\"031225666\"]','[\"0314788988\",\"01232659\"]','','',10000000.00,'y','2017-04-12 13:51:13','developer','2017-04-12 13:57:47','developer',1),(12,'3','Custam','[\"Custami\"]','Jl.Gahi','[\"JL.  Jadi\"]','3509','[\"08102837\"]','[\"08199999\"]','[\"mail@gmail.com\"]','[\"mail@gmail.com\"]','[\"031762376\"]','[\"03145765786\"]','','',10000000.00,'n','2017-04-12 13:55:23','developer','2017-04-12 13:59:17','developer',2),(13,'1','Sup3','[\"Sup4\"]','Jl. Gahiui','[\"Jl. Nusa dua\",\"Jl. Banyurip\"]','3372','[\"0315454564\"]','[\"03125656\"]','[\"mail@gmail.com\"]','[\"mail@gmail.com\"]','[\"03154849\"]','[\"031544998\"]','','',100000000.00,'y','2017-04-12 14:01:26','developer','2017-04-12 14:01:26',NULL,0),(14,'2','cus6','[\"cus7\"]','Alamat','[\"Alamat\"]','3372','[\"12355646\",\"1258789\"]','[\"8565565\",\"8948465\"]','[\"mail@gmail.com\"]','[\"mail@gmail.com\"]','[\"031258784\"]','[\"03154898\"]','','',112155555.01,'y','2017-04-12 14:04:01','developer','2017-04-13 16:45:51','developer',2);

/*Table structure for table `m_promo` */

DROP TABLE IF EXISTS `m_promo`;

CREATE TABLE `m_promo` (
  `promo_id` int(11) NOT NULL,
  `promo_nama` varchar(255) DEFAULT NULL,
  `promo_qty` int(11) DEFAULT NULL,
  `promo_harga` int(11) DEFAULT NULL,
  `promo_status_aktif` char(1) DEFAULT NULL,
  `promo_create_date` datetime DEFAULT '0000-00-00 00:00:00',
  `promo_create_by` varchar(255) DEFAULT NULL,
  `promo_update_date` datetime DEFAULT NULL,
  `promo_update_by` varchar(255) DEFAULT NULL,
  `promo_revised` int(11) DEFAULT NULL,
  PRIMARY KEY (`promo_id`)
) ENGINE=InnoDB DEFAULT CHARSET=latin1;

/*Data for the table `m_promo` */

/*Table structure for table `m_satuan` */

DROP TABLE IF EXISTS `m_satuan`;

CREATE TABLE `m_satuan` (
  `satuan_id` int(11) NOT NULL AUTO_INCREMENT,
  `satuan_nama` varchar(255) DEFAULT NULL,
  `satuan_status_aktif` char(1) DEFAULT NULL,
  `satuan_create_date` datetime DEFAULT NULL,
  `satuan_create_by` varchar(255) DEFAULT NULL,
  `satuan_update_date` datetime DEFAULT NULL ON UPDATE CURRENT_TIMESTAMP,
  `satuan_update_by` varchar(255) DEFAULT NULL,
  `satuan_revised` int(11) DEFAULT NULL,
  PRIMARY KEY (`satuan_id`)
) ENGINE=InnoDB AUTO_INCREMENT=4 DEFAULT CHARSET=latin1;

/*Data for the table `m_satuan` */

insert  into `m_satuan`(`satuan_id`,`satuan_nama`,`satuan_status_aktif`,`satuan_create_date`,`satuan_create_by`,`satuan_update_date`,`satuan_update_by`,`satuan_revised`) values (1,'PCS','y','2017-04-20 15:00:59','developer','2017-04-20 15:00:59','developer',0),(2,'BIJI','y','2017-04-26 09:53:52','developer','2017-05-06 03:13:29','developer',2),(3,'DOS','y','2017-05-06 02:40:37','developer','2017-05-06 03:13:19','developer',2);

/*Table structure for table `m_sub_atribut_barang` */

DROP TABLE IF EXISTS `m_sub_atribut_barang`;

CREATE TABLE `m_sub_atribut_barang` (
  `sub_atribut_id` int(11) NOT NULL AUTO_INCREMENT,
  `m_atribut_id` int(11) NOT NULL,
  `sub_atribut_jenis` varchar(255) NOT NULL,
  `sub_atribut_nama` varchar(255) NOT NULL,
  `sub_atribut_satuan` varchar(255) DEFAULT NULL,
  `sub_atribut_default_value` varchar(255) DEFAULT NULL,
  `sub_atribut_status_aktif` varchar(255) NOT NULL,
  `sub_atribut_create_date` datetime NOT NULL DEFAULT '0000-00-00 00:00:00',
  `sub_atribut_create_by` varchar(255) NOT NULL,
  `sub_atribut_update_date` datetime DEFAULT NULL ON UPDATE CURRENT_TIMESTAMP,
  `sub_atribut_update_by` varchar(255) DEFAULT NULL,
  `sub_atribut_revised` int(11) DEFAULT NULL,
  PRIMARY KEY (`sub_atribut_id`),
  KEY `barang` (`m_atribut_id`),
  CONSTRAINT `atribut_barang` FOREIGN KEY (`m_atribut_id`) REFERENCES `m_atribut_barang` (`atribut_id`)
) ENGINE=InnoDB AUTO_INCREMENT=6 DEFAULT CHARSET=latin1;

/*Data for the table `m_sub_atribut_barang` */

insert  into `m_sub_atribut_barang`(`sub_atribut_id`,`m_atribut_id`,`sub_atribut_jenis`,`sub_atribut_nama`,`sub_atribut_satuan`,`sub_atribut_default_value`,`sub_atribut_status_aktif`,`sub_atribut_create_date`,`sub_atribut_create_by`,`sub_atribut_update_date`,`sub_atribut_update_by`,`sub_atribut_revised`) values (1,4,'3','Berat Barang','2','0','n','2017-02-15 18:16:57','developer','2017-05-06 03:42:15','developer',1),(2,4,'3','Berat Packaging','2','0','n','2017-02-15 18:17:56','developer','2017-05-06 03:42:15','developer',1),(3,5,'1','Warna Dasar','','[{\"id\":\"1\",\"nama\":\"Abu Abu\"},{\"id\":\"2\",\"nama\":\"Hitam\"},{\"id\":\"3\",\"nama\":\"Putih\"}]','n','2017-02-15 19:42:37','developer','2017-05-06 03:42:15','developer',1),(4,5,'1','Warna Tambahan','','[{\"id\":\"1\",\"nama\":\"Abu Abu\"},{\"id\":\"2\",\"nama\":\"Hitam\"},{\"id\":\"3\",\"nama\":\"Putih\"}]','n','2017-02-15 19:43:25','developer','2017-05-06 03:42:15','developer',1),(5,1,'3','warna dasar','1','0','y','2017-03-06 13:58:40','developer','2017-03-06 13:59:09','developer',1);

/*Table structure for table `m_type_karyawan` */

DROP TABLE IF EXISTS `m_type_karyawan`;

CREATE TABLE `m_type_karyawan` (
  `type_karyawan_id` int(11) NOT NULL AUTO_INCREMENT,
  `type_karyawan_nama` varchar(255) NOT NULL,
  `type_karyawan_status_aktif` char(1) NOT NULL,
  `type_karyawan_create_date` datetime NOT NULL DEFAULT '0000-00-00 00:00:00',
  `type_karyawan_create_by` varchar(255) NOT NULL,
  `type_karyawan_update_date` datetime DEFAULT NULL ON UPDATE CURRENT_TIMESTAMP,
  `type_karyawan_update_by` varchar(255) DEFAULT NULL,
  `type_karyawan_revised` int(11) DEFAULT NULL,
  PRIMARY KEY (`type_karyawan_id`)
) ENGINE=InnoDB AUTO_INCREMENT=14 DEFAULT CHARSET=latin1;

/*Data for the table `m_type_karyawan` */

insert  into `m_type_karyawan`(`type_karyawan_id`,`type_karyawan_nama`,`type_karyawan_status_aktif`,`type_karyawan_create_date`,`type_karyawan_create_by`,`type_karyawan_update_date`,`type_karyawan_update_by`,`type_karyawan_revised`) values (1,'administrator','y','0000-00-00 00:00:00','0','2017-02-07 13:10:30',NULL,NULL),(4,'user','y','2017-02-15 17:57:00','developer','2017-02-15 17:57:00',NULL,0),(5,'gudang bahan','y','2017-03-01 11:46:40','developer','2017-03-01 11:46:40',NULL,0),(6,'Pembelian','y','2017-03-01 12:05:41','developer','2017-03-01 12:05:41',NULL,0),(7,'jenis barang','y','2017-03-06 12:09:33','developer','2017-03-06 13:26:40','developer',4),(8,'penjualan','y','2017-03-06 13:05:27','developer','2017-03-06 13:05:47','developer',2),(9,'produksi','y','2017-03-21 10:11:34','developer','2017-03-21 10:11:34',NULL,0),(10,'kepala produksi','y','2017-03-21 10:11:57','developer','2017-03-21 10:11:57',NULL,0),(11,'kasir','y','2017-03-21 10:11:57','developer','2017-03-21 10:11:57',NULL,NULL),(12,'kasir ekspedisi','y','2017-03-21 10:11:57','developer','2017-03-21 10:11:57',NULL,NULL),(13,'TestTipeKaryawan','y','2017-04-17 12:20:49','developer','2017-04-17 12:20:49',NULL,0);

/*Table structure for table `m_value` */

DROP TABLE IF EXISTS `m_value`;

CREATE TABLE `m_value` (
  `value_id` int(11) NOT NULL AUTO_INCREMENT,
  `referensi_type` char(1) NOT NULL COMMENT '1= m_attribut_barang 2= m_sub_attribut_barang',
  `referensi_id` int(11) NOT NULL,
  `value` varchar(255) NOT NULL,
  `value_create_date` datetime NOT NULL DEFAULT '0000-00-00 00:00:00' ON UPDATE CURRENT_TIMESTAMP,
  `value_create_by` varchar(255) NOT NULL,
  `value_update_date` datetime DEFAULT NULL ON UPDATE CURRENT_TIMESTAMP,
  `value_update_by` varchar(255) DEFAULT NULL,
  `value_revised` int(11) DEFAULT NULL,
  PRIMARY KEY (`value_id`)
) ENGINE=InnoDB AUTO_INCREMENT=11 DEFAULT CHARSET=latin1;

/*Data for the table `m_value` */

insert  into `m_value`(`value_id`,`referensi_type`,`referensi_id`,`value`,`value_create_date`,`value_create_by`,`value_update_date`,`value_update_by`,`value_revised`) values (1,'1',1,'20','2017-02-16 00:06:05','developer','2017-02-16 00:05:57','developer',2),(2,'1',2,'10','2017-02-16 00:06:05','developer','2017-02-16 00:05:57','developer',2),(3,'1',3,'5','2017-02-16 00:06:05','developer','2017-02-16 00:05:57','developer',2),(4,'1',4,'30','2017-02-16 00:06:05','developer','2017-02-16 00:05:57','developer',2),(5,'2',1,'25','2017-02-16 00:06:06','developer','2017-02-16 00:05:57','developer',1),(6,'2',2,'5','2017-02-16 00:06:06','developer','2017-02-16 00:05:58','developer',1),(7,'1',5,'1','2017-02-16 00:06:06','developer','2017-02-16 00:05:58','developer',1),(8,'2',3,'3','2017-02-16 00:06:07','developer','2017-02-16 00:05:58','developer',1),(9,'2',4,'2','2017-02-16 00:06:07','developer','2017-02-16 00:05:59','developer',1),(10,'1',6,'Barang lain','2017-02-16 00:06:07','developer','2017-02-16 00:05:59','developer',1);

/*Table structure for table `provinces` */

DROP TABLE IF EXISTS `provinces`;

CREATE TABLE `provinces` (
  `id` char(2) COLLATE utf8_unicode_ci NOT NULL,
  `name` varchar(255) COLLATE utf8_unicode_ci NOT NULL,
  PRIMARY KEY (`id`)
) ENGINE=InnoDB DEFAULT CHARSET=utf8 COLLATE=utf8_unicode_ci;

/*Data for the table `provinces` */

insert  into `provinces`(`id`,`name`) values ('11','ACEH'),('12','SUMATERA UTARA'),('13','SUMATERA BARAT'),('14','RIAU'),('15','JAMBI'),('16','SUMATERA SELATAN'),('17','BENGKULU'),('18','LAMPUNG'),('19','KEPULAUAN BANGKA BELITUNG'),('21','KEPULAUAN RIAU'),('31','DKI JAKARTA'),('32','JAWA BARAT'),('33','JAWA TENGAH'),('34','DI YOGYAKARTA'),('35','JAWA TIMUR'),('36','BANTEN'),('51','BALI'),('52','NUSA TENGGARA BARAT'),('53','NUSA TENGGARA TIMUR'),('61','KALIMANTAN BARAT'),('62','KALIMANTAN TENGAH'),('63','KALIMANTAN SELATAN'),('64','KALIMANTAN TIMUR'),('65','KALIMANTAN UTARA'),('71','SULAWESI UTARA'),('72','SULAWESI TENGAH'),('73','SULAWESI SELATAN'),('74','SULAWESI TENGGARA'),('75','GORONTALO'),('76','SULAWESI BARAT'),('81','MALUKU'),('82','MALUKU UTARA'),('91','PAPUA BARAT'),('94','PAPUA');

/*Table structure for table `regencies` */

DROP TABLE IF EXISTS `regencies`;

CREATE TABLE `regencies` (
  `id` char(4) COLLATE utf8_unicode_ci NOT NULL,
  `province_id` char(2) COLLATE utf8_unicode_ci NOT NULL,
  `name` varchar(255) COLLATE utf8_unicode_ci NOT NULL,
  PRIMARY KEY (`id`),
  KEY `regencies_province_id_index` (`province_id`),
  CONSTRAINT `regencies_province_id_foreign` FOREIGN KEY (`province_id`) REFERENCES `provinces` (`id`)
) ENGINE=InnoDB DEFAULT CHARSET=utf8 COLLATE=utf8_unicode_ci;

/*Data for the table `regencies` */

insert  into `regencies`(`id`,`province_id`,`name`) values ('1101','11','KABUPATEN SIMEULUE'),('1102','11','KABUPATEN ACEH SINGKIL'),('1103','11','KABUPATEN ACEH SELATAN'),('1104','11','KABUPATEN ACEH TENGGARA'),('1105','11','KABUPATEN ACEH TIMUR'),('1106','11','KABUPATEN ACEH TENGAH'),('1107','11','KABUPATEN ACEH BARAT'),('1108','11','KABUPATEN ACEH BESAR'),('1109','11','KABUPATEN PIDIE'),('1110','11','KABUPATEN BIREUEN'),('1111','11','KABUPATEN ACEH UTARA'),('1112','11','KABUPATEN ACEH BARAT DAYA'),('1113','11','KABUPATEN GAYO LUES'),('1114','11','KABUPATEN ACEH TAMIANG'),('1115','11','KABUPATEN NAGAN RAYA'),('1116','11','KABUPATEN ACEH JAYA'),('1117','11','KABUPATEN BENER MERIAH'),('1118','11','KABUPATEN PIDIE JAYA'),('1171','11','KOTA BANDA ACEH'),('1172','11','KOTA SABANG'),('1173','11','KOTA LANGSA'),('1174','11','KOTA LHOKSEUMAWE'),('1175','11','KOTA SUBULUSSALAM'),('1201','12','KABUPATEN NIAS'),('1202','12','KABUPATEN MANDAILING NATAL'),('1203','12','KABUPATEN TAPANULI SELATAN'),('1204','12','KABUPATEN TAPANULI TENGAH'),('1205','12','KABUPATEN TAPANULI UTARA'),('1206','12','KABUPATEN TOBA SAMOSIR'),('1207','12','KABUPATEN LABUHAN BATU'),('1208','12','KABUPATEN ASAHAN'),('1209','12','KABUPATEN SIMALUNGUN'),('1210','12','KABUPATEN DAIRI'),('1211','12','KABUPATEN KARO'),('1212','12','KABUPATEN DELI SERDANG'),('1213','12','KABUPATEN LANGKAT'),('1214','12','KABUPATEN NIAS SELATAN'),('1215','12','KABUPATEN HUMBANG HASUNDUTAN'),('1216','12','KABUPATEN PAKPAK BHARAT'),('1217','12','KABUPATEN SAMOSIR'),('1218','12','KABUPATEN SERDANG BEDAGAI'),('1219','12','KABUPATEN BATU BARA'),('1220','12','KABUPATEN PADANG LAWAS UTARA'),('1221','12','KABUPATEN PADANG LAWAS'),('1222','12','KABUPATEN LABUHAN BATU SELATAN'),('1223','12','KABUPATEN LABUHAN BATU UTARA'),('1224','12','KABUPATEN NIAS UTARA'),('1225','12','KABUPATEN NIAS BARAT'),('1271','12','KOTA SIBOLGA'),('1272','12','KOTA TANJUNG BALAI'),('1273','12','KOTA PEMATANG SIANTAR'),('1274','12','KOTA TEBING TINGGI'),('1275','12','KOTA MEDAN'),('1276','12','KOTA BINJAI'),('1277','12','KOTA PADANGSIDIMPUAN'),('1278','12','KOTA GUNUNGSITOLI'),('1301','13','KABUPATEN KEPULAUAN MENTAWAI'),('1302','13','KABUPATEN PESISIR SELATAN'),('1303','13','KABUPATEN SOLOK'),('1304','13','KABUPATEN SIJUNJUNG'),('1305','13','KABUPATEN TANAH DATAR'),('1306','13','KABUPATEN PADANG PARIAMAN'),('1307','13','KABUPATEN AGAM'),('1308','13','KABUPATEN LIMA PULUH KOTA'),('1309','13','KABUPATEN PASAMAN'),('1310','13','KABUPATEN SOLOK SELATAN'),('1311','13','KABUPATEN DHARMASRAYA'),('1312','13','KABUPATEN PASAMAN BARAT'),('1371','13','KOTA PADANG'),('1372','13','KOTA SOLOK'),('1373','13','KOTA SAWAH LUNTO'),('1374','13','KOTA PADANG PANJANG'),('1375','13','KOTA BUKITTINGGI'),('1376','13','KOTA PAYAKUMBUH'),('1377','13','KOTA PARIAMAN'),('1401','14','KABUPATEN KUANTAN SINGINGI'),('1402','14','KABUPATEN INDRAGIRI HULU'),('1403','14','KABUPATEN INDRAGIRI HILIR'),('1404','14','KABUPATEN PELALAWAN'),('1405','14','KABUPATEN S I A K'),('1406','14','KABUPATEN KAMPAR'),('1407','14','KABUPATEN ROKAN HULU'),('1408','14','KABUPATEN BENGKALIS'),('1409','14','KABUPATEN ROKAN HILIR'),('1410','14','KABUPATEN KEPULAUAN MERANTI'),('1471','14','KOTA PEKANBARU'),('1473','14','KOTA D U M A I'),('1501','15','KABUPATEN KERINCI'),('1502','15','KABUPATEN MERANGIN'),('1503','15','KABUPATEN SAROLANGUN'),('1504','15','KABUPATEN BATANG HARI'),('1505','15','KABUPATEN MUARO JAMBI'),('1506','15','KABUPATEN TANJUNG JABUNG TIMUR'),('1507','15','KABUPATEN TANJUNG JABUNG BARAT'),('1508','15','KABUPATEN TEBO'),('1509','15','KABUPATEN BUNGO'),('1571','15','KOTA JAMBI'),('1572','15','KOTA SUNGAI PENUH'),('1601','16','KABUPATEN OGAN KOMERING ULU'),('1602','16','KABUPATEN OGAN KOMERING ILIR'),('1603','16','KABUPATEN MUARA ENIM'),('1604','16','KABUPATEN LAHAT'),('1605','16','KABUPATEN MUSI RAWAS'),('1606','16','KABUPATEN MUSI BANYUASIN'),('1607','16','KABUPATEN BANYU ASIN'),('1608','16','KABUPATEN OGAN KOMERING ULU SELATAN'),('1609','16','KABUPATEN OGAN KOMERING ULU TIMUR'),('1610','16','KABUPATEN OGAN ILIR'),('1611','16','KABUPATEN EMPAT LAWANG'),('1612','16','KABUPATEN PENUKAL ABAB LEMATANG ILIR'),('1613','16','KABUPATEN MUSI RAWAS UTARA'),('1671','16','KOTA PALEMBANG'),('1672','16','KOTA PRABUMULIH'),('1673','16','KOTA PAGAR ALAM'),('1674','16','KOTA LUBUKLINGGAU'),('1701','17','KABUPATEN BENGKULU SELATAN'),('1702','17','KABUPATEN REJANG LEBONG'),('1703','17','KABUPATEN BENGKULU UTARA'),('1704','17','KABUPATEN KAUR'),('1705','17','KABUPATEN SELUMA'),('1706','17','KABUPATEN MUKOMUKO'),('1707','17','KABUPATEN LEBONG'),('1708','17','KABUPATEN KEPAHIANG'),('1709','17','KABUPATEN BENGKULU TENGAH'),('1771','17','KOTA BENGKULU'),('1801','18','KABUPATEN LAMPUNG BARAT'),('1802','18','KABUPATEN TANGGAMUS'),('1803','18','KABUPATEN LAMPUNG SELATAN'),('1804','18','KABUPATEN LAMPUNG TIMUR'),('1805','18','KABUPATEN LAMPUNG TENGAH'),('1806','18','KABUPATEN LAMPUNG UTARA'),('1807','18','KABUPATEN WAY KANAN'),('1808','18','KABUPATEN TULANGBAWANG'),('1809','18','KABUPATEN PESAWARAN'),('1810','18','KABUPATEN PRINGSEWU'),('1811','18','KABUPATEN MESUJI'),('1812','18','KABUPATEN TULANG BAWANG BARAT'),('1813','18','KABUPATEN PESISIR BARAT'),('1871','18','KOTA BANDAR LAMPUNG'),('1872','18','KOTA METRO'),('1901','19','KABUPATEN BANGKA'),('1902','19','KABUPATEN BELITUNG'),('1903','19','KABUPATEN BANGKA BARAT'),('1904','19','KABUPATEN BANGKA TENGAH'),('1905','19','KABUPATEN BANGKA SELATAN'),('1906','19','KABUPATEN BELITUNG TIMUR'),('1971','19','KOTA PANGKAL PINANG'),('2101','21','KABUPATEN KARIMUN'),('2102','21','KABUPATEN BINTAN'),('2103','21','KABUPATEN NATUNA'),('2104','21','KABUPATEN LINGGA'),('2105','21','KABUPATEN KEPULAUAN ANAMBAS'),('2171','21','KOTA B A T A M'),('2172','21','KOTA TANJUNG PINANG'),('3101','31','KABUPATEN KEPULAUAN SERIBU'),('3171','31','KOTA JAKARTA SELATAN'),('3172','31','KOTA JAKARTA TIMUR'),('3173','31','KOTA JAKARTA PUSAT'),('3174','31','KOTA JAKARTA BARAT'),('3175','31','KOTA JAKARTA UTARA'),('3201','32','KABUPATEN BOGOR'),('3202','32','KABUPATEN SUKABUMI'),('3203','32','KABUPATEN CIANJUR'),('3204','32','KABUPATEN BANDUNG'),('3205','32','KABUPATEN GARUT'),('3206','32','KABUPATEN TASIKMALAYA'),('3207','32','KABUPATEN CIAMIS'),('3208','32','KABUPATEN KUNINGAN'),('3209','32','KABUPATEN CIREBON'),('3210','32','KABUPATEN MAJALENGKA'),('3211','32','KABUPATEN SUMEDANG'),('3212','32','KABUPATEN INDRAMAYU'),('3213','32','KABUPATEN SUBANG'),('3214','32','KABUPATEN PURWAKARTA'),('3215','32','KABUPATEN KARAWANG'),('3216','32','KABUPATEN BEKASI'),('3217','32','KABUPATEN BANDUNG BARAT'),('3218','32','KABUPATEN PANGANDARAN'),('3271','32','KOTA BOGOR'),('3272','32','KOTA SUKABUMI'),('3273','32','KOTA BANDUNG'),('3274','32','KOTA CIREBON'),('3275','32','KOTA BEKASI'),('3276','32','KOTA DEPOK'),('3277','32','KOTA CIMAHI'),('3278','32','KOTA TASIKMALAYA'),('3279','32','KOTA BANJAR'),('3301','33','KABUPATEN CILACAP'),('3302','33','KABUPATEN BANYUMAS'),('3303','33','KABUPATEN PURBALINGGA'),('3304','33','KABUPATEN BANJARNEGARA'),('3305','33','KABUPATEN KEBUMEN'),('3306','33','KABUPATEN PURWOREJO'),('3307','33','KABUPATEN WONOSOBO'),('3308','33','KABUPATEN MAGELANG'),('3309','33','KABUPATEN BOYOLALI'),('3310','33','KABUPATEN KLATEN'),('3311','33','KABUPATEN SUKOHARJO'),('3312','33','KABUPATEN WONOGIRI'),('3313','33','KABUPATEN KARANGANYAR'),('3314','33','KABUPATEN SRAGEN'),('3315','33','KABUPATEN GROBOGAN'),('3316','33','KABUPATEN BLORA'),('3317','33','KABUPATEN REMBANG'),('3318','33','KABUPATEN PATI'),('3319','33','KABUPATEN KUDUS'),('3320','33','KABUPATEN JEPARA'),('3321','33','KABUPATEN DEMAK'),('3322','33','KABUPATEN SEMARANG'),('3323','33','KABUPATEN TEMANGGUNG'),('3324','33','KABUPATEN KENDAL'),('3325','33','KABUPATEN BATANG'),('3326','33','KABUPATEN PEKALONGAN'),('3327','33','KABUPATEN PEMALANG'),('3328','33','KABUPATEN TEGAL'),('3329','33','KABUPATEN BREBES'),('3371','33','KOTA MAGELANG'),('3372','33','KOTA SURAKARTA'),('3373','33','KOTA SALATIGA'),('3374','33','KOTA SEMARANG'),('3375','33','KOTA PEKALONGAN'),('3376','33','KOTA TEGAL'),('3401','34','KABUPATEN KULON PROGO'),('3402','34','KABUPATEN BANTUL'),('3403','34','KABUPATEN GUNUNG KIDUL'),('3404','34','KABUPATEN SLEMAN'),('3471','34','KOTA YOGYAKARTA'),('3501','35','KABUPATEN PACITAN'),('3502','35','KABUPATEN PONOROGO'),('3503','35','KABUPATEN TRENGGALEK'),('3504','35','KABUPATEN TULUNGAGUNG'),('3505','35','KABUPATEN BLITAR'),('3506','35','KABUPATEN KEDIRI'),('3507','35','KABUPATEN MALANG'),('3508','35','KABUPATEN LUMAJANG'),('3509','35','KABUPATEN JEMBER'),('3510','35','KABUPATEN BANYUWANGI'),('3511','35','KABUPATEN BONDOWOSO'),('3512','35','KABUPATEN SITUBONDO'),('3513','35','KABUPATEN PROBOLINGGO'),('3514','35','KABUPATEN PASURUAN'),('3515','35','KABUPATEN SIDOARJO'),('3516','35','KABUPATEN MOJOKERTO'),('3517','35','KABUPATEN JOMBANG'),('3518','35','KABUPATEN NGANJUK'),('3519','35','KABUPATEN MADIUN'),('3520','35','KABUPATEN MAGETAN'),('3521','35','KABUPATEN NGAWI'),('3522','35','KABUPATEN BOJONEGORO'),('3523','35','KABUPATEN TUBAN'),('3524','35','KABUPATEN LAMONGAN'),('3525','35','KABUPATEN GRESIK'),('3526','35','KABUPATEN BANGKALAN'),('3527','35','KABUPATEN SAMPANG'),('3528','35','KABUPATEN PAMEKASAN'),('3529','35','KABUPATEN SUMENEP'),('3571','35','KOTA KEDIRI'),('3572','35','KOTA BLITAR'),('3573','35','KOTA MALANG'),('3574','35','KOTA PROBOLINGGO'),('3575','35','KOTA PASURUAN'),('3576','35','KOTA MOJOKERTO'),('3577','35','KOTA MADIUN'),('3578','35','KOTA SURABAYA'),('3579','35','KOTA BATU'),('3601','36','KABUPATEN PANDEGLANG'),('3602','36','KABUPATEN LEBAK'),('3603','36','KABUPATEN TANGERANG'),('3604','36','KABUPATEN SERANG'),('3671','36','KOTA TANGERANG'),('3672','36','KOTA CILEGON'),('3673','36','KOTA SERANG'),('3674','36','KOTA TANGERANG SELATAN'),('5101','51','KABUPATEN JEMBRANA'),('5102','51','KABUPATEN TABANAN'),('5103','51','KABUPATEN BADUNG'),('5104','51','KABUPATEN GIANYAR'),('5105','51','KABUPATEN KLUNGKUNG'),('5106','51','KABUPATEN BANGLI'),('5107','51','KABUPATEN KARANG ASEM'),('5108','51','KABUPATEN BULELENG'),('5171','51','KOTA DENPASAR'),('5201','52','KABUPATEN LOMBOK BARAT'),('5202','52','KABUPATEN LOMBOK TENGAH'),('5203','52','KABUPATEN LOMBOK TIMUR'),('5204','52','KABUPATEN SUMBAWA'),('5205','52','KABUPATEN DOMPU'),('5206','52','KABUPATEN BIMA'),('5207','52','KABUPATEN SUMBAWA BARAT'),('5208','52','KABUPATEN LOMBOK UTARA'),('5271','52','KOTA MATARAM'),('5272','52','KOTA BIMA'),('5301','53','KABUPATEN SUMBA BARAT'),('5302','53','KABUPATEN SUMBA TIMUR'),('5303','53','KABUPATEN KUPANG'),('5304','53','KABUPATEN TIMOR TENGAH SELATAN'),('5305','53','KABUPATEN TIMOR TENGAH UTARA'),('5306','53','KABUPATEN BELU'),('5307','53','KABUPATEN ALOR'),('5308','53','KABUPATEN LEMBATA'),('5309','53','KABUPATEN FLORES TIMUR'),('5310','53','KABUPATEN SIKKA'),('5311','53','KABUPATEN ENDE'),('5312','53','KABUPATEN NGADA'),('5313','53','KABUPATEN MANGGARAI'),('5314','53','KABUPATEN ROTE NDAO'),('5315','53','KABUPATEN MANGGARAI BARAT'),('5316','53','KABUPATEN SUMBA TENGAH'),('5317','53','KABUPATEN SUMBA BARAT DAYA'),('5318','53','KABUPATEN NAGEKEO'),('5319','53','KABUPATEN MANGGARAI TIMUR'),('5320','53','KABUPATEN SABU RAIJUA'),('5321','53','KABUPATEN MALAKA'),('5371','53','KOTA KUPANG'),('6101','61','KABUPATEN SAMBAS'),('6102','61','KABUPATEN BENGKAYANG'),('6103','61','KABUPATEN LANDAK'),('6104','61','KABUPATEN MEMPAWAH'),('6105','61','KABUPATEN SANGGAU'),('6106','61','KABUPATEN KETAPANG'),('6107','61','KABUPATEN SINTANG'),('6108','61','KABUPATEN KAPUAS HULU'),('6109','61','KABUPATEN SEKADAU'),('6110','61','KABUPATEN MELAWI'),('6111','61','KABUPATEN KAYONG UTARA'),('6112','61','KABUPATEN KUBU RAYA'),('6171','61','KOTA PONTIANAK'),('6172','61','KOTA SINGKAWANG'),('6201','62','KABUPATEN KOTAWARINGIN BARAT'),('6202','62','KABUPATEN KOTAWARINGIN TIMUR'),('6203','62','KABUPATEN KAPUAS'),('6204','62','KABUPATEN BARITO SELATAN'),('6205','62','KABUPATEN BARITO UTARA'),('6206','62','KABUPATEN SUKAMARA'),('6207','62','KABUPATEN LAMANDAU'),('6208','62','KABUPATEN SERUYAN'),('6209','62','KABUPATEN KATINGAN'),('6210','62','KABUPATEN PULANG PISAU'),('6211','62','KABUPATEN GUNUNG MAS'),('6212','62','KABUPATEN BARITO TIMUR'),('6213','62','KABUPATEN MURUNG RAYA'),('6271','62','KOTA PALANGKA RAYA'),('6301','63','KABUPATEN TANAH LAUT'),('6302','63','KABUPATEN KOTA BARU'),('6303','63','KABUPATEN BANJAR'),('6304','63','KABUPATEN BARITO KUALA'),('6305','63','KABUPATEN TAPIN'),('6306','63','KABUPATEN HULU SUNGAI SELATAN'),('6307','63','KABUPATEN HULU SUNGAI TENGAH'),('6308','63','KABUPATEN HULU SUNGAI UTARA'),('6309','63','KABUPATEN TABALONG'),('6310','63','KABUPATEN TANAH BUMBU'),('6311','63','KABUPATEN BALANGAN'),('6371','63','KOTA BANJARMASIN'),('6372','63','KOTA BANJAR BARU'),('6401','64','KABUPATEN PASER'),('6402','64','KABUPATEN KUTAI BARAT'),('6403','64','KABUPATEN KUTAI KARTANEGARA'),('6404','64','KABUPATEN KUTAI TIMUR'),('6405','64','KABUPATEN BERAU'),('6409','64','KABUPATEN PENAJAM PASER UTARA'),('6411','64','KABUPATEN MAHAKAM HULU'),('6471','64','KOTA BALIKPAPAN'),('6472','64','KOTA SAMARINDA'),('6474','64','KOTA BONTANG'),('6501','65','KABUPATEN MALINAU'),('6502','65','KABUPATEN BULUNGAN'),('6503','65','KABUPATEN TANA TIDUNG'),('6504','65','KABUPATEN NUNUKAN'),('6571','65','KOTA TARAKAN'),('7101','71','KABUPATEN BOLAANG MONGONDOW'),('7102','71','KABUPATEN MINAHASA'),('7103','71','KABUPATEN KEPULAUAN SANGIHE'),('7104','71','KABUPATEN KEPULAUAN TALAUD'),('7105','71','KABUPATEN MINAHASA SELATAN'),('7106','71','KABUPATEN MINAHASA UTARA'),('7107','71','KABUPATEN BOLAANG MONGONDOW UTARA'),('7108','71','KABUPATEN SIAU TAGULANDANG BIARO'),('7109','71','KABUPATEN MINAHASA TENGGARA'),('7110','71','KABUPATEN BOLAANG MONGONDOW SELATAN'),('7111','71','KABUPATEN BOLAANG MONGONDOW TIMUR'),('7171','71','KOTA MANADO'),('7172','71','KOTA BITUNG'),('7173','71','KOTA TOMOHON'),('7174','71','KOTA KOTAMOBAGU'),('7201','72','KABUPATEN BANGGAI KEPULAUAN'),('7202','72','KABUPATEN BANGGAI'),('7203','72','KABUPATEN MOROWALI'),('7204','72','KABUPATEN POSO'),('7205','72','KABUPATEN DONGGALA'),('7206','72','KABUPATEN TOLI-TOLI'),('7207','72','KABUPATEN BUOL'),('7208','72','KABUPATEN PARIGI MOUTONG'),('7209','72','KABUPATEN TOJO UNA-UNA'),('7210','72','KABUPATEN SIGI'),('7211','72','KABUPATEN BANGGAI LAUT'),('7212','72','KABUPATEN MOROWALI UTARA'),('7271','72','KOTA PALU'),('7301','73','KABUPATEN KEPULAUAN SELAYAR'),('7302','73','KABUPATEN BULUKUMBA'),('7303','73','KABUPATEN BANTAENG'),('7304','73','KABUPATEN JENEPONTO'),('7305','73','KABUPATEN TAKALAR'),('7306','73','KABUPATEN GOWA'),('7307','73','KABUPATEN SINJAI'),('7308','73','KABUPATEN MAROS'),('7309','73','KABUPATEN PANGKAJENE DAN KEPULAUAN'),('7310','73','KABUPATEN BARRU'),('7311','73','KABUPATEN BONE'),('7312','73','KABUPATEN SOPPENG'),('7313','73','KABUPATEN WAJO'),('7314','73','KABUPATEN SIDENRENG RAPPANG'),('7315','73','KABUPATEN PINRANG'),('7316','73','KABUPATEN ENREKANG'),('7317','73','KABUPATEN LUWU'),('7318','73','KABUPATEN TANA TORAJA'),('7322','73','KABUPATEN LUWU UTARA'),('7325','73','KABUPATEN LUWU TIMUR'),('7326','73','KABUPATEN TORAJA UTARA'),('7371','73','KOTA MAKASSAR'),('7372','73','KOTA PAREPARE'),('7373','73','KOTA PALOPO'),('7401','74','KABUPATEN BUTON'),('7402','74','KABUPATEN MUNA'),('7403','74','KABUPATEN KONAWE'),('7404','74','KABUPATEN KOLAKA'),('7405','74','KABUPATEN KONAWE SELATAN'),('7406','74','KABUPATEN BOMBANA'),('7407','74','KABUPATEN WAKATOBI'),('7408','74','KABUPATEN KOLAKA UTARA'),('7409','74','KABUPATEN BUTON UTARA'),('7410','74','KABUPATEN KONAWE UTARA'),('7411','74','KABUPATEN KOLAKA TIMUR'),('7412','74','KABUPATEN KONAWE KEPULAUAN'),('7413','74','KABUPATEN MUNA BARAT'),('7414','74','KABUPATEN BUTON TENGAH'),('7415','74','KABUPATEN BUTON SELATAN'),('7471','74','KOTA KENDARI'),('7472','74','KOTA BAUBAU'),('7501','75','KABUPATEN BOALEMO'),('7502','75','KABUPATEN GORONTALO'),('7503','75','KABUPATEN POHUWATO'),('7504','75','KABUPATEN BONE BOLANGO'),('7505','75','KABUPATEN GORONTALO UTARA'),('7571','75','KOTA GORONTALO'),('7601','76','KABUPATEN MAJENE'),('7602','76','KABUPATEN POLEWALI MANDAR'),('7603','76','KABUPATEN MAMASA'),('7604','76','KABUPATEN MAMUJU'),('7605','76','KABUPATEN MAMUJU UTARA'),('7606','76','KABUPATEN MAMUJU TENGAH'),('8101','81','KABUPATEN MALUKU TENGGARA BARAT'),('8102','81','KABUPATEN MALUKU TENGGARA'),('8103','81','KABUPATEN MALUKU TENGAH'),('8104','81','KABUPATEN BURU'),('8105','81','KABUPATEN KEPULAUAN ARU'),('8106','81','KABUPATEN SERAM BAGIAN BARAT'),('8107','81','KABUPATEN SERAM BAGIAN TIMUR'),('8108','81','KABUPATEN MALUKU BARAT DAYA'),('8109','81','KABUPATEN BURU SELATAN'),('8171','81','KOTA AMBON'),('8172','81','KOTA TUAL'),('8201','82','KABUPATEN HALMAHERA BARAT'),('8202','82','KABUPATEN HALMAHERA TENGAH'),('8203','82','KABUPATEN KEPULAUAN SULA'),('8204','82','KABUPATEN HALMAHERA SELATAN'),('8205','82','KABUPATEN HALMAHERA UTARA'),('8206','82','KABUPATEN HALMAHERA TIMUR'),('8207','82','KABUPATEN PULAU MOROTAI'),('8208','82','KABUPATEN PULAU TALIABU'),('8271','82','KOTA TERNATE'),('8272','82','KOTA TIDORE KEPULAUAN'),('9101','91','KABUPATEN FAKFAK'),('9102','91','KABUPATEN KAIMANA'),('9103','91','KABUPATEN TELUK WONDAMA'),('9104','91','KABUPATEN TELUK BINTUNI'),('9105','91','KABUPATEN MANOKWARI'),('9106','91','KABUPATEN SORONG SELATAN'),('9107','91','KABUPATEN SORONG'),('9108','91','KABUPATEN RAJA AMPAT'),('9109','91','KABUPATEN TAMBRAUW'),('9110','91','KABUPATEN MAYBRAT'),('9111','91','KABUPATEN MANOKWARI SELATAN'),('9112','91','KABUPATEN PEGUNUNGAN ARFAK'),('9171','91','KOTA SORONG'),('9401','94','KABUPATEN MERAUKE'),('9402','94','KABUPATEN JAYAWIJAYA'),('9403','94','KABUPATEN JAYAPURA'),('9404','94','KABUPATEN NABIRE'),('9408','94','KABUPATEN KEPULAUAN YAPEN'),('9409','94','KABUPATEN BIAK NUMFOR'),('9410','94','KABUPATEN PANIAI'),('9411','94','KABUPATEN PUNCAK JAYA'),('9412','94','KABUPATEN MIMIKA'),('9413','94','KABUPATEN BOVEN DIGOEL'),('9414','94','KABUPATEN MAPPI'),('9415','94','KABUPATEN ASMAT'),('9416','94','KABUPATEN YAHUKIMO'),('9417','94','KABUPATEN PEGUNUNGAN BINTANG'),('9418','94','KABUPATEN TOLIKARA'),('9419','94','KABUPATEN SARMI'),('9420','94','KABUPATEN KEEROM'),('9426','94','KABUPATEN WAROPEN'),('9427','94','KABUPATEN SUPIORI'),('9428','94','KABUPATEN MAMBERAMO RAYA'),('9429','94','KABUPATEN NDUGA'),('9430','94','KABUPATEN LANNY JAYA'),('9431','94','KABUPATEN MAMBERAMO TENGAH'),('9432','94','KABUPATEN YALIMO'),('9433','94','KABUPATEN PUNCAK'),('9434','94','KABUPATEN DOGIYAI'),('9435','94','KABUPATEN INTAN JAYA'),('9436','94','KABUPATEN DEIYAI'),('9471','94','KOTA JAYAPURA');

/*Table structure for table `s_keluar_barangstatus` */

DROP TABLE IF EXISTS `s_keluar_barangstatus`;

CREATE TABLE `s_keluar_barangstatus` (
  `keluar_barangstatus_id` int(11) NOT NULL AUTO_INCREMENT,
  `referensi_type` int(255) DEFAULT NULL,
  `status_id` int(11) DEFAULT NULL,
  `status_nama` varchar(255) DEFAULT NULL,
  PRIMARY KEY (`keluar_barangstatus_id`)
) ENGINE=InnoDB AUTO_INCREMENT=6 DEFAULT CHARSET=latin1;

/*Data for the table `s_keluar_barangstatus` */

insert  into `s_keluar_barangstatus`(`keluar_barangstatus_id`,`referensi_type`,`status_id`,`status_nama`) values (1,1,1,'BKB Baru'),(2,1,2,'BKB Diterima'),(3,1,3,'BKB Pending'),(4,1,4,'BKB Terkirim'),(5,1,5,'BKB Selesai');

/*Table structure for table `s_menu` */

DROP TABLE IF EXISTS `s_menu`;

CREATE TABLE `s_menu` (
  `menu_id` int(11) NOT NULL AUTO_INCREMENT,
  `menu_nama` varchar(255) DEFAULT NULL,
  `menu_index` int(11) DEFAULT NULL,
  `menu_type` tinyint(1) NOT NULL DEFAULT '0' COMMENT '0 Mainmenu, 1 Submenu',
  `menu_parent` varchar(255) DEFAULT NULL,
  `menu_idelement` varchar(255) DEFAULT NULL,
  `menu_alias` varchar(255) DEFAULT NULL,
  `menu_link` varchar(255) DEFAULT NULL,
  `menu_icon` varchar(255) DEFAULT NULL,
  PRIMARY KEY (`menu_id`)
) ENGINE=InnoDB AUTO_INCREMENT=81 DEFAULT CHARSET=latin1;

/*Data for the table `s_menu` */

insert  into `s_menu`(`menu_id`,`menu_nama`,`menu_index`,`menu_type`,`menu_parent`,`menu_idelement`,`menu_alias`,`menu_link`,`menu_icon`) values (1,'Master Data',1,0,'\r\n                                                echo \'\r\n                                                <li class=\"nav-item start \'.$status2.\'\">\r\n                                                    <a href=\"\'.base_url($row2->menu_link).\'\" class=\"nav-lin','master-data','Master-Data','#','icon-folder-alt'),(2,'Master Cabang',1,1,'1','master-cabang','Master-Cabang','Master-Data/Cabang',NULL),(3,'Master Jenis Gudang',6,1,'1','master-jenis-gudang','Master-Jenis-Gudang','Master-Data/Jenis-Gudang',NULL),(4,'Master Tipe Karyawan',3,1,'1','master-tipe-karyawan','Master-Tipe-Karyawan','Master-Data/Tipe-Karyawan',NULL),(5,'Master Karyawan',4,1,'1','master-karyawan','Master-Karyawan','Master-Data/Karyawan',NULL),(6,'Master Partner',5,1,'1','master-partner','Master-Partner','Master-Data/Partner',NULL),(7,'Master Gudang',7,1,'1','master-gudang','Master-Gudang','Master-Data/Gudang',NULL),(8,'Master Category 1',9,1,'1','category-1','Category-1','Master-Data/Jenis-Barang',NULL),(9,'Master Barang',11,1,'1','master-barang','Master-Barang','Master-Data/Barang',NULL),(10,'Master Atribut Barang',11,1,'1','master-atribut-barang','Master-Atribut-Barang','Master-Data/Atribut-Barang',NULL),(11,'Master Sub Atribut Barang',12,1,'1','master-sub-atribut-barang','Master-Sub-Atribut-Barang','Master-Data/Sub-Atribut-Barang',NULL),(12,'Produksi',3,0,'','produksi','Produksi','#','icon-folder-alt'),(13,'Bukti Keluar Barang',1,1,'12','bukti-keluar-barang','Produksi/Bukti-Keluar-Barang','Produksi/Bukti-Keluar-Barang',NULL),(14,'Master Satuan',8,1,'1','master-satuan','Master-Satuan','Master-Data/Satuan',NULL),(15,'Master Departemen',2,1,'1','master-departemen','Master-Data/Departemen','Master-Data/Departemen',NULL),(16,'Inventory',1,1,'27','inventory','Inventory','Inventory','icon-folder-alt'),(17,'Stok Gudang',1,1,'18','stok-gudang','Inventory/Stok-Gudang','Inventory/Stok-Gudang',NULL),(18,'Gudang',4,0,'','gudang','Gudang','Gudang','icon-folder-alt'),(19,'Bukti Keluar Barang',1,1,'18','bukti-keluar-barang','Gudang/Bukti-Keluar-Barang','Gudang/Bukti-Keluar-Barang',NULL),(20,'Permintaan Pembelian Barang',3,1,'18','surat-permintaan-pembelian','Gudang/Surat-Permintaan-Pembelian','Gudang/Surat-Permintaan-Pembelian',NULL),(21,'Pembelian',5,0,'','pembelian','Pembelian','Pembelian','icon-folder-alt'),(22,'Permintaan Pembelian Barang',2,1,'21','surat-permintaan-pembelian','Pembelian/Surat-Permintaan-Pembelian','Pembelian/Surat-Permintaan-Pembelian',NULL),(23,'Penawaran Harga',2,1,'21','penawaran-harga','Pembelian/Penawaran-Harga','Pembelian/Penawaran-Harga',NULL),(24,'Laporan',8,0,NULL,'laporan','Laporan','Laporan','icon-folder-alt'),(25,'Laporan Harian Keluar Barang',1,1,'24','laporan-harian-keluar-barang','Laporan/Laporan-Harian-Keluar-Barang','Laporan/Laporan-Harian-Keluar-Barang',NULL),(26,'Setting',9,0,NULL,'setting','Setting','Setting','icon-folder-alt'),(27,'User Privilege',1,1,'26','setting/user-privilege','Setting/User-Privilege','Setting/User-Privilege',NULL),(28,'Purchase Order',3,1,'21','purchase-order','Pembelian/Purchase-Order','Pembelian/Purchase-Order',NULL),(29,'Persetujuan',7,0,NULL,'persetujuan','Persetujuan','Persetujuan','icon-folder-alt'),(30,'Purchase Order',1,1,'29','purchase-order','Persetujuan/Purchase-Order','Persetujuan/Purchase-Order',NULL),(31,'Penerimaan Barang',4,1,'18','penerimaan-barang','Gudang/Penerimaan-Barang','Gudang/Penerimaan-Barang',NULL),(32,'Penerimaan Barang',4,1,'21','penerimaan-barang','Pembelian/Penerimaan-Barang','Pembelian/Penerimaan-Barang',NULL),(33,'Retur Pembelian',5,1,'18','retur-pembelian','Gudang/Retur-Pembelian','Gudang/Retur-Pembelian',NULL),(34,'Permintaan Jasa',2,1,'12','permintaan-jasa','Produksi/Permintaan-Jasa','Produksi/Permintaan-Jasa',NULL),(35,'Permintaan Jasa',6,1,'18','permintaan-jasa','Gudang/Permintaan-Jasa','Gudang/Permintaan-Jasa',NULL),(36,'Retur Pembelian',5,1,'21','retur-pembelian','Pembelian/Retur-Pembelian','Pembelian/Retur-Pembelian',NULL),(37,'Nota Debet',6,1,'21','nota-debet','Pembelian/Nota-Debet','Pembelian/Nota-Debet',NULL),(38,'Work Order',7,1,'21','work-order','Pembelian/Work-Order','Pembelian/Work-Order',NULL),(39,'Nota Debet',2,1,'29','nota-debet','Persetujuan/Nota-Debet','Persetujuan/Nota-Debet',NULL),(40,'Work Order',3,1,'29','work-order','Persetujuan/Work-Order','Persetujuan/Work-Order',NULL),(41,'Surat Jalan',7,1,'18','surat-jalan','Gudang/Surat-Jalan','Gudang/Surat-Jalan',NULL),(42,'Penjualan',6,0,'','penjualan','Penjualan','Penjualan','icon-folder-alt'),(43,'Estimasi Penjualan',1,1,'42','estimasi-penjualan','Penjualan/Estimasi-Penjualan','Penjualan/Estimasi-Penjualan',NULL),(44,'Estimasi Penjualan',4,1,'29','estimasi-penjualan','Persetujuan/Estimasi-Penjualan','Persetujuan/Estimasi-Penjualan',NULL),(45,'Jadwal Produksi',3,1,'12','jadwal-produksi','Produksi/Jadwal-Produksi','Produksi/Jadwal-Produksi',NULL),(46,'Perhitungan Kebutuhan Bahan',4,1,'12','perhitungan-kebutuhan-barang','Produksi/Perhitungan-Kebutuhan-Bahan','Produksi/Perhitungan-Kebutuhan-Bahan',NULL),(47,'Perhitungan Kebutuhan Bahan',8,1,'18','perhitungan-kebutuhan-barang','Gudang/Perhitungan-Kebutuhan-Bahan','Gudang/Perhitungan-Kebutuhan-Bahan',NULL),(48,'Ketidaksesuaian Spesifikasi',5,1,'12','ketidaksesuaian-spesifikasi','Produksi/Ketidaksesuaian-Spesifikasi','Produksi/Ketidaksesuaian-Spesifikasi',NULL),(49,'Perolehan Produksi',6,1,'12','perolehan-produksi','Produksi/Perolehan-Produksi','Produksi/Perolehan-Produksi',NULL),(50,'Accounting',7,0,NULL,'accounting','Accounting','Accounting','icon-folder-alt'),(51,'Pengubahan Bahan',7,1,'12','pengubahan-bahan','Produksi/Pengubahan-Bahan','Produksi/Pengubahan-Bahan',NULL),(52,'Pengubahan Bahan',1,1,'50','pengubahan-bahan','Accounting/Pengubahan-Bahan','Accounting/Pengubahan-Bahan',NULL),(53,'Serah Terima',8,1,'12','serah-terima','Produksi/Serah-Terima','Produksi/Serah-Terima',NULL),(54,'Serah Terima',9,1,'18','serah-terima','Gudang/Serah-Terima','Gudang/Serah-Terima',NULL),(55,'Pengembalian Barang',9,1,'12','pengembalian-barang','Produksi/Pengembalian-Barang','Produksi/Pengembalian-Barang',NULL),(56,'Pengembalian Barang',12,1,'18','pengembalian-barang','Gudang/Pengembalian-Barang','Gudang/Pengembalian-Barang',NULL),(57,'Master Mata Uang',13,1,'1','master-mata-uang','Master-Data/Mata-Uang','Master-Data/Mata-Uang',NULL),(58,'Master Jenis Produksi',14,1,'1','master-jenis-produksi','Master-Data/Jenis-Produksi','Master-Data/Jenis-Produksi',NULL),(59,'Jadwal Produksi',5,1,'29','jadwal-produksi','Persetujuan/Jadwal-Produksi','Persetujuan/Jadwal-Produksi',NULL),(60,'Marketing',8,1,'26','marketing','Marketing','Marketing','icon-folder-alt'),(61,'Purchase Order Customer',9,1,'42','purchase-order-customer','Marketing/Purchase-Order-Customer','Marketing/Purchase-Order-Customer',NULL),(62,'Laporan SPP Belum Realisasi',2,1,'24','laporan-spp-belum-realisasi','Laporan/SPP-Belum-Realisasi','Laporan/SPP-Belum-Realisasi',NULL),(63,'Purchase Order Customer',6,1,'29','purchase-order-customer','Persetujuan/Purchase-Order-Customer','Persetujuan/Purchase-Order-Customer',NULL),(64,'Sales Order',2,1,'42','sales-order-customer','Penjualan/Sales-Order-Customer','Penjualan/Sales-Order-Customer',NULL),(65,'Sales Order',7,1,'29','sales-order-customer','Persetujuan/Sales-Order-Customer','Persetujuan/Sales-Order-Customer',NULL),(66,'Surat Jalan',3,1,'42','surat-jalan','Penjualan/Surat-Jalan','Penjualan/Surat-Jalan',NULL),(67,'Faktur Penjualan',4,1,'42','faktur-penjualan','Penjualan/Faktur-Penjualan','Penjualan/Faktur-Penjualan',NULL),(68,'Surat Jalan Retur',5,1,'42','surat-jalan-retur','Penjualan/Surat-Jalan-Retur','Penjualan/Surat-Jalan-Retur',NULL),(69,'Nota Kredit',6,1,'42','nota-kredit','Penjualan/Nota-Kredit','Penjualan/Nota-Kredit',NULL),(70,'Perhitungan Kebutuhan Bahan',6,1,'29','perhitungan-kebutuhan-bahan','Persetujuan/Perhitungan-Kebutuhan-Bahan','Persetujuan/Perhitungan-Kebutuhan-Bahan',NULL),(71,'Pengubahan Bahan',7,1,'29','pengubahan-bahan','Persetujuan/Pengubahan-Bahan','Persetujuan/Pengubahan-Bahan',NULL),(72,'Klaim/Retur Penjualan',10,1,'42','klaim-retur-penjualan','Marketing/Klaim-Retur-Penjualan','Marketing/Klaim-Retur-Penjualan',NULL),(73,'Klaim/Retur Penjualan',11,1,'42','klaim-retur-penjualan','Penjualan/Klaim-Retur-Penjualan','Penjualan/Klaim-Retur-Penjualan',NULL),(74,'Klaim/Retur Penjualan',8,1,'29','klaim-retur-penjualan','Persetujuan/Klaim-Retur-Penjualan','Persetujuan/Klaim-Retur-Penjualan',NULL),(75,'Penerimaan Barang Retur',11,1,'18','penerimaan-barang-retur','Gudang/Penerimaan-Barang-Retur','Gudang/Penerimaan-Barang-Retur',NULL),(76,'Point of Sale',8,1,'42','point-of-sale','Point-of-Sale','Penjualan/Point-of-Sale',NULL),(77,'Master Brand',15,1,'1','master-brand','Master-Brand','Master-Data/Master-Brand',NULL),(78,'Master Category 2',10,1,'1','category-2','Category-2','Master-Data/Master-Kategori',NULL),(79,'Master Promo',16,1,'1','master-promo','Master-Promo','Master-Data/Master-Promo',NULL),(80,'Master Konsinyasi',17,1,'1','konsinyasi','Konsinyasi','Master-Data/Konsinyasi',NULL);

/*Table structure for table `s_privilege` */

DROP TABLE IF EXISTS `s_privilege`;

CREATE TABLE `s_privilege` (
  `privilege_id` int(11) NOT NULL AUTO_INCREMENT,
  `m_type_karyawan_id` int(11) DEFAULT NULL,
  `menu_id` int(11) DEFAULT NULL,
  `create` int(11) DEFAULT NULL,
  `read` int(11) DEFAULT NULL,
  `update` int(11) DEFAULT NULL,
  `delete` int(11) DEFAULT NULL,
  `entry_date` timestamp NOT NULL DEFAULT CURRENT_TIMESTAMP ON UPDATE CURRENT_TIMESTAMP,
  `entry_user` varchar(50) DEFAULT NULL,
  PRIMARY KEY (`privilege_id`)
) ENGINE=InnoDB AUTO_INCREMENT=223 DEFAULT CHARSET=latin1;

/*Data for the table `s_privilege` */

insert  into `s_privilege`(`privilege_id`,`m_type_karyawan_id`,`menu_id`,`create`,`read`,`update`,`delete`,`entry_date`,`entry_user`) values (1,1,1,1,1,1,1,'2017-02-07 13:20:34',NULL),(2,1,2,0,1,0,0,'2017-04-17 16:01:02',NULL),(3,1,3,1,1,1,1,'2017-02-24 15:14:34',NULL),(4,1,4,1,1,1,1,'2017-02-24 15:59:35',NULL),(5,1,5,1,1,1,1,'2017-02-24 15:19:07',NULL),(6,1,6,1,1,1,1,'2017-02-24 15:26:18',NULL),(7,1,7,1,1,1,1,'2017-02-24 15:06:05',NULL),(8,1,8,1,1,1,1,'2017-02-24 15:10:22',NULL),(9,1,9,1,1,1,1,'2017-02-24 14:28:18',NULL),(10,1,10,1,1,1,1,'2017-02-24 14:34:15',NULL),(11,1,11,1,1,1,1,'2017-02-24 15:55:31',NULL),(12,1,12,1,1,1,1,'2017-04-18 12:30:54',NULL),(13,1,13,1,1,1,1,'2017-02-28 07:45:38',NULL),(14,1,14,1,1,1,1,'2017-02-24 15:48:01',NULL),(15,1,15,1,1,1,1,'2017-02-24 15:01:44',NULL),(16,1,16,1,1,1,1,'2017-02-18 02:43:55',NULL),(17,1,17,1,1,1,1,'2017-02-24 15:50:07',NULL),(18,1,18,1,1,1,1,'2017-02-18 04:45:27',NULL),(19,1,19,1,1,1,1,'2017-04-18 12:30:57',NULL),(20,1,20,1,1,1,1,'2017-02-24 15:37:37',NULL),(21,1,21,1,1,1,1,'2017-02-20 02:56:09',NULL),(22,1,22,1,1,1,1,'2017-02-25 09:20:38',NULL),(23,1,23,1,1,1,1,'2017-02-24 15:32:23',NULL),(24,1,24,1,1,1,1,'2017-02-20 16:25:07',NULL),(25,1,25,1,1,1,1,'2017-02-24 15:21:28',NULL),(26,1,26,1,1,1,1,'2017-02-21 15:06:08',NULL),(27,1,27,1,1,1,1,'2017-02-24 16:01:24',NULL),(28,1,28,1,1,1,1,'2017-02-24 15:42:52',NULL),(29,1,29,1,1,1,1,'2017-02-25 10:09:31',NULL),(30,1,30,1,1,1,1,'2017-02-25 10:09:31',NULL),(31,1,31,1,1,1,1,'2017-04-18 12:31:01',NULL),(32,4,13,0,1,0,0,'2017-02-24 16:45:30',NULL),(33,4,12,1,0,1,1,'2017-04-17 11:57:04',NULL),(34,4,17,0,0,0,0,'2017-04-17 11:57:05',NULL),(35,4,19,0,1,0,0,'2017-02-24 16:53:58',NULL),(36,4,27,0,1,0,0,'2017-04-18 12:31:03',NULL),(37,4,29,1,1,1,1,'2017-02-25 09:45:37',NULL),(38,4,30,1,1,1,1,'2017-03-01 11:21:49',NULL),(39,1,32,1,1,1,1,'2017-02-27 10:04:52',NULL),(40,1,33,1,1,1,1,'2017-02-27 10:51:43',NULL),(41,1,34,1,1,1,1,'2017-02-27 11:51:35',NULL),(42,1,35,0,0,0,0,'2017-04-25 16:32:57',NULL),(43,1,36,1,1,1,1,'2017-02-27 11:55:13',NULL),(44,1,37,0,0,0,0,'2017-04-25 16:34:21',NULL),(45,4,1,1,1,1,1,'2017-02-28 07:45:01',NULL),(46,4,2,1,1,1,1,'2017-02-28 07:45:01',NULL),(47,4,3,0,1,0,0,'2017-04-18 12:31:08',NULL),(48,1,38,0,0,0,0,'2017-04-25 16:34:28',NULL),(49,1,39,1,1,1,1,'2017-02-28 09:45:12',NULL),(50,1,40,1,1,1,1,'2017-04-18 12:31:11',NULL),(51,1,41,1,1,1,1,'2017-02-28 13:18:22',NULL),(52,4,21,1,1,1,1,'2017-03-01 11:24:54',NULL),(53,4,22,1,1,1,1,'2017-03-01 11:24:53',NULL),(54,5,1,1,1,1,1,'2017-03-07 14:18:24',NULL),(55,5,2,0,1,0,0,'2017-04-18 12:31:14',NULL),(56,5,3,1,1,1,1,'2017-03-01 11:47:34',NULL),(57,5,7,1,1,1,1,'2017-03-01 11:48:27',NULL),(58,5,8,1,1,1,1,'2017-03-01 11:48:14',NULL),(59,5,9,1,1,1,1,'2017-03-01 11:48:18',NULL),(60,5,10,1,1,1,1,'2017-03-01 11:48:06',NULL),(61,5,11,1,1,1,0,'2017-03-07 14:18:27',NULL),(62,5,14,1,1,1,1,'2017-03-01 11:47:51',NULL),(65,5,18,1,1,1,1,'2017-03-01 11:50:00',NULL),(66,5,19,1,1,1,1,'2017-03-01 11:50:02',NULL),(67,5,20,1,1,1,1,'2017-03-01 11:50:00',NULL),(68,5,31,1,1,1,1,'2017-03-01 11:49:59',NULL),(69,5,33,1,1,1,1,'2017-03-01 11:49:46',NULL),(70,5,41,1,1,1,1,'2017-03-01 11:49:37',NULL),(71,5,35,1,1,1,1,'2017-03-04 08:55:31',NULL),(72,5,24,1,1,1,1,'2017-03-01 11:49:09',NULL),(73,5,25,1,1,1,1,'2017-03-01 11:49:10',NULL),(74,6,1,1,1,1,1,'2017-03-01 12:09:39',NULL),(75,6,8,1,1,1,1,'2017-03-01 12:09:15',NULL),(76,6,9,1,1,1,1,'2017-03-01 12:09:31',NULL),(77,6,10,1,1,1,1,'2017-03-01 12:09:31',NULL),(78,6,11,1,1,1,1,'2017-03-01 12:09:33',NULL),(79,6,21,1,1,1,1,'2017-03-01 13:40:45',NULL),(80,6,22,1,1,1,1,'2017-03-01 13:28:44',NULL),(81,6,23,1,1,1,1,'2017-03-01 13:41:32',NULL),(82,6,28,1,1,1,1,'2017-03-01 13:43:06',NULL),(83,6,32,1,1,1,1,'2017-03-01 13:43:44',NULL),(84,6,36,1,1,1,1,'2017-03-01 13:44:21',NULL),(85,6,37,1,1,1,1,'2017-03-01 13:45:05',NULL),(86,6,38,1,1,1,1,'2017-03-01 13:45:24',NULL),(87,6,25,NULL,1,NULL,NULL,'2017-03-01 13:46:02',NULL),(88,6,30,NULL,1,NULL,NULL,'2017-03-01 13:46:51',NULL),(89,6,39,NULL,1,NULL,NULL,'2017-03-01 13:46:56',NULL),(90,6,40,NULL,1,NULL,NULL,'2017-03-01 13:47:06',NULL),(91,1,42,1,1,1,1,'2017-03-02 13:51:10',NULL),(92,1,43,1,1,1,1,'2017-03-02 14:08:53',NULL),(93,1,44,1,1,1,1,'2017-03-02 15:31:29',NULL),(94,1,45,1,1,1,1,'2017-03-02 16:17:12',NULL),(95,1,46,0,0,0,0,'2017-04-21 10:30:48',NULL),(96,1,47,0,0,0,0,'2017-04-25 16:33:36',NULL),(97,1,48,1,1,1,1,'2017-03-04 13:41:53',NULL),(98,1,49,1,1,1,1,'2017-03-04 06:38:11',NULL),(99,5,12,1,1,1,1,'2017-03-04 08:55:17',NULL),(100,5,13,1,1,1,1,'2017-03-04 08:55:17',NULL),(101,5,13,1,1,1,1,'2017-03-04 08:55:17',NULL),(102,5,34,1,1,1,1,'2017-03-04 08:55:18',NULL),(103,5,45,1,1,1,1,'2017-03-04 08:55:20',NULL),(104,5,46,1,1,1,1,'2017-03-04 08:55:22',NULL),(105,5,48,1,1,1,1,'2017-03-04 08:55:23',NULL),(106,5,49,1,1,1,1,'2017-03-04 08:55:25',NULL),(107,5,16,1,1,1,1,'2017-03-04 08:55:27',NULL),(108,5,17,1,1,1,1,'2017-03-04 08:55:28',NULL),(109,5,47,1,1,1,1,'2017-03-04 08:55:33',NULL),(110,1,50,1,1,1,1,'2017-03-06 14:57:19',NULL),(111,1,51,1,1,1,1,'2017-03-06 14:57:28',NULL),(112,1,52,1,1,1,1,'2017-03-06 14:57:35',NULL),(113,1,53,0,0,0,0,'2017-04-21 10:29:21',NULL),(114,1,54,0,0,0,0,'2017-04-21 10:30:01',NULL),(115,1,55,1,1,1,1,'2017-04-25 16:35:29',NULL),(116,1,56,0,0,0,0,'2017-04-25 16:35:25',NULL),(117,1,57,1,1,1,1,'2017-03-07 11:53:41',NULL),(118,6,6,1,1,1,1,'2017-03-07 14:58:52',NULL),(119,6,3,1,1,1,1,'2017-03-07 14:59:01',NULL),(120,6,7,1,1,1,1,'2017-03-07 14:59:06',NULL),(121,6,14,1,1,1,1,'2017-03-07 14:59:19',NULL),(122,6,57,1,1,1,1,'2017-03-07 14:59:22',NULL),(123,1,58,0,0,0,0,'2017-05-02 15:11:35',NULL),(124,1,59,1,1,1,1,'2017-03-11 02:01:16',NULL),(125,1,60,0,0,0,0,'2017-04-25 22:48:50',NULL),(126,1,61,1,1,1,1,'2017-03-15 11:41:18',NULL),(127,1,62,1,1,1,1,'2017-03-16 15:10:44',NULL),(128,1,63,1,1,1,1,'2017-03-18 11:42:12',NULL),(129,1,64,1,1,1,1,'2017-03-18 12:03:39',NULL),(130,1,65,1,1,1,1,'2017-03-18 15:35:18',NULL),(131,1,66,1,1,1,1,'2017-03-19 18:22:03',NULL),(132,1,67,1,1,1,1,'2017-03-19 18:42:21',NULL),(133,1,68,1,1,1,1,'2017-03-19 23:39:13',NULL),(134,1,69,1,1,1,1,'2017-03-20 03:07:34',NULL),(135,1,70,1,1,1,1,'2017-03-20 04:05:20',NULL),(136,1,71,1,1,1,1,'2017-03-20 04:05:31',NULL),(137,1,72,0,0,0,0,'2017-04-25 22:52:21',NULL),(138,1,73,1,1,1,1,'2017-04-25 22:52:23',NULL),(139,1,74,1,1,1,1,'2017-03-20 08:30:01',NULL),(140,1,75,1,1,1,1,'2017-03-20 09:25:06',NULL),(141,9,1,1,1,1,1,'2017-03-21 10:18:35',NULL),(142,9,2,1,1,1,1,'2017-03-21 10:18:36',NULL),(143,9,3,1,1,1,1,'2017-03-21 10:18:37',NULL),(144,9,4,1,1,1,1,'2017-03-21 10:18:38',NULL),(145,9,4,0,1,0,0,'2017-04-18 12:31:22',NULL),(146,9,9,1,1,1,1,'2017-03-21 10:18:58',NULL),(147,9,9,0,1,0,0,'2017-04-18 12:31:24',NULL),(148,9,8,1,1,1,1,'2017-03-21 10:18:59',NULL),(149,9,9,1,1,1,1,'2017-03-21 10:19:01',NULL),(150,9,7,1,1,1,1,'2017-03-21 10:19:03',NULL),(151,9,10,1,1,1,1,'2017-03-21 10:19:06',NULL),(152,9,11,1,1,1,1,'2017-03-21 10:19:07',NULL),(153,9,14,1,1,1,1,'2017-03-21 10:19:15',NULL),(154,9,15,0,1,0,0,'2017-04-18 12:31:27',NULL),(155,9,58,1,1,1,1,'2017-03-21 10:19:49',NULL),(156,9,12,1,1,1,1,'2017-03-21 10:19:58',NULL),(157,9,13,1,1,1,1,'2017-03-21 10:19:58',NULL),(158,9,34,1,1,1,1,'2017-03-21 10:20:00',NULL),(159,9,46,1,1,1,1,'2017-03-21 10:20:01',NULL),(160,9,45,1,1,1,1,'2017-03-21 10:20:02',NULL),(161,9,48,1,1,1,1,'2017-03-21 10:20:03',NULL),(162,9,49,1,1,1,1,'2017-03-21 10:20:05',NULL),(163,9,51,1,1,1,1,'2017-03-21 10:20:07',NULL),(164,9,55,1,1,1,1,'2017-03-21 10:20:10',NULL),(165,9,16,1,1,1,1,'2017-03-21 10:20:10',NULL),(166,9,17,0,1,0,0,'2017-03-21 10:20:25',NULL),(167,9,53,1,1,1,1,'2017-03-21 10:20:24',NULL),(168,10,1,1,1,1,1,'2017-03-21 11:28:57',NULL),(169,10,4,1,1,1,1,'2017-03-21 11:28:57',NULL),(170,10,3,1,1,1,1,'2017-03-21 11:29:00',NULL),(171,10,7,1,1,1,1,'2017-03-21 11:29:03',NULL),(172,10,8,1,1,1,1,'2017-03-21 11:29:04',NULL),(173,10,9,1,1,1,1,'2017-03-21 11:29:07',NULL),(174,10,10,1,1,1,1,'2017-03-21 11:30:11',NULL),(175,10,11,1,1,1,1,'2017-03-21 11:30:13',NULL),(176,10,15,1,1,1,1,'2017-03-21 11:30:14',NULL),(177,10,57,1,1,1,1,'2017-03-21 11:30:15',NULL),(178,10,14,1,1,1,1,'2017-03-21 11:30:16',NULL),(179,10,58,1,0,1,1,'2017-04-18 12:35:05',NULL),(180,10,12,1,1,1,1,'2017-03-21 11:30:22',NULL),(181,10,13,1,1,1,1,'2017-03-21 11:30:22',NULL),(182,10,34,1,1,1,1,'2017-03-21 11:30:23',NULL),(183,10,45,1,1,1,1,'2017-03-21 11:30:25',NULL),(184,10,46,1,1,1,1,'2017-03-21 11:30:25',NULL),(185,10,48,1,1,1,1,'2017-03-21 11:30:26',NULL),(186,10,49,1,1,1,1,'2017-03-21 11:30:27',NULL),(187,10,51,1,1,1,1,'2017-03-21 11:30:33',NULL),(188,10,53,1,1,1,1,'2017-03-21 11:30:34',NULL),(189,10,55,1,1,1,1,'2017-03-21 11:30:35',NULL),(190,10,18,1,1,1,1,'2017-03-21 11:30:49',NULL),(191,10,19,1,1,1,1,'2017-03-21 11:30:49',NULL),(192,10,20,1,1,1,1,'2017-03-21 11:30:50',NULL),(193,10,31,1,1,1,1,'2017-03-21 11:30:50',NULL),(194,10,33,1,1,1,1,'2017-03-21 11:30:53',NULL),(195,10,35,1,1,1,1,'2017-03-21 11:30:54',NULL),(196,10,41,1,1,1,1,'2017-03-21 11:30:54',NULL),(197,10,47,1,1,1,1,'2017-03-21 11:30:55',NULL),(198,10,56,1,1,1,1,'2017-03-21 11:30:57',NULL),(199,10,54,1,1,1,1,'2017-03-21 11:30:58',NULL),(200,10,75,1,1,1,1,'2017-03-21 11:31:00',NULL),(201,10,24,1,1,1,1,'2017-03-21 11:31:51',NULL),(202,10,25,1,1,1,1,'2017-03-21 11:31:51',NULL),(203,10,26,0,1,0,0,'2017-04-18 12:31:33',NULL),(204,10,27,0,1,0,0,'2017-04-18 12:31:35',NULL),(205,10,29,1,1,1,1,'2017-03-21 11:32:05',NULL),(206,10,39,1,1,1,1,'2017-03-21 11:32:05',NULL),(207,10,40,1,1,1,1,'2017-03-21 11:32:08',NULL),(208,10,44,1,1,1,1,'2017-03-21 11:32:10',NULL),(209,10,59,1,1,1,1,'2017-03-21 11:32:12',NULL),(210,10,63,1,1,1,1,'2017-03-21 11:32:13',NULL),(211,10,65,1,1,1,1,'2017-03-21 11:32:15',NULL),(212,10,70,1,1,1,1,'2017-03-21 11:32:17',NULL),(213,10,71,1,1,1,1,'2017-03-21 11:32:23',NULL),(214,10,74,1,1,1,1,'2017-03-21 11:32:25',NULL),(215,10,42,1,1,1,1,'2017-03-21 11:32:27',NULL),(216,10,43,1,1,1,1,'2017-03-21 11:32:28',NULL),(217,1,76,1,1,1,1,'2017-04-01 14:17:39',NULL),(218,1,77,1,1,1,1,'2017-04-07 13:21:55',NULL),(219,1,78,1,1,1,1,'2017-04-07 13:21:57',NULL),(220,1,79,1,1,1,1,'2017-04-13 16:11:48',NULL),(221,1,80,1,1,1,1,'2017-04-19 15:26:04',NULL),(222,1,81,1,1,1,1,'2017-04-25 10:52:08',NULL);

/*Table structure for table `s_user` */

DROP TABLE IF EXISTS `s_user`;

CREATE TABLE `s_user` (
  `user_id` int(11) NOT NULL AUTO_INCREMENT,
  `m_karyawan_id` int(11) NOT NULL,
  `user_username` varchar(255) NOT NULL,
  `user_password` text NOT NULL,
  `user_status_aktif` char(1) NOT NULL,
  `user_create_date` datetime NOT NULL DEFAULT '0000-00-00 00:00:00',
  `user_create_by` int(11) NOT NULL,
  `user_update_date` datetime DEFAULT NULL ON UPDATE CURRENT_TIMESTAMP,
  `user_update_by` int(11) DEFAULT NULL,
  `user_revised` int(11) DEFAULT NULL,
  PRIMARY KEY (`user_id`),
  KEY `karyawan_user` (`m_karyawan_id`),
  CONSTRAINT `karyawan_user` FOREIGN KEY (`m_karyawan_id`) REFERENCES `m_karyawan` (`karyawan_id`)
) ENGINE=InnoDB AUTO_INCREMENT=9 DEFAULT CHARSET=latin1;

/*Data for the table `s_user` */

insert  into `s_user`(`user_id`,`m_karyawan_id`,`user_username`,`user_password`,`user_status_aktif`,`user_create_date`,`user_create_by`,`user_update_date`,`user_update_by`,`user_revised`) values (1,1,'developer','5cbc1fb2952638a54ccc08f1a2d51d7f','y','0000-00-00 00:00:00',0,'2017-02-10 13:22:44',0,NULL),(5,7,'gudangbahan','5cbc1fb2952638a54ccc08f1a2d51d7f','y','0000-00-00 00:00:00',0,'2017-03-01 13:23:32',NULL,NULL),(6,8,'pembelian','5cbc1fb2952638a54ccc08f1a2d51d7f','n','0000-00-00 00:00:00',0,'2017-04-21 15:38:22',0,2),(7,11,'produksi','5cbc1fb2952638a54ccc08f1a2d51d7f','y','0000-00-00 00:00:00',0,'2017-03-21 11:37:11',NULL,NULL),(8,12,'pembelian','5cbc1fb2952638a54ccc08f1a2d51d7f','y','0000-00-00 00:00:00',0,'2017-03-21 11:36:49',NULL,NULL);

/*Table structure for table `t_bpbr` */

DROP TABLE IF EXISTS `t_bpbr`;

CREATE TABLE `t_bpbr` (
  `bpbr_id` int(11) NOT NULL AUTO_INCREMENT,
  `m_cabang_id` int(11) DEFAULT NULL,
  `bpbr_nomor` varchar(255) DEFAULT NULL,
  `bpbr_tanggal` datetime DEFAULT NULL ON UPDATE CURRENT_TIMESTAMP,
  `t_retur_penjualan_id` int(11) DEFAULT NULL,
  `bpbr_catatan` text,
  `bpbr_pengecekan` datetime DEFAULT NULL,
  `bpbr_created_date` datetime DEFAULT NULL,
  `bpbr_created_by` varchar(255) DEFAULT NULL,
  `bpbr_updated_date` datetime DEFAULT NULL ON UPDATE CURRENT_TIMESTAMP,
  `bpbr_updated_by` varchar(255) DEFAULT NULL,
  `bpbr_revised` int(11) DEFAULT NULL,
  PRIMARY KEY (`bpbr_id`)
) ENGINE=MyISAM AUTO_INCREMENT=2 DEFAULT CHARSET=latin1;

/*Data for the table `t_bpbr` */

insert  into `t_bpbr`(`bpbr_id`,`m_cabang_id`,`bpbr_nomor`,`bpbr_tanggal`,`t_retur_penjualan_id`,`bpbr_catatan`,`bpbr_pengecekan`,`bpbr_created_date`,`bpbr_created_by`,`bpbr_updated_date`,`bpbr_updated_by`,`bpbr_revised`) values (1,1,'BPBR20170300001','2017-03-20 00:00:00',1,'Barang telah dicek','2017-03-20 00:00:00','2017-03-20 10:09:07','developer','2017-03-20 10:09:07',NULL,0);

/*Table structure for table `t_bpbrdet` */

DROP TABLE IF EXISTS `t_bpbrdet`;

CREATE TABLE `t_bpbrdet` (
  `bpbrdet_id` int(11) NOT NULL AUTO_INCREMENT,
  `t_retur_penjualandet_id` int(11) DEFAULT NULL,
  `t_bpbr_id` int(11) DEFAULT NULL,
  `bpbrdet_qty` int(11) DEFAULT NULL,
  `bpbrdet_created_date` datetime DEFAULT NULL,
  `bpbrdet_created_by` varchar(255) DEFAULT NULL,
  `bpbrdet_updated_date` datetime DEFAULT NULL ON UPDATE CURRENT_TIMESTAMP,
  `bpbrdet_updated_by` varchar(255) DEFAULT NULL,
  `bpbrdet_revised` int(11) DEFAULT NULL,
  PRIMARY KEY (`bpbrdet_id`)
) ENGINE=MyISAM AUTO_INCREMENT=2 DEFAULT CHARSET=latin1;

/*Data for the table `t_bpbrdet` */

insert  into `t_bpbrdet`(`bpbrdet_id`,`t_retur_penjualandet_id`,`t_bpbr_id`,`bpbrdet_qty`,`bpbrdet_created_date`,`bpbrdet_created_by`,`bpbrdet_updated_date`,`bpbrdet_updated_by`,`bpbrdet_revised`) values (1,1,1,20,'2017-03-20 10:09:07','developer','2017-03-20 10:09:07',NULL,0);

/*Table structure for table `t_bukti_bank` */

DROP TABLE IF EXISTS `t_bukti_bank`;

CREATE TABLE `t_bukti_bank` (
  `bukti_bank_id` int(11) NOT NULL AUTO_INCREMENT,
  `m_cabang_id` int(11) DEFAULT NULL,
  `bukti_bank_nomor` varchar(255) DEFAULT NULL,
  `bukti_bank_tanggal` datetime DEFAULT NULL ON UPDATE CURRENT_TIMESTAMP,
  `bukti_bank_lampiran` int(11) DEFAULT NULL,
  `bukti_bank_tipe` int(11) DEFAULT NULL COMMENT '1 Keluar, 2 Masuk',
  `m_partner_id` int(11) DEFAULT NULL,
  `bukti_bank_jumlah_bayar` decimal(20,2) DEFAULT NULL,
  `bukti_bank_catatan` varchar(255) DEFAULT NULL,
  `bukti_bank_status` int(11) DEFAULT NULL,
  `bukti_bank_created_date` datetime DEFAULT NULL,
  `bukti_bank_created_by` varchar(255) DEFAULT NULL,
  `bukti_bank_updated_date` datetime DEFAULT NULL ON UPDATE CURRENT_TIMESTAMP,
  `bukti_bank_updated_by` varchar(255) DEFAULT NULL,
  `bukti_bank_revised` int(11) DEFAULT NULL,
  PRIMARY KEY (`bukti_bank_id`)
) ENGINE=MyISAM AUTO_INCREMENT=6 DEFAULT CHARSET=latin1;

/*Data for the table `t_bukti_bank` */

insert  into `t_bukti_bank`(`bukti_bank_id`,`m_cabang_id`,`bukti_bank_nomor`,`bukti_bank_tanggal`,`bukti_bank_lampiran`,`bukti_bank_tipe`,`m_partner_id`,`bukti_bank_jumlah_bayar`,`bukti_bank_catatan`,`bukti_bank_status`,`bukti_bank_created_date`,`bukti_bank_created_by`,`bukti_bank_updated_date`,`bukti_bank_updated_by`,`bukti_bank_revised`) values (1,1,'BK20170400001','2017-04-10 00:00:00',0,1,2,36000000.00,'Bukti bank keluar',1,'2017-04-10 16:54:06','developer','2017-04-10 16:54:06',NULL,0),(2,1,'BM20170400001','2017-04-11 00:00:00',0,2,1,3250000.00,'Bukti bank masuk',1,'2017-04-11 11:23:23','developer','2017-04-11 11:23:23',NULL,0),(3,1,'BK20170400002','2017-04-12 00:00:00',2,1,2,40273500.00,'',1,'2017-04-12 13:11:58','developer','2017-04-12 13:11:58',NULL,0),(4,1,'BM20170400002','2017-04-12 00:00:00',2,2,10,750000.00,'',1,'2017-04-12 13:20:43','developer','2017-04-12 13:20:43',NULL,0),(5,1,'BK20170400003','2017-04-19 00:00:00',0,1,1,5000000.00,'',1,'2017-04-19 16:45:27','developer','2017-04-19 16:45:27',NULL,0);

/*Table structure for table `t_bukti_bankdet` */

DROP TABLE IF EXISTS `t_bukti_bankdet`;

CREATE TABLE `t_bukti_bankdet` (
  `bukti_bankdet_id` int(11) NOT NULL AUTO_INCREMENT,
  `t_bukti_bank_id` int(11) DEFAULT NULL,
  `m_coa_id` int(11) DEFAULT NULL,
  `t_refrensi_id` int(11) DEFAULT NULL,
  `bukti_bankdet_jumlah` decimal(20,2) DEFAULT NULL,
  `bukti_bankdet_created_date` datetime DEFAULT NULL,
  `bukti_bankdet_created_by` varchar(255) DEFAULT NULL,
  `bukti_bankdet_updated_date` datetime DEFAULT NULL ON UPDATE CURRENT_TIMESTAMP,
  `bukti_bankdet_uppdated_by` varchar(255) DEFAULT NULL,
  `bukti_bankdet_revised` int(11) DEFAULT NULL,
  PRIMARY KEY (`bukti_bankdet_id`)
) ENGINE=MyISAM AUTO_INCREMENT=6 DEFAULT CHARSET=latin1;

/*Data for the table `t_bukti_bankdet` */

insert  into `t_bukti_bankdet`(`bukti_bankdet_id`,`t_bukti_bank_id`,`m_coa_id`,`t_refrensi_id`,`bukti_bankdet_jumlah`,`bukti_bankdet_created_date`,`bukti_bankdet_created_by`,`bukti_bankdet_updated_date`,`bukti_bankdet_uppdated_by`,`bukti_bankdet_revised`) values (1,1,52,1,36000000.00,'2017-04-10 16:54:06','developer','2017-04-10 16:54:06',NULL,0),(2,2,9,1,3250000.00,'2017-04-11 11:23:24','developer','2017-04-11 11:23:24',NULL,0),(3,3,149,1,40273500.00,'2017-04-12 13:11:58','developer','2017-04-12 13:11:58',NULL,0),(4,4,149,4,750000.00,'2017-04-12 13:20:43','developer','2017-04-12 13:20:43',NULL,0),(5,5,47,2,5000000.00,'2017-04-19 16:45:27','developer','2017-04-19 16:45:27',NULL,0);

/*Table structure for table `t_bukti_bgcek` */

DROP TABLE IF EXISTS `t_bukti_bgcek`;

CREATE TABLE `t_bukti_bgcek` (
  `bukti_bgcek_id` int(11) NOT NULL AUTO_INCREMENT,
  `m_cabang_id` int(11) DEFAULT NULL,
  `bukti_bgcek_nomor` varchar(255) DEFAULT NULL,
  `bukti_bgcek_tanggal` datetime DEFAULT NULL ON UPDATE CURRENT_TIMESTAMP,
  `bukti_bgcek_tipe` int(11) DEFAULT NULL COMMENT '1 Keluar, 2 Masuk',
  `m_partner_id` int(11) DEFAULT NULL,
  `bukti_bgcek_jumlah_bayar` decimal(20,2) DEFAULT '0.00',
  `bukti_bgcek_jumlah_bayar_giro` decimal(20,2) DEFAULT '0.00',
  `bukti_bgcek_catatan` varchar(255) DEFAULT NULL,
  `bukti_bgcek_status` int(11) DEFAULT NULL,
  `bukti_bgcek_created_date` datetime DEFAULT NULL,
  `bukti_bgcek_created_by` varchar(255) DEFAULT NULL,
  `bukti_bgcek_updated_date` datetime DEFAULT NULL ON UPDATE CURRENT_TIMESTAMP,
  `bukti_bgcek_updated_by` varchar(255) DEFAULT NULL,
  `bukti_bgcek_revised` int(11) DEFAULT NULL,
  PRIMARY KEY (`bukti_bgcek_id`)
) ENGINE=MyISAM AUTO_INCREMENT=6 DEFAULT CHARSET=latin1;

/*Data for the table `t_bukti_bgcek` */

insert  into `t_bukti_bgcek`(`bukti_bgcek_id`,`m_cabang_id`,`bukti_bgcek_nomor`,`bukti_bgcek_tanggal`,`bukti_bgcek_tipe`,`m_partner_id`,`bukti_bgcek_jumlah_bayar`,`bukti_bgcek_jumlah_bayar_giro`,`bukti_bgcek_catatan`,`bukti_bgcek_status`,`bukti_bgcek_created_date`,`bukti_bgcek_created_by`,`bukti_bgcek_updated_date`,`bukti_bgcek_updated_by`,`bukti_bgcek_revised`) values (1,1,'BGM20170400001','2017-04-11 16:16:42',2,1,2650000.00,2650000.00,'BG/Cek Masuk',1,'2017-04-11 15:37:23','developer','2017-04-11 16:16:35','developer',4),(2,1,'BGM20170400002','2017-04-11 00:00:00',2,1,650000.00,650000.00,'',1,'2017-04-11 15:51:55','developer','2017-04-11 15:51:55',NULL,0),(3,1,'BGK20170400001','2017-04-12 13:06:24',1,2,2000000.00,2000000.00,'',1,'2017-04-12 13:03:56','developer','2017-04-12 13:06:14','developer',1),(4,1,'BGM20170400003','2017-04-12 00:00:00',2,10,200000.00,200000.00,'',1,'2017-04-12 13:05:05','developer','2017-04-12 13:05:05',NULL,0),(5,1,'BGM20170400004','2017-04-12 00:00:00',2,1,500000.00,500000.00,'',1,'2017-04-12 13:28:27','developer','2017-04-12 13:28:27',NULL,0);

/*Table structure for table `t_bukti_bgcek_girodet` */

DROP TABLE IF EXISTS `t_bukti_bgcek_girodet`;

CREATE TABLE `t_bukti_bgcek_girodet` (
  `bukti_bgcek_girodet_id` int(11) NOT NULL AUTO_INCREMENT,
  `t_bukti_bgcek_id` int(11) DEFAULT NULL,
  `bukti_bgcek_girodet_nomor` varchar(255) DEFAULT NULL,
  `bukti_bgcek_girodet_jatuh_tempo` date DEFAULT NULL,
  `bukti_bgcek_girodet_status` int(11) DEFAULT '1' COMMENT '0 Cair, 1 Belum',
  `bukti_bgcek_girodet_jumlah` decimal(20,2) DEFAULT NULL,
  `bukti_bgcek_girodet_created_date` datetime DEFAULT NULL,
  `bukti_bgcek_girodet_created_by` varchar(255) DEFAULT NULL,
  `bukti_bgcek_girodet_updated_date` datetime DEFAULT NULL ON UPDATE CURRENT_TIMESTAMP,
  `bukti_bgcek_girodet_updated_by` varchar(255) DEFAULT NULL,
  `bukti_bgcek_girodet_revised` int(11) DEFAULT NULL,
  PRIMARY KEY (`bukti_bgcek_girodet_id`)
) ENGINE=MyISAM AUTO_INCREMENT=10 DEFAULT CHARSET=latin1;

/*Data for the table `t_bukti_bgcek_girodet` */

insert  into `t_bukti_bgcek_girodet`(`bukti_bgcek_girodet_id`,`t_bukti_bgcek_id`,`bukti_bgcek_girodet_nomor`,`bukti_bgcek_girodet_jatuh_tempo`,`bukti_bgcek_girodet_status`,`bukti_bgcek_girodet_jumlah`,`bukti_bgcek_girodet_created_date`,`bukti_bgcek_girodet_created_by`,`bukti_bgcek_girodet_updated_date`,`bukti_bgcek_girodet_updated_by`,`bukti_bgcek_girodet_revised`) values (1,1,'12345','2017-04-30',0,1500000.00,'2017-04-11 15:37:24','developer','2017-04-11 16:16:35','developer',2),(2,1,'54321','2017-04-30',1,1150000.00,'2017-04-11 15:37:24','developer','2017-04-11 16:16:36','developer',2),(3,2,'324324242','2017-04-19',1,100000.00,'2017-04-11 15:51:56','developer','2017-04-11 15:51:56',NULL,0),(4,2,'213121','2017-04-20',1,550000.00,'2017-04-11 15:51:56','developer','2017-04-11 15:51:56',NULL,0),(5,3,'12345678','2017-04-11',0,1000000.00,'2017-04-12 13:03:56','developer','2017-04-12 13:06:14','developer',1),(6,3,'123817387','2017-04-18',0,1000000.00,'2017-04-12 13:03:57','developer','2017-04-12 13:06:14','developer',1),(7,4,'898718237','2017-04-14',1,200000.00,'2017-04-12 13:05:05','developer','2017-04-12 13:05:05',NULL,0),(8,5,'192931','2017-04-13',1,200000.00,'2017-04-12 13:28:27','developer','2017-04-12 13:28:27',NULL,0),(9,5,'12938918','2017-04-19',1,300000.00,'2017-04-12 13:28:27','developer','2017-04-12 13:28:27',NULL,0);

/*Table structure for table `t_bukti_bgcekdet` */

DROP TABLE IF EXISTS `t_bukti_bgcekdet`;

CREATE TABLE `t_bukti_bgcekdet` (
  `bukti_bgcekdet_id` int(11) NOT NULL AUTO_INCREMENT,
  `t_bukti_bgcek_id` int(11) DEFAULT NULL,
  `t_refrensi_id` int(11) DEFAULT NULL,
  `bukti_bgcekdet_jumlah` decimal(20,2) DEFAULT NULL,
  `bukti_bgcekdet_created_date` datetime DEFAULT NULL,
  `bukti_bgcekdet_created_by` varchar(255) DEFAULT NULL,
  `bukti_bgcekdet_updated_date` datetime DEFAULT NULL ON UPDATE CURRENT_TIMESTAMP,
  `bukti_bgcekdet_updated_by` varchar(255) DEFAULT NULL,
  `bukti_bgcekdet_revised` int(11) DEFAULT NULL,
  PRIMARY KEY (`bukti_bgcekdet_id`)
) ENGINE=MyISAM AUTO_INCREMENT=6 DEFAULT CHARSET=latin1;

/*Data for the table `t_bukti_bgcekdet` */

insert  into `t_bukti_bgcekdet`(`bukti_bgcekdet_id`,`t_bukti_bgcek_id`,`t_refrensi_id`,`bukti_bgcekdet_jumlah`,`bukti_bgcekdet_created_date`,`bukti_bgcekdet_created_by`,`bukti_bgcekdet_updated_date`,`bukti_bgcekdet_updated_by`,`bukti_bgcekdet_revised`) values (1,1,2,2650000.00,'2017-04-11 15:37:23','developer','2017-04-11 15:37:23',NULL,0),(2,2,2,650000.00,'2017-04-11 15:51:55','developer','2017-04-11 15:51:55',NULL,0),(3,3,1,2000000.00,'2017-04-12 13:03:56','developer','2017-04-12 13:03:56',NULL,0),(4,4,7,200000.00,'2017-04-12 13:05:05','developer','2017-04-12 13:05:05',NULL,0),(5,5,2,500000.00,'2017-04-12 13:28:27','developer','2017-04-12 13:28:27',NULL,0);

/*Table structure for table `t_bukti_kas` */

DROP TABLE IF EXISTS `t_bukti_kas`;

CREATE TABLE `t_bukti_kas` (
  `bukti_kas_id` int(11) NOT NULL AUTO_INCREMENT,
  `m_cabang_id` int(11) DEFAULT NULL,
  `bukti_kas_nomor` varchar(255) DEFAULT NULL,
  `bukti_kas_tanggal` datetime DEFAULT NULL ON UPDATE CURRENT_TIMESTAMP,
  `bukti_kas_lampiran` int(11) DEFAULT NULL,
  `bukti_kas_tipe` int(11) DEFAULT NULL COMMENT '1 Keluar, 2 Masuk',
  `m_partner_id` int(11) DEFAULT NULL,
  `bukti_kas_jumlah_bayar` decimal(20,2) DEFAULT NULL,
  `bukti_kas_catatan` varchar(255) DEFAULT NULL,
  `bukti_kas_status` int(11) DEFAULT NULL,
  `bukti_kas_created_date` datetime DEFAULT NULL,
  `bukti_kas_created_by` varchar(255) DEFAULT NULL,
  `bukti_kas_updated_date` datetime DEFAULT NULL ON UPDATE CURRENT_TIMESTAMP,
  `bukti_kas_updated_by` varchar(255) DEFAULT NULL,
  `bukti_kas_revised` int(11) DEFAULT NULL,
  PRIMARY KEY (`bukti_kas_id`)
) ENGINE=MyISAM AUTO_INCREMENT=3 DEFAULT CHARSET=latin1;

/*Data for the table `t_bukti_kas` */

insert  into `t_bukti_kas`(`bukti_kas_id`,`m_cabang_id`,`bukti_kas_nomor`,`bukti_kas_tanggal`,`bukti_kas_lampiran`,`bukti_kas_tipe`,`m_partner_id`,`bukti_kas_jumlah_bayar`,`bukti_kas_catatan`,`bukti_kas_status`,`bukti_kas_created_date`,`bukti_kas_created_by`,`bukti_kas_updated_date`,`bukti_kas_updated_by`,`bukti_kas_revised`) values (1,1,'KM20170400001','2017-04-12 00:00:00',2,2,10,800.00,'',1,'2017-04-12 13:16:37','developer','2017-04-12 13:16:37',NULL,0),(2,1,'KM20170400002','2017-04-12 00:00:00',2,2,10,800.00,'',1,'2017-04-12 13:17:40','developer','2017-04-12 13:17:40',NULL,0);

/*Table structure for table `t_bukti_kasdet` */

DROP TABLE IF EXISTS `t_bukti_kasdet`;

CREATE TABLE `t_bukti_kasdet` (
  `bukti_kasdet_id` int(11) NOT NULL AUTO_INCREMENT,
  `t_bukti_kas_id` int(11) DEFAULT NULL,
  `m_coa_id` int(11) DEFAULT NULL,
  `t_refrensi_id` int(11) DEFAULT NULL,
  `bukti_kasdet_jumlah` decimal(20,2) DEFAULT NULL,
  `bukti_kasdet_created_date` datetime DEFAULT NULL,
  `bukti_kasdet_created_by` varchar(255) DEFAULT NULL,
  `bukti_kasdet_updated_date` datetime DEFAULT NULL ON UPDATE CURRENT_TIMESTAMP,
  `bukti_kasdet_uppdated_by` varchar(255) DEFAULT NULL,
  `bukti_kasdet_revised` int(11) DEFAULT NULL,
  PRIMARY KEY (`bukti_kasdet_id`)
) ENGINE=MyISAM DEFAULT CHARSET=latin1;

/*Data for the table `t_bukti_kasdet` */

/*Table structure for table `t_estimasi_penjualan` */

DROP TABLE IF EXISTS `t_estimasi_penjualan`;

CREATE TABLE `t_estimasi_penjualan` (
  `estimasi_penjualan_id` int(11) NOT NULL AUTO_INCREMENT,
  `estimasi_penjualan_nomor` varchar(255) DEFAULT NULL,
  `estimasi_penjualan_periode` varchar(255) DEFAULT NULL,
  `estimasi_penjualan_status` varchar(255) DEFAULT NULL,
  `estimasi_penjualan_status_date` datetime DEFAULT NULL,
  `estimasi_penjualan_created_date` datetime DEFAULT NULL,
  `estimasi_penjualan_created_by` varchar(255) DEFAULT NULL,
  `estimasi_penjualan_update_date` datetime DEFAULT NULL ON UPDATE CURRENT_TIMESTAMP,
  `estimasi_penjualan_update_by` varchar(255) DEFAULT NULL,
  `estimasi_penjualan_revised` int(11) DEFAULT NULL,
  `m_cabang_id` int(11) DEFAULT NULL,
  PRIMARY KEY (`estimasi_penjualan_id`)
) ENGINE=MyISAM AUTO_INCREMENT=16 DEFAULT CHARSET=latin1;

/*Data for the table `t_estimasi_penjualan` */

insert  into `t_estimasi_penjualan`(`estimasi_penjualan_id`,`estimasi_penjualan_nomor`,`estimasi_penjualan_periode`,`estimasi_penjualan_status`,`estimasi_penjualan_status_date`,`estimasi_penjualan_created_date`,`estimasi_penjualan_created_by`,`estimasi_penjualan_update_date`,`estimasi_penjualan_update_by`,`estimasi_penjualan_revised`,`m_cabang_id`) values (13,'EST20170300003','20/03/2017 - 21/03/2017','5','2017-03-20 13:44:11','2017-03-20 13:34:04','developer','2017-03-20 13:44:11','developer',3,1),(12,'EST20170300002','01/04/2017 - 14/04/2017','1',NULL,'2017-03-15 15:35:08','developer','2017-03-15 15:35:08',NULL,0,1),(11,'EST20170300001','17/03/2017 - 31/03/2017','5','2017-03-15 15:46:36','2017-03-15 15:34:23','developer','2017-03-15 15:46:36','developer',3,1),(14,'EST20170400001','24/04/2017 - 30/04/2017','1',NULL,'2017-04-24 18:07:05','developer','2017-04-24 18:07:05',NULL,0,1),(15,'EST20170400002','24/04/2017 - 30/04/2017','1',NULL,'2017-04-24 23:53:05','developer','2017-04-24 23:53:05',NULL,0,1);

/*Table structure for table `t_estimasi_penjualandet` */

DROP TABLE IF EXISTS `t_estimasi_penjualandet`;

CREATE TABLE `t_estimasi_penjualandet` (
  `estimasi_penjualandet_id` int(11) NOT NULL AUTO_INCREMENT,
  `t_estimasi_penjualan_id` int(11) DEFAULT NULL,
  `m_barang_id` int(11) DEFAULT NULL,
  `estimasi_penjualandet_jumlah` int(255) DEFAULT NULL,
  `m_satuan_id` int(11) DEFAULT NULL,
  `estimasi_penjualandet_status` int(11) DEFAULT '0' COMMENT '0 Belum, 1 Realisasi',
  PRIMARY KEY (`estimasi_penjualandet_id`)
) ENGINE=MyISAM AUTO_INCREMENT=20 DEFAULT CHARSET=latin1;

/*Data for the table `t_estimasi_penjualandet` */

insert  into `t_estimasi_penjualandet`(`estimasi_penjualandet_id`,`t_estimasi_penjualan_id`,`m_barang_id`,`estimasi_penjualandet_jumlah`,`m_satuan_id`,`estimasi_penjualandet_status`) values (17,13,1,500,NULL,1),(16,13,6,1000,NULL,1),(15,12,4,100,NULL,0),(14,11,7,200,NULL,1),(13,11,2,120,NULL,1),(12,11,1,100,NULL,1),(18,14,2398,1,NULL,0),(19,15,2398,0,NULL,0);

/*Table structure for table `t_estimasi_penjualanlog` */

DROP TABLE IF EXISTS `t_estimasi_penjualanlog`;

CREATE TABLE `t_estimasi_penjualanlog` (
  `estimasi_penjualanlog_id` int(11) NOT NULL AUTO_INCREMENT,
  `referensi_id` int(11) DEFAULT NULL,
  `estimasi_penjualanlog_status_dari` int(11) DEFAULT NULL,
  `estimasi_penjualanlog_status_ke` int(11) DEFAULT NULL,
  `estimasi_penjualanlog_status_update_date` datetime DEFAULT NULL ON UPDATE CURRENT_TIMESTAMP,
  `estimasi_penjualanlog_status_update_by` varchar(255) DEFAULT NULL,
  PRIMARY KEY (`estimasi_penjualanlog_id`)
) ENGINE=InnoDB AUTO_INCREMENT=18 DEFAULT CHARSET=latin1;

/*Data for the table `t_estimasi_penjualanlog` */

insert  into `t_estimasi_penjualanlog`(`estimasi_penjualanlog_id`,`referensi_id`,`estimasi_penjualanlog_status_dari`,`estimasi_penjualanlog_status_ke`,`estimasi_penjualanlog_status_update_date`,`estimasi_penjualanlog_status_update_by`) values (12,11,1,2,'2017-03-15 15:35:50','developer'),(13,11,2,3,'2017-03-15 15:39:56','developer'),(14,11,3,5,'2017-03-15 15:46:36','developer'),(15,13,1,2,'2017-03-20 13:36:43','developer'),(16,13,2,3,'2017-03-20 13:36:55','developer'),(17,13,3,5,'2017-03-20 13:44:11','developer');

/*Table structure for table `t_faktur_penjualan` */

DROP TABLE IF EXISTS `t_faktur_penjualan`;

CREATE TABLE `t_faktur_penjualan` (
  `faktur_penjualan_id` int(11) NOT NULL AUTO_INCREMENT,
  `m_cabang_id` int(11) DEFAULT NULL,
  `faktur_penjualan_nomor` varchar(255) DEFAULT NULL,
  `faktur_penjualan_tanggal` datetime DEFAULT NULL,
  `faktur_penjualan_jatuh_tempo` datetime DEFAULT NULL,
  `t_surat_jalan_id` int(11) DEFAULT NULL,
  `faktur_penjualan_sub_total` decimal(20,2) DEFAULT '0.00',
  `faktur_penjualan_potongan` decimal(20,2) DEFAULT '0.00',
  `faktur_penjualan_uang_muka` decimal(20,2) DEFAULT '0.00',
  `faktur_penjualan_total` decimal(20,2) DEFAULT '0.00',
  `faktur_penjualan_tujuan_transfer` text,
  `faktur_penjualan_status` tinyint(1) DEFAULT '1' COMMENT '0 Lunas, 1 Belum',
  `faktur_penjualan_status_pembayaran` int(1) DEFAULT '1',
  `faktur_penjualan_nominal_pembayaran` decimal(20,2) DEFAULT '0.00',
  `faktur_penjualan_created_date` datetime DEFAULT NULL,
  `faktur_penjualan_created_by` varchar(255) DEFAULT NULL,
  `faktur_penjualan_updated_date` datetime DEFAULT NULL ON UPDATE CURRENT_TIMESTAMP,
  `faktur_penjualan_updated_by` varchar(255) DEFAULT NULL,
  `faktur_penjualan_revised` int(11) DEFAULT NULL,
  PRIMARY KEY (`faktur_penjualan_id`)
) ENGINE=MyISAM AUTO_INCREMENT=11 DEFAULT CHARSET=latin1;

/*Data for the table `t_faktur_penjualan` */

insert  into `t_faktur_penjualan`(`faktur_penjualan_id`,`m_cabang_id`,`faktur_penjualan_nomor`,`faktur_penjualan_tanggal`,`faktur_penjualan_jatuh_tempo`,`t_surat_jalan_id`,`faktur_penjualan_sub_total`,`faktur_penjualan_potongan`,`faktur_penjualan_uang_muka`,`faktur_penjualan_total`,`faktur_penjualan_tujuan_transfer`,`faktur_penjualan_status`,`faktur_penjualan_status_pembayaran`,`faktur_penjualan_nominal_pembayaran`,`faktur_penjualan_created_date`,`faktur_penjualan_created_by`,`faktur_penjualan_updated_date`,`faktur_penjualan_updated_by`,`faktur_penjualan_revised`) values (1,1,'INV20170300001','2017-03-19 00:00:00','2017-03-31 00:00:00',9,NULL,0.00,500000.00,3500000.00,'Rekening BCA',1,0,3500000.00,'2017-03-19 21:10:38','developer','2017-04-11 11:23:31',NULL,0),(2,1,'INV20170300002','2017-03-23 00:00:00','2017-03-23 00:00:00',9,NULL,100000.00,1000000.00,2650000.00,'[\"1\",\"3\"]',1,1,0.00,'2017-03-23 11:11:31','developer','2017-03-23 11:11:31',NULL,0),(3,1,'INV20170300003','2017-03-30 00:00:00','2017-03-30 00:00:00',14,NULL,4000.00,100000.00,130000.00,'[\"1\",\"4\"]',1,1,0.00,'2017-03-30 11:01:24','developer','2017-03-30 11:01:24',NULL,0),(4,1,'INV20170300004','2017-03-30 00:00:00','2017-03-30 00:00:00',15,NULL,40000.00,800000.00,1000000.00,'[\"1\",\"3\",\"4\"]',1,0,1000000.00,'2017-03-30 15:50:22','developer','2017-04-05 13:10:18',NULL,0),(5,1,'INV20170400001','2017-04-05 00:00:00','2017-04-05 00:00:00',17,NULL,0.00,0.00,18000.00,'[\"1\",\"4\"]',1,1,0.00,'2017-04-05 11:27:09','developer','2017-04-05 11:27:09',NULL,0),(6,1,'INV20170400002','2017-04-12 00:00:00','2017-05-02 00:00:00',19,NULL,0.00,0.00,100000.00,'[\"1\"]',1,1,0.00,'2017-04-12 11:30:40','developer','2017-04-12 11:33:15','developer',1),(7,1,'INV20170400003','2017-04-12 00:00:00','2017-04-22 00:00:00',20,NULL,0.00,0.00,1000000.00,'[\"1\"]',1,1,750000.00,'2017-04-12 11:52:47','developer','2017-04-12 13:20:53',NULL,0),(8,1,'INV20170400004','2017-04-19 00:00:00','2017-04-29 00:00:00',22,NULL,0.00,0.00,20000.00,'[\"1\"]',1,1,0.00,'2017-04-19 10:52:20','developer','2017-04-19 10:52:20',NULL,0),(10,1,'INV20170400005','2017-04-19 00:00:00','2017-05-19 00:00:00',23,NULL,0.00,0.00,50000.00,'[\"1\"]',1,1,0.00,'2017-04-19 11:46:32','developer','2017-04-19 11:46:32',NULL,0);

/*Table structure for table `t_faktur_penjualan_ekspedisi` */

DROP TABLE IF EXISTS `t_faktur_penjualan_ekspedisi`;

CREATE TABLE `t_faktur_penjualan_ekspedisi` (
  `faktur_penjualan_ekspedisi_id` int(11) NOT NULL AUTO_INCREMENT,
  `m_cabang_id` int(11) DEFAULT NULL,
  `faktur_penjualan_ekspedisi_nomor` varchar(255) DEFAULT NULL,
  `faktur_penjualan_ekspedisi_tanggal` datetime DEFAULT NULL,
  `t_faktur_penjualan_id` int(11) DEFAULT NULL,
  `faktur_penjualan_ekspedisi_total` decimal(20,2) DEFAULT '0.00',
  `faktur_penjualan_ekspedisi_status` tinyint(1) DEFAULT '1' COMMENT '0 Lunas, 1 Belum',
  `faktur_penjualan_ekspedisi_status_pembayaran` int(1) DEFAULT '1',
  `faktur_penjualan_ekspedisi_nominal_pembayaran` decimal(20,2) DEFAULT '0.00',
  `faktur_penjualan_ekspedisi_created_date` datetime DEFAULT NULL,
  `faktur_penjualan_ekspedisi_created_by` varchar(255) DEFAULT NULL,
  `faktur_penjualan_ekspedisi_updated_date` datetime DEFAULT NULL ON UPDATE CURRENT_TIMESTAMP,
  `faktur_penjualan_ekspedisi_updated_by` varchar(255) DEFAULT NULL,
  `faktur_penjualan_ekspedisi_revised` int(11) DEFAULT NULL,
  `faktur_penjualan_ekspedisi_alamat` text,
  `faktur_penjualan_ekspedisi_alamat_kirim` text,
  PRIMARY KEY (`faktur_penjualan_ekspedisi_id`)
) ENGINE=MyISAM DEFAULT CHARSET=latin1;

/*Data for the table `t_faktur_penjualan_ekspedisi` */

/*Table structure for table `t_faktur_penjualandet` */

DROP TABLE IF EXISTS `t_faktur_penjualandet`;

CREATE TABLE `t_faktur_penjualandet` (
  `faktur_penjualandet_id` int(11) NOT NULL AUTO_INCREMENT,
  `t_po_customerdet_id` int(11) DEFAULT NULL,
  `t_faktur_penjualan_id` int(11) DEFAULT NULL,
  `faktur_penjualandet_discount` decimal(20,0) DEFAULT NULL,
  `faktur_penjualandet_created_date` datetime DEFAULT NULL,
  `faktur_penjualandet_created_by` varchar(255) DEFAULT NULL,
  `faktur_penjualandet_updated_date` datetime DEFAULT NULL ON UPDATE CURRENT_TIMESTAMP,
  `faktur_penjualandet_updated_by` varchar(255) DEFAULT NULL,
  `faktur_penjualandet_revised` int(11) DEFAULT NULL,
  PRIMARY KEY (`faktur_penjualandet_id`)
) ENGINE=MyISAM AUTO_INCREMENT=17 DEFAULT CHARSET=latin1;

/*Data for the table `t_faktur_penjualandet` */

insert  into `t_faktur_penjualandet`(`faktur_penjualandet_id`,`t_po_customerdet_id`,`t_faktur_penjualan_id`,`faktur_penjualandet_discount`,`faktur_penjualandet_created_date`,`faktur_penjualandet_created_by`,`faktur_penjualandet_updated_date`,`faktur_penjualandet_updated_by`,`faktur_penjualandet_revised`) values (1,1,1,0,'2017-03-19 21:10:38','developer','2017-03-19 21:10:38',NULL,0),(2,2,1,0,'2017-03-19 21:10:38','developer','2017-03-19 21:10:38',NULL,0),(3,1,2,10,'2017-03-23 11:11:31','developer','2017-03-23 11:11:31',NULL,0),(4,2,2,5,'2017-03-23 11:11:32','developer','2017-03-23 11:11:32',NULL,0),(5,3,3,5,'2017-03-30 11:01:25','developer','2017-03-30 11:01:25',NULL,0),(6,4,3,0,'2017-03-30 11:01:25','developer','2017-03-30 11:01:25',NULL,0),(7,13,3,0,'2017-03-30 11:01:25','developer','2017-03-30 11:01:25',NULL,0),(8,9,4,5,'2017-03-30 15:50:23','developer','2017-03-30 15:50:23',NULL,0),(9,10,4,0,'2017-03-30 15:50:23','developer','2017-03-30 15:50:23',NULL,0),(10,13,5,10,'2017-04-05 11:27:10','developer','2017-04-05 11:27:10',NULL,0),(11,24,6,0,'2017-04-12 11:30:40','developer','2017-04-12 11:30:40',NULL,0),(12,25,7,0,'2017-04-12 11:52:47','developer','2017-04-12 11:52:47',NULL,0),(13,33,8,0,'2017-04-19 10:52:21','developer','2017-04-19 10:52:21',NULL,0),(14,33,9,0,'2017-04-19 10:52:22','developer','2017-04-19 10:52:22',NULL,0),(15,28,10,0,'2017-04-19 11:46:33','developer','2017-04-19 11:46:33',NULL,0),(16,29,10,0,'2017-04-19 11:46:33','developer','2017-04-19 11:46:33',NULL,0);

/*Table structure for table `t_jadwal_produksi` */

DROP TABLE IF EXISTS `t_jadwal_produksi`;

CREATE TABLE `t_jadwal_produksi` (
  `jadwal_produksi_id` int(11) NOT NULL AUTO_INCREMENT,
  `jadwal_produksi_nomor` varchar(255) DEFAULT NULL,
  `jadwal_produksi_periode` varchar(255) DEFAULT NULL,
  `m_cabang_id` int(11) DEFAULT NULL,
  `jadwal_produksi_shift` varchar(255) DEFAULT NULL,
  `jadwal_produksi_jenis` varchar(255) DEFAULT NULL,
  `jadwal_produksi_kebutuhan` int(11) DEFAULT NULL,
  `t_estimasi_penjualan_id` int(11) DEFAULT NULL,
  `t_so_customer_id` int(11) DEFAULT NULL,
  `jadwal_produksi_status` varchar(255) DEFAULT NULL,
  `jadwal_produksi_status_date` datetime DEFAULT NULL,
  `jadwal_produksi_created_date` datetime DEFAULT NULL,
  `jadwal_produksi_created_by` varchar(255) DEFAULT NULL,
  `jadwal_produksi_update_date` datetime DEFAULT NULL ON UPDATE CURRENT_TIMESTAMP,
  `jadwal_produksi_update_by` varchar(255) DEFAULT NULL,
  `jadwal_produksi_revised` int(11) DEFAULT NULL,
  PRIMARY KEY (`jadwal_produksi_id`)
) ENGINE=MyISAM AUTO_INCREMENT=16 DEFAULT CHARSET=latin1;

/*Data for the table `t_jadwal_produksi` */

insert  into `t_jadwal_produksi`(`jadwal_produksi_id`,`jadwal_produksi_nomor`,`jadwal_produksi_periode`,`m_cabang_id`,`jadwal_produksi_shift`,`jadwal_produksi_jenis`,`jadwal_produksi_kebutuhan`,`t_estimasi_penjualan_id`,`t_so_customer_id`,`jadwal_produksi_status`,`jadwal_produksi_status_date`,`jadwal_produksi_created_date`,`jadwal_produksi_created_by`,`jadwal_produksi_update_date`,`jadwal_produksi_update_by`,`jadwal_produksi_revised`) values (15,'JP20170300004','21/03/2017 - 31/03/2017',1,'1','3',3,NULL,2,'1','2017-03-21 09:57:29','2017-03-21 09:57:29','developer','2017-03-21 09:57:29',NULL,0),(13,'JP20170300003','20/03/2017 - 31/03/2017',1,'3','1',1,13,NULL,'3','2017-03-20 13:52:34','2017-03-20 13:44:11','developer','2017-03-21 09:37:08','developer',2),(12,'JP20170300002','21/03/2017 - 22/03/2017',1,'3','3',2,NULL,NULL,'1','2017-03-20 15:11:44','2017-03-15 16:02:36','developer','2017-03-20 15:12:47','developer',3),(11,'JP20170300001','15/03/2017 - 31/03/2017',1,'1','2',1,11,NULL,'1','2017-03-20 15:12:12','2017-03-15 15:46:34','developer','2017-03-20 15:12:12','developer',2);

/*Table structure for table `t_jadwal_produksi_akhirdet` */

DROP TABLE IF EXISTS `t_jadwal_produksi_akhirdet`;

CREATE TABLE `t_jadwal_produksi_akhirdet` (
  `jadwal_produksi_akhirdet_id` int(11) NOT NULL AUTO_INCREMENT,
  `t_jadwal_produksi_id` int(11) DEFAULT NULL,
  `t_estimasi_penjualandet_id` int(11) DEFAULT NULL,
  `m_barang_id` int(11) DEFAULT NULL,
  `jadwal_produksi_akhirdet_total` int(11) DEFAULT NULL,
  `jadwal_produksi_akhirdet_keterangan` text,
  `jadwal_produksi_akhirdet_status` int(11) DEFAULT NULL,
  `jadwal_produksi_akhirdet_status_date` datetime DEFAULT NULL,
  `jadwal_produksi_akhirdet_created_date` datetime DEFAULT NULL,
  `jadwal_produksi_akhirdet_created_by` varchar(255) DEFAULT NULL,
  `jadwal_produksi_akhirdet_update_date` datetime DEFAULT NULL,
  `jadwal_produksi_akhirdet_update_by` varchar(255) DEFAULT NULL,
  `jadwal_produksi_akhirdet_revised` int(11) DEFAULT NULL,
  PRIMARY KEY (`jadwal_produksi_akhirdet_id`)
) ENGINE=MyISAM AUTO_INCREMENT=15 DEFAULT CHARSET=latin1;

/*Data for the table `t_jadwal_produksi_akhirdet` */

insert  into `t_jadwal_produksi_akhirdet`(`jadwal_produksi_akhirdet_id`,`t_jadwal_produksi_id`,`t_estimasi_penjualandet_id`,`m_barang_id`,`jadwal_produksi_akhirdet_total`,`jadwal_produksi_akhirdet_keterangan`,`jadwal_produksi_akhirdet_status`,`jadwal_produksi_akhirdet_status_date`,`jadwal_produksi_akhirdet_created_date`,`jadwal_produksi_akhirdet_created_by`,`jadwal_produksi_akhirdet_update_date`,`jadwal_produksi_akhirdet_update_by`,`jadwal_produksi_akhirdet_revised`) values (7,11,13,2,120,'B',1,'2017-03-15 15:46:35','2017-03-15 15:46:35','developer','2017-03-15 15:46:35',NULL,0),(6,11,14,7,100,'A',1,'2017-03-15 15:46:35','2017-03-15 15:46:35','developer','2017-03-15 15:46:35',NULL,0),(8,11,12,1,100,'C',1,'2017-03-15 15:46:35','2017-03-15 15:46:35','developer','2017-03-15 15:46:35',NULL,0),(9,12,0,2,100,'Barang A',1,'2017-03-20 15:12:48','2017-03-15 16:02:36','developer','2017-03-20 15:12:48','developer',1),(10,12,0,7,50,'Barang B',1,'2017-03-20 15:12:48','2017-03-15 16:02:36','developer','2017-03-20 15:12:48','developer',1),(11,13,17,1,500,'',1,'2017-03-20 13:44:11','2017-03-20 13:44:11','developer','2017-03-20 13:44:11',NULL,0),(12,13,16,6,1000,'',1,'2017-03-20 13:44:11','2017-03-20 13:44:11','developer','2017-03-20 13:44:11',NULL,0),(13,15,5,1,1000,'a',1,'2017-03-21 09:57:29','2017-03-21 09:57:29','developer','2017-03-21 09:57:29',NULL,0),(14,15,6,7,500,'b',1,'2017-03-21 09:57:29','2017-03-21 09:57:29','developer','2017-03-21 09:57:29',NULL,0);

/*Table structure for table `t_jadwal_produksi_awaldet` */

DROP TABLE IF EXISTS `t_jadwal_produksi_awaldet`;

CREATE TABLE `t_jadwal_produksi_awaldet` (
  `jadwal_produksi_awaldet_id` int(11) NOT NULL AUTO_INCREMENT,
  `t_jadwal_produksi_id` int(11) DEFAULT NULL,
  `m_barang_id` int(11) DEFAULT NULL,
  `jadwal_produksi_awaldet_no_seri` varchar(255) DEFAULT NULL,
  `jadwal_produksi_awaldet_qty` int(11) DEFAULT NULL,
  `jadwal_produksi_awaldet_status` varchar(1) DEFAULT NULL,
  `jadwal_produksi_awaldet_status_date` datetime DEFAULT NULL,
  `jadwal_produksi_awaldet_created_date` datetime DEFAULT NULL,
  `jadwal_produksi_awaldet_created_by` varchar(255) DEFAULT NULL,
  `jadwal_produksi_awaldet_update_date` datetime DEFAULT NULL,
  `jadwal_produksi_awaldet_update_by` varchar(255) DEFAULT NULL,
  `jadwal_produksi_awaldet_revised` int(11) DEFAULT NULL,
  PRIMARY KEY (`jadwal_produksi_awaldet_id`)
) ENGINE=MyISAM AUTO_INCREMENT=15 DEFAULT CHARSET=latin1;

/*Data for the table `t_jadwal_produksi_awaldet` */

insert  into `t_jadwal_produksi_awaldet`(`jadwal_produksi_awaldet_id`,`t_jadwal_produksi_id`,`m_barang_id`,`jadwal_produksi_awaldet_no_seri`,`jadwal_produksi_awaldet_qty`,`jadwal_produksi_awaldet_status`,`jadwal_produksi_awaldet_status_date`,`jadwal_produksi_awaldet_created_date`,`jadwal_produksi_awaldet_created_by`,`jadwal_produksi_awaldet_update_date`,`jadwal_produksi_awaldet_update_by`,`jadwal_produksi_awaldet_revised`) values (10,11,1,'NO20170267821I',1,'1','2017-03-15 15:46:34','2017-03-15 15:46:34','developer','2017-03-15 15:46:34',NULL,0),(9,11,1,'NO20170200215G',1,'1','2017-03-15 15:46:34','2017-03-15 15:46:34','developer','2017-03-15 15:46:34',NULL,0),(11,12,1,'NO20170200215G',100,'1','2017-03-20 15:12:47','2017-03-15 16:02:36','developer','2017-03-20 15:12:47','developer',1),(12,13,5,'123',10,'1','2017-03-20 13:44:11','2017-03-20 13:44:11','developer','2017-03-20 13:44:11',NULL,0),(14,15,5,'weqweq2232',100,'1','2017-03-21 09:57:29','2017-03-21 09:57:29','developer','2017-03-21 09:57:29',NULL,0);

/*Table structure for table `t_jadwal_produksidet` */

DROP TABLE IF EXISTS `t_jadwal_produksidet`;

CREATE TABLE `t_jadwal_produksidet` (
  `jadwal_produksidet_id` int(11) NOT NULL AUTO_INCREMENT,
  `t_jadwal_produksi_id` int(11) DEFAULT NULL,
  `t_estimasi_penjualandet_id` int(11) DEFAULT NULL,
  `m_barang_id` int(11) DEFAULT NULL,
  `jadwal_produksidet_qty` int(11) DEFAULT NULL,
  `jadwal_produksidet_total` int(255) DEFAULT NULL,
  `jadwal_produksidet_keterangan` varchar(255) DEFAULT NULL,
  `jadwal_produksidet_status` int(11) DEFAULT NULL,
  `jadwal_produksidet_status_date` datetime DEFAULT NULL,
  `jadwal_produksidet_created_date` datetime DEFAULT NULL,
  `jadwal_produksidet_created_by` varchar(255) DEFAULT NULL,
  `jadwal_produksidet_update_date` datetime DEFAULT NULL,
  `jadwal_produksidet_update_by` varchar(255) DEFAULT NULL,
  `jadwal_produksidet_revised` int(11) DEFAULT NULL,
  PRIMARY KEY (`jadwal_produksidet_id`)
) ENGINE=MyISAM AUTO_INCREMENT=5 DEFAULT CHARSET=latin1;

/*Data for the table `t_jadwal_produksidet` */

insert  into `t_jadwal_produksidet`(`jadwal_produksidet_id`,`t_jadwal_produksi_id`,`t_estimasi_penjualandet_id`,`m_barang_id`,`jadwal_produksidet_qty`,`jadwal_produksidet_total`,`jadwal_produksidet_keterangan`,`jadwal_produksidet_status`,`jadwal_produksidet_status_date`,`jadwal_produksidet_created_date`,`jadwal_produksidet_created_by`,`jadwal_produksidet_update_date`,`jadwal_produksidet_update_by`,`jadwal_produksidet_revised`) values (1,1,5,1,100,1500,'-',1,'2017-03-03 16:57:43','2017-03-03 16:57:43','developer','2017-03-03 16:57:43',NULL,0),(2,2,NULL,1,NULL,NULL,NULL,1,'2017-03-06 11:20:51','2017-03-06 11:20:51','developer','2017-03-06 11:20:51',NULL,0),(3,3,6,2,250,250,'ket',1,'2017-03-08 10:01:18','2017-03-08 10:01:18','developer','2017-03-08 10:01:18',NULL,0),(4,3,7,4,16,16,'ket',1,'2017-03-08 10:01:18','2017-03-08 10:01:18','developer','2017-03-08 10:01:18',NULL,0);

/*Table structure for table `t_jadwal_produksilog` */

DROP TABLE IF EXISTS `t_jadwal_produksilog`;

CREATE TABLE `t_jadwal_produksilog` (
  `jadwal_produksilog_id` int(11) NOT NULL AUTO_INCREMENT,
  `referensi_id` int(11) DEFAULT NULL,
  `jadwal_produksilog_status_dari` int(11) DEFAULT NULL,
  `jadwal_produksilog_status_ke` int(11) DEFAULT NULL,
  `jadwal_produksilog_status_update_date` datetime DEFAULT NULL ON UPDATE CURRENT_TIMESTAMP,
  `jadwal_produksilog_status_update_by` varchar(255) DEFAULT NULL,
  PRIMARY KEY (`jadwal_produksilog_id`)
) ENGINE=InnoDB AUTO_INCREMENT=18 DEFAULT CHARSET=latin1;

/*Data for the table `t_jadwal_produksilog` */

insert  into `t_jadwal_produksilog`(`jadwal_produksilog_id`,`referensi_id`,`jadwal_produksilog_status_dari`,`jadwal_produksilog_status_ke`,`jadwal_produksilog_status_update_date`,`jadwal_produksilog_status_update_by`) values (14,13,1,2,'2017-03-20 13:49:45','developer'),(15,13,2,3,'2017-03-20 13:52:34','developer'),(16,12,1,2,'2017-03-20 15:10:23','developer'),(17,11,1,2,'2017-03-20 15:10:35','developer');

/*Table structure for table `t_jurnal` */

DROP TABLE IF EXISTS `t_jurnal`;

CREATE TABLE `t_jurnal` (
  `jurnal_id` int(11) NOT NULL AUTO_INCREMENT,
  `jurnal_tanggal` datetime DEFAULT NULL,
  `m_cabang_id` int(11) NOT NULL,
  `m_coa_id` int(11) NOT NULL,
  `jurnal_refrensi_nomor` varchar(50) DEFAULT NULL,
  `jurnal_keterangan` text,
  `jurnal_debit` decimal(20,2) DEFAULT '0.00',
  `jurnal_kredit` decimal(20,2) DEFAULT '0.00',
  `jurnal_created_date` datetime NOT NULL,
  `jurnal_created_by` varchar(255) NOT NULL,
  `jurnal_updated_date` datetime DEFAULT NULL,
  `jurnal_updated_by` varchar(255) DEFAULT NULL,
  `jurnal_revised` int(11) DEFAULT '0',
  PRIMARY KEY (`jurnal_id`)
) ENGINE=InnoDB AUTO_INCREMENT=7 DEFAULT CHARSET=utf8;

/*Data for the table `t_jurnal` */

insert  into `t_jurnal`(`jurnal_id`,`jurnal_tanggal`,`m_cabang_id`,`m_coa_id`,`jurnal_refrensi_nomor`,`jurnal_keterangan`,`jurnal_debit`,`jurnal_kredit`,`jurnal_created_date`,`jurnal_created_by`,`jurnal_updated_date`,`jurnal_updated_by`,`jurnal_revised`) values (1,'2017-04-19 00:00:00',1,42,'KAS20170400003','beli atk ',100000.00,0.00,'2017-04-19 15:58:13','developer','2017-04-19 15:58:13',NULL,0),(2,'2017-04-19 00:00:00',1,42,'KAS20170400003','beli atk ',0.00,100000.00,'2017-04-19 15:58:13','developer','2017-04-19 15:58:13',NULL,0),(3,'2017-04-19 00:00:00',1,42,'KAS20170400003','beli air mineral',10000.00,0.00,'2017-04-19 15:58:17','developer','2017-04-19 15:58:17',NULL,0),(4,'2017-04-19 00:00:00',1,42,'KAS20170400003','beli air mineral',0.00,10000.00,'2017-04-19 15:58:19','developer','2017-04-19 15:58:19',NULL,0),(5,'2017-04-19 00:00:00',1,47,'PR20170400002','Payment Request',5000000.00,0.00,'2017-04-19 16:45:28','developer','2017-04-19 16:45:28',NULL,0),(6,'2017-04-19 00:00:00',1,47,'BK20170400003','Bank Keluar',0.00,5000000.00,'2017-04-19 16:45:28','developer','2017-04-19 16:45:28',NULL,0);

/*Table structure for table `t_kartu_stok` */

DROP TABLE IF EXISTS `t_kartu_stok`;

CREATE TABLE `t_kartu_stok` (
  `kartu_stok_id` int(11) NOT NULL AUTO_INCREMENT,
  `m_gudang_id` int(11) NOT NULL,
  `m_barang_id` int(11) NOT NULL,
  `kartu_stok_tanggal` datetime NOT NULL,
  `kartu_stok_referensi` varchar(255) NOT NULL,
  `kartu_stok_saldo` int(255) NOT NULL DEFAULT '0',
  `kartu_stok_masuk` int(255) DEFAULT '0',
  `kartu_stok_keluar` int(255) DEFAULT '0',
  `kartu_stok_penyesuaian` int(11) DEFAULT NULL,
  `kartu_stok_keterangan` text,
  `kartu_stok_created_date` varchar(255) NOT NULL,
  `kartu_stok_created_by` varchar(255) NOT NULL,
  `kartu_stok_update_date` datetime DEFAULT NULL ON UPDATE CURRENT_TIMESTAMP,
  `kartu_stok_update_by` varchar(255) DEFAULT NULL,
  `kartu_stok_revised` int(11) DEFAULT NULL,
  PRIMARY KEY (`kartu_stok_id`),
  KEY `stok_gudang` (`m_gudang_id`),
  KEY `stok_barang` (`m_barang_id`)
) ENGINE=InnoDB AUTO_INCREMENT=157 DEFAULT CHARSET=latin1;

/*Data for the table `t_kartu_stok` */

insert  into `t_kartu_stok`(`kartu_stok_id`,`m_gudang_id`,`m_barang_id`,`kartu_stok_tanggal`,`kartu_stok_referensi`,`kartu_stok_saldo`,`kartu_stok_masuk`,`kartu_stok_keluar`,`kartu_stok_penyesuaian`,`kartu_stok_keterangan`,`kartu_stok_created_date`,`kartu_stok_created_by`,`kartu_stok_update_date`,`kartu_stok_update_by`,`kartu_stok_revised`) values (1,1,1,'2017-02-16 00:42:00','-',0,0,0,100,'Saldo Awal','','',NULL,NULL,NULL),(2,1,2,'2017-02-16 00:42:22','-',0,0,0,100,'Saldo Awal','','',NULL,NULL,NULL),(3,2,1,'2017-02-16 00:42:37','-',0,0,0,100,'Saldo Awal','','',NULL,NULL,NULL),(4,2,2,'2017-02-16 00:42:50','-',0,0,0,100,'Saldo Awal','','',NULL,NULL,NULL),(30,2,1,'2017-02-26 21:31:51','BKB20170200001',100,0,25,0,'Permintaan BKB','2017-02-26 21:31:51','developer',NULL,NULL,0),(31,1,1,'2017-02-26 21:31:51','BKB20170200001',100,25,0,0,'Permintaan BKB','2017-02-26 21:31:51','developer',NULL,NULL,0),(32,2,2,'2017-02-26 21:31:51','BKB20170200001',100,0,25,0,'Permintaan BKB','2017-02-26 21:31:51','developer',NULL,NULL,0),(33,1,2,'2017-02-26 21:31:52','BKB20170200001',100,25,0,0,'Permintaan BKB','2017-02-26 21:31:52','developer',NULL,NULL,0),(34,2,2,'2017-02-27 10:02:11','BPB20170200001',75,150,0,0,'Penerimaan Barang','2017-02-27 10:02:11','developer',NULL,NULL,0),(35,2,1,'2017-02-27 10:02:11','BPB20170200001',75,155,0,0,'Penerimaan Barang','2017-02-27 10:02:11','developer',NULL,NULL,0),(45,2,1,'2017-03-01 14:25:51','SJ20170300001',75,0,20,0,'Surat Jalan Retur','2017-03-01 14:25:51','developer','2017-03-01 15:28:43',NULL,0),(48,1,1,'2017-03-01 15:48:16','BPBJ20170300001',125,100,0,0,'Penerimaan Barang','2017-03-01 15:48:16','developer',NULL,NULL,0),(49,1,2,'2017-03-01 15:48:16','BPBJ20170300001',125,50,0,0,'Penerimaan Barang','2017-03-01 15:48:16','developer',NULL,NULL,0),(50,1,1,'2017-03-01 16:34:01','BPBJ20170300001',225,100,0,0,'Penerimaan Barang','2017-03-01 16:34:01','developer',NULL,NULL,0),(51,1,2,'2017-03-01 16:34:03','BPBJ20170300001',175,50,0,0,'Penerimaan Barang','2017-03-01 16:34:03','developer',NULL,NULL,0),(52,1,5,'2017-03-04 00:49:20','-',0,0,0,500,'Saldo Awal','','','2017-03-04 00:49:57',NULL,NULL),(53,1,6,'2017-03-04 00:49:56','-',0,0,0,500,'Saldo Awal','','',NULL,NULL,NULL),(54,1,5,'2017-03-04 04:25:58','PKB20170300001',500,0,80,0,'Perhitungan Kebutuhan Bahan','2017-03-04 04:25:58','developer',NULL,NULL,0),(55,1,6,'2017-03-04 04:25:58','PKB20170300001',500,0,100,0,'Perhitungan Kebutuhan Bahan','2017-03-04 04:25:58','developer',NULL,NULL,0),(56,1,1,'2017-03-04 04:30:46','PKB20170300001',325,100,0,0,'Perhitungan Kebutuhan Bahan','2017-03-04 04:30:46','developer',NULL,NULL,0),(57,1,1,'2017-03-04 04:30:46','PKB20170300001',425,100,0,0,'Perhitungan Kebutuhan Bahan','2017-03-04 04:30:46','developer',NULL,NULL,0),(58,1,1,'2017-03-04 09:28:46','BKB20170300001',525,0,10,0,'Permintaan BKB','2017-03-04 09:28:46','gudangbahan',NULL,NULL,0),(59,2,1,'2017-03-04 09:28:46','BKB20170300001',55,10,0,0,'Permintaan BKB','2017-03-04 09:28:46','gudangbahan',NULL,NULL,0),(60,1,1,'2017-03-04 10:54:32','BPB20170300001',515,149,0,0,'Penerimaan Barang','2017-03-04 10:54:32','developer',NULL,NULL,0),(62,1,5,'2017-03-07 10:02:14','PP20170300001',420,0,10,0,'Pengubahan Bahan','2017-03-07 10:02:14','developer',NULL,NULL,0),(64,4,1,'2017-03-07 15:51:39','ST20170300001',0,5,0,0,'Serah Terima Produksi','2017-03-07 15:51:39','developer',NULL,NULL,0),(65,1,6,'2017-03-07 22:42:40','PBRG20170300001',400,0,12,0,'Pengembalian Barang Produksi','2017-03-07 22:42:40','developer',NULL,NULL,0),(66,4,6,'2017-03-07 22:42:40','PBRG20170300001',0,12,0,0,'Pengembalian Barang Produksi','2017-03-07 22:42:40','developer',NULL,NULL,0),(67,1,5,'2017-03-08 09:03:56','BPB20170300003',410,7500,0,0,'Penerimaan Barang','2017-03-08 09:03:56','developer',NULL,NULL,0),(68,1,6,'2017-03-08 09:03:56','BPB20170300003',388,50,0,0,'Penerimaan Barang','2017-03-08 09:03:56','developer',NULL,NULL,0),(69,1,5,'2017-03-08 09:04:00','BPB20170300004',7910,7500,0,0,'Penerimaan Barang','2017-03-08 09:04:00','developer',NULL,NULL,0),(70,1,6,'2017-03-08 09:04:00','BPB20170300004',438,50,0,0,'Penerimaan Barang','2017-03-08 09:04:00','developer',NULL,NULL,0),(71,1,5,'2017-03-08 09:04:02','BPB20170300005',15410,7500,0,0,'Penerimaan Barang','2017-03-08 09:04:02','developer',NULL,NULL,0),(72,1,6,'2017-03-08 09:04:02','BPB20170300005',488,50,0,0,'Penerimaan Barang','2017-03-08 09:04:02','developer',NULL,NULL,0),(73,1,5,'2017-03-08 13:42:16','PB20170300001',22910,0,10,0,'Pengubahan Bahan','2017-03-08 13:42:16','developer',NULL,NULL,0),(74,1,5,'2017-03-08 14:19:11','PBRG20170300001',22900,0,10,0,'Pengembalian Barang Produksi','2017-03-08 14:19:11','developer',NULL,NULL,0),(75,4,5,'2017-03-08 14:19:12','PBRG20170300001',0,10,0,0,'Pengembalian Barang Produksi','2017-03-08 14:19:12','developer',NULL,NULL,0),(76,1,1,'2017-03-10 14:28:38','BPB20170300006',664,150,0,0,'Penerimaan Barang','2017-03-10 14:28:38','developer',NULL,NULL,0),(77,1,1,'2017-03-10 14:29:18','BPB20170300007',814,150,0,0,'Penerimaan Barang','2017-03-10 14:29:18','developer',NULL,NULL,0),(78,6,1,'2017-03-19 17:52:18','-',0,0,0,100,'Stok Awal','2017-03-19 17:52:18','','2017-03-19 17:52:49',NULL,NULL),(79,6,2,'2017-03-19 17:52:18','-',0,0,0,200,'Stok Awal','2017-03-19 17:52:18','','2017-03-19 17:56:49',NULL,NULL),(81,6,1,'2017-03-19 17:56:03','SO20170300001',100,0,10,0,'SO Customer','2017-03-19 17:56:03','developer',NULL,NULL,0),(82,6,2,'2017-03-19 17:56:03','SO20170300001',200,0,20,0,'SO Customer','2017-03-19 17:56:03','developer',NULL,NULL,0),(83,6,1,'2017-03-20 11:35:32','SO20170300002',90,0,1000,0,'SO Customer','2017-03-20 11:35:32','developer',NULL,NULL,0),(84,2,1,'2017-04-25 14:33:11','SJ20170400005',65,0,20,0,'Surat Jalan Retur','2017-04-25 14:33:11','developer',NULL,NULL,0),(85,1,2209,'2017-04-28 10:42:05','BPB20170400023',0,1,0,0,'Penerimaan Barang','2017-04-28 10:42:05','developer',NULL,NULL,0),(86,1,2209,'2017-04-28 10:49:28','BPB20170400024',1,1,0,0,'Penerimaan Barang','2017-04-28 10:49:28','developer',NULL,NULL,0),(87,1,2209,'2017-04-28 10:53:17','BPB20170400025',2,383,0,0,'Penerimaan Barang','2017-04-28 10:53:17','developer',NULL,NULL,0),(88,2,2209,'2017-04-28 11:03:04','BPB20170400011',0,1000000,0,0,'Penerimaan Barang','2017-04-28 11:03:04','developer',NULL,NULL,0),(89,1,2209,'2017-04-28 11:04:17','BPB20170400012',385,100000,0,0,'Penerimaan Barang','2017-04-28 11:04:17','developer',NULL,NULL,0),(90,1,2209,'2017-04-28 11:26:00','BPB20170400014',100385,0,0,0,'Penerimaan Barang','2017-04-28 11:26:00','developer',NULL,NULL,0),(91,1,2209,'2017-04-28 11:27:25','BPB20170400015',100385,0,0,0,'Penerimaan Barang','2017-04-28 11:27:25','developer',NULL,NULL,0),(92,1,2209,'2017-04-28 11:28:55','BPB20170400016',100385,0,0,0,'Penerimaan Barang','2017-04-28 11:28:55','developer',NULL,NULL,0),(93,1,2209,'2017-04-28 11:46:08','BPB20170400017',100385,0,0,0,'Penerimaan Barang','2017-04-28 11:46:08','developer',NULL,NULL,0),(94,1,2209,'2017-04-28 11:49:07','BPB20170400018',100385,0,0,0,'Penerimaan Barang','2017-04-28 11:49:07','developer',NULL,NULL,0),(95,1,2209,'2017-04-28 11:53:13','BPB20170400019',100385,0,0,0,'Penerimaan Barang','2017-04-28 11:53:13','developer',NULL,NULL,0),(96,1,2209,'2017-04-28 11:54:38','BPB20170400020',100385,0,0,0,'Penerimaan Barang','2017-04-28 11:54:38','developer',NULL,NULL,0),(97,1,2398,'2017-04-28 14:24:53','BPB20170400055',0,0,0,0,'Penerimaan Barang','2017-04-28 14:24:53','developer',NULL,NULL,0),(98,1,1121,'2017-04-28 14:24:53','BPB20170400055',0,0,0,0,'Penerimaan Barang','2017-04-28 14:24:53','developer',NULL,NULL,0),(99,1,2398,'2017-04-28 14:25:45','BPB20170400056',0,0,0,0,'Penerimaan Barang','2017-04-28 14:25:45','developer',NULL,NULL,0),(100,1,1121,'2017-04-28 14:25:45','BPB20170400056',0,0,0,0,'Penerimaan Barang','2017-04-28 14:25:45','developer',NULL,NULL,0),(101,1,514,'2017-04-28 16:10:40','BPB20170400057',0,0,0,0,'Penerimaan Barang','2017-04-28 16:10:40','developer',NULL,NULL,0),(102,1,2915,'2017-04-28 16:10:41','BPB20170400057',0,0,0,0,'Penerimaan Barang','2017-04-28 16:10:41','developer',NULL,NULL,0),(103,1,514,'2017-04-28 16:10:45','BPB20170400058',0,0,0,0,'Penerimaan Barang','2017-04-28 16:10:45','developer',NULL,NULL,0),(104,1,2915,'2017-04-28 16:10:45','BPB20170400058',0,0,0,0,'Penerimaan Barang','2017-04-28 16:10:45','developer',NULL,NULL,0),(105,1,2685,'2017-04-28 16:20:58','BPB20170400059',0,0,0,0,'Penerimaan Barang','2017-04-28 16:20:58','developer',NULL,NULL,0),(106,1,461,'2017-04-28 16:20:58','BPB20170400059',0,0,0,0,'Penerimaan Barang','2017-04-28 16:20:58','developer',NULL,NULL,0),(107,1,2685,'2017-04-28 16:21:02','BPB20170400060',0,0,0,0,'Penerimaan Barang','2017-04-28 16:21:02','developer',NULL,NULL,0),(108,1,461,'2017-04-28 16:21:02','BPB20170400060',0,0,0,0,'Penerimaan Barang','2017-04-28 16:21:02','developer',NULL,NULL,0),(109,1,2685,'2017-04-28 16:35:11','BPB20170400061',0,0,0,0,'Penerimaan Barang','2017-04-28 16:35:11','developer',NULL,NULL,0),(110,1,461,'2017-04-28 16:35:11','BPB20170400061',0,0,0,0,'Penerimaan Barang','2017-04-28 16:35:11','developer',NULL,NULL,0),(111,1,2207,'2017-04-28 17:30:25','BPB20170400062',0,0,0,0,'Penerimaan Barang','2017-04-28 17:30:25','developer',NULL,NULL,0),(112,1,2207,'2017-04-28 17:30:28','BPB20170400063',0,0,0,0,'Penerimaan Barang','2017-04-28 17:30:28','developer',NULL,NULL,0),(113,1,2207,'2017-04-28 17:30:28','BPB20170400064',0,0,0,0,'Penerimaan Barang','2017-04-28 17:30:28','developer',NULL,NULL,0),(114,1,2207,'2017-04-28 17:30:30','BPB20170400065',0,0,0,0,'Penerimaan Barang','2017-04-28 17:30:30','developer',NULL,NULL,0),(115,1,2207,'2017-04-28 17:30:33','BPB20170400066',0,0,0,0,'Penerimaan Barang','2017-04-28 17:30:33','developer',NULL,NULL,0),(116,1,2207,'2017-04-28 17:30:34','BPB20170400067',0,0,0,0,'Penerimaan Barang','2017-04-28 17:30:34','developer',NULL,NULL,0),(117,1,2207,'2017-04-28 17:30:44','BPB20170400068',0,0,0,0,'Penerimaan Barang','2017-04-28 17:30:44','developer',NULL,NULL,0),(118,1,2207,'2017-04-28 17:30:46','BPB20170400069',0,0,0,0,'Penerimaan Barang','2017-04-28 17:30:46','developer',NULL,NULL,0),(119,1,2207,'2017-04-28 17:30:46','BPB20170400070',0,0,0,0,'Penerimaan Barang','2017-04-28 17:30:46','developer',NULL,NULL,0),(120,1,2207,'2017-04-28 17:34:41','BPB20170400071',0,0,0,0,'Penerimaan Barang','2017-04-28 17:34:41','developer',NULL,NULL,0),(121,1,2205,'2017-04-28 17:34:42','BPB20170400071',0,0,0,0,'Penerimaan Barang','2017-04-28 17:34:42','developer',NULL,NULL,0),(122,1,2207,'2017-04-28 21:26:21','BPB20170400072',0,0,0,0,'Penerimaan Barang','2017-04-28 21:26:21','developer',NULL,NULL,0),(123,1,2207,'2017-04-28 21:26:22','BPB20170400073',0,0,0,0,'Penerimaan Barang','2017-04-28 21:26:22','developer',NULL,NULL,0),(124,1,2207,'2017-04-28 21:35:22','BPB20170400075',0,0,0,0,'Penerimaan Barang','2017-04-28 21:35:22','developer',NULL,NULL,0),(125,1,2205,'2017-04-28 21:35:22','BPB20170400075',0,0,0,0,'Penerimaan Barang','2017-04-28 21:35:22','developer',NULL,NULL,0),(126,1,2207,'2017-04-28 21:41:48','BPB20170400076',0,0,0,0,'Penerimaan Barang','2017-04-28 21:41:48','developer',NULL,NULL,0),(127,1,2205,'2017-04-28 21:41:48','BPB20170400076',0,0,0,0,'Penerimaan Barang','2017-04-28 21:41:48','developer',NULL,NULL,0),(128,1,2207,'2017-04-28 21:43:32','BPB20170400077',0,0,0,0,'Penerimaan Barang','2017-04-28 21:43:32','developer',NULL,NULL,0),(129,1,2205,'2017-04-28 21:43:32','BPB20170400077',0,0,0,0,'Penerimaan Barang','2017-04-28 21:43:32','developer',NULL,NULL,0),(130,1,2685,'2017-04-28 21:48:27','BPB20170400078',0,0,0,0,'Penerimaan Barang','2017-04-28 21:48:27','developer',NULL,NULL,0),(131,1,461,'2017-04-28 21:48:28','BPB20170400078',0,0,0,0,'Penerimaan Barang','2017-04-28 21:48:28','developer',NULL,NULL,0),(132,1,2207,'2017-04-28 23:13:42','BPB20170400079',0,0,0,0,'Penerimaan Barang','2017-04-28 23:13:42','developer',NULL,NULL,0),(133,1,2205,'2017-04-28 23:13:42','BPB20170400079',0,0,0,0,'Penerimaan Barang','2017-04-28 23:13:42','developer',NULL,NULL,0),(134,1,2207,'2017-04-29 01:31:11','BPB20170400080',0,0,0,0,'Penerimaan Barang','2017-04-29 01:31:11','developer',NULL,NULL,0),(135,1,2205,'2017-04-29 01:31:11','BPB20170400080',0,0,0,0,'Penerimaan Barang','2017-04-29 01:31:11','developer',NULL,NULL,0),(136,1,2207,'2017-04-29 01:48:57','BPB20170400081',0,0,0,0,'Penerimaan Barang','2017-04-29 01:48:57','developer',NULL,NULL,0),(137,1,2205,'2017-04-29 01:48:57','BPB20170400081',0,0,0,0,'Penerimaan Barang','2017-04-29 01:48:57','developer',NULL,NULL,0),(138,1,2207,'2017-05-02 21:34:24','BPB20170500001',0,0,0,0,'Penerimaan Barang','2017-05-02 21:34:24','developer',NULL,NULL,0),(139,1,2205,'2017-05-02 21:34:25','BPB20170500001',0,0,0,0,'Penerimaan Barang','2017-05-02 21:34:25','developer',NULL,NULL,0),(140,1,2207,'2017-05-02 23:08:20','BPB20170500003',0,0,0,0,'Penerimaan Barang','2017-05-02 23:08:20','developer',NULL,NULL,0),(141,1,2205,'2017-05-02 23:08:20','BPB20170500003',0,0,0,0,'Penerimaan Barang','2017-05-02 23:08:20','developer',NULL,NULL,0),(142,1,2685,'2017-05-02 23:08:53','BPB20170500004',0,0,0,0,'Penerimaan Barang','2017-05-02 23:08:53','developer',NULL,NULL,0),(143,1,461,'2017-05-02 23:08:53','BPB20170500004',0,0,0,0,'Penerimaan Barang','2017-05-02 23:08:53','developer',NULL,NULL,0),(144,1,514,'2017-05-02 23:09:24','BPB20170500005',0,0,0,0,'Penerimaan Barang','2017-05-02 23:09:24','developer',NULL,NULL,0),(145,1,2915,'2017-05-02 23:09:24','BPB20170500005',0,0,0,0,'Penerimaan Barang','2017-05-02 23:09:24','developer',NULL,NULL,0),(146,1,514,'2017-05-02 23:10:22','BPB20170500006',0,0,0,0,'Penerimaan Barang','2017-05-02 23:10:22','developer',NULL,NULL,0),(147,1,2915,'2017-05-02 23:10:22','BPB20170500006',0,0,0,0,'Penerimaan Barang','2017-05-02 23:10:22','developer',NULL,NULL,0),(148,1,2685,'2017-05-02 23:10:51','BPB20170500007',0,0,0,0,'Penerimaan Barang','2017-05-02 23:10:51','developer',NULL,NULL,0),(149,1,461,'2017-05-02 23:10:51','BPB20170500007',0,0,0,0,'Penerimaan Barang','2017-05-02 23:10:51','developer',NULL,NULL,0),(150,1,1121,'2017-05-03 13:23:07','BPB20170500001',0,5,0,0,'Penerimaan Barang','2017-05-03 13:23:07','developer',NULL,NULL,0),(151,1,2685,'2017-05-03 13:23:07','BPB20170500001',0,5,0,0,'Penerimaan Barang','2017-05-03 13:23:07','developer',NULL,NULL,0),(152,1,2398,'2017-05-03 13:23:07','BPB20170500001',0,5,0,0,'Penerimaan Barang','2017-05-03 13:23:07','developer',NULL,NULL,0),(153,1,1121,'2017-05-03 22:59:11','BPB20170500002',5,5,0,0,'Penerimaan Barang','2017-05-03 22:59:11','developer',NULL,NULL,0),(154,1,895,'2017-05-03 22:59:11','BPB20170500002',0,5,0,0,'Penerimaan Barang','2017-05-03 22:59:11','developer',NULL,NULL,0),(155,1,1121,'2017-05-11 04:54:12','BPB20170500003',10,2,0,0,'Penerimaan Barang','2017-05-11 04:54:12','developer',NULL,NULL,0),(156,1,895,'2017-05-11 04:54:12','BPB20170500003',5,1,0,0,'Penerimaan Barang','2017-05-11 04:54:12','developer',NULL,NULL,0);

/*Table structure for table `t_keluar_barang` */

DROP TABLE IF EXISTS `t_keluar_barang`;

CREATE TABLE `t_keluar_barang` (
  `keluar_barang_id` int(11) NOT NULL AUTO_INCREMENT,
  `m_cabang_id` int(11) DEFAULT NULL,
  `keluar_barang_nomor` varchar(255) NOT NULL,
  `keluar_barang_tanggal` datetime NOT NULL,
  `keluar_barang_jenis` int(255) NOT NULL,
  `m_gudang_id_permintaan` int(11) DEFAULT NULL,
  `m_gudang_id_tujuan` int(11) DEFAULT NULL,
  `m_departemen_id` int(255) NOT NULL,
  `keluar_barang_status` int(255) NOT NULL,
  `keluar_barang_status_date` datetime DEFAULT NULL ON UPDATE CURRENT_TIMESTAMP,
  `keluar_barang_penerima` varchar(255) DEFAULT NULL,
  `keluar_barang_penyerah` varchar(255) DEFAULT NULL,
  `keluar_barang_pembuat` varchar(255) DEFAULT NULL,
  `keluar_barang_printed` int(255) DEFAULT NULL,
  `keluar_barang_created_date` datetime NOT NULL,
  `keluar_barang_created_by` varchar(255) NOT NULL,
  `keluar_barang_update_date` datetime DEFAULT NULL ON UPDATE CURRENT_TIMESTAMP,
  `keluar_barang_update_by` varchar(0) DEFAULT NULL,
  `keluar_barang_revised` int(255) DEFAULT NULL,
  PRIMARY KEY (`keluar_barang_id`)
) ENGINE=InnoDB AUTO_INCREMENT=8 DEFAULT CHARSET=latin1;

/*Data for the table `t_keluar_barang` */

insert  into `t_keluar_barang`(`keluar_barang_id`,`m_cabang_id`,`keluar_barang_nomor`,`keluar_barang_tanggal`,`keluar_barang_jenis`,`m_gudang_id_permintaan`,`m_gudang_id_tujuan`,`m_departemen_id`,`keluar_barang_status`,`keluar_barang_status_date`,`keluar_barang_penerima`,`keluar_barang_penyerah`,`keluar_barang_pembuat`,`keluar_barang_printed`,`keluar_barang_created_date`,`keluar_barang_created_by`,`keluar_barang_update_date`,`keluar_barang_update_by`,`keluar_barang_revised`) values (1,1,'BKB20170200001','2017-02-26 00:00:00',1,1,2,2,5,'2017-03-06 16:14:27','7','8','1',NULL,'2017-02-26 21:18:37','developer','2017-03-06 16:14:27','',4),(2,1,'BKB20170300001','2017-03-04 00:00:00',1,2,1,1,4,'2017-03-04 09:28:46',NULL,'8','7',NULL,'2017-03-04 09:00:58','gudangbahan','2017-03-04 09:28:45','',2),(3,1,'BKB20170300002','2017-03-06 00:00:00',1,4,4,1,1,'2017-03-06 14:16:28',NULL,'7','1',NULL,'2017-03-06 14:10:09','developer','2017-03-06 14:16:29','',1),(4,1,'BKB20170300003','2017-03-06 00:00:00',1,4,4,1,1,'2017-03-06 15:58:33',NULL,NULL,'7',NULL,'2017-03-06 15:58:33','gudangbahan','2017-03-06 15:58:33',NULL,0),(5,1,'BKB20170300004','2017-03-06 00:00:00',1,4,4,1,2,'2017-03-06 16:15:31',NULL,'7','7',NULL,'2017-03-06 16:13:25','gudangbahan','2017-03-06 16:15:31','',2),(6,1,'BKB20170300005','2017-03-07 00:00:00',1,4,4,2,2,'2017-03-07 13:50:52',NULL,'7','7',NULL,'2017-03-07 13:49:27','gudangbahan','2017-03-07 13:50:52','',2),(7,1,'BKB20170300006','2017-03-13 00:00:00',1,1,4,1,2,'2017-03-13 10:10:58',NULL,NULL,'1',NULL,'2017-03-13 10:10:23','developer','2017-03-13 10:10:58','',1);

/*Table structure for table `t_keluar_barangdet` */

DROP TABLE IF EXISTS `t_keluar_barangdet`;

CREATE TABLE `t_keluar_barangdet` (
  `keluar_barangdet_id` int(11) NOT NULL AUTO_INCREMENT,
  `t_keluar_barang_id` int(11) DEFAULT NULL,
  `m_barang_id` int(11) DEFAULT NULL,
  `keluar_barangdet_qty` int(11) DEFAULT NULL,
  `keluar_barangdet_qty_realisasi` int(11) DEFAULT '0',
  `keluar_barangdet_keterangan` varchar(255) DEFAULT NULL,
  `keluar_barangdet_status` int(11) DEFAULT NULL,
  `keluar_barangdet_status_date` datetime DEFAULT NULL,
  `keluar_barangdet_create_date` datetime DEFAULT NULL,
  `keluar_barangdet_create_by` varchar(255) DEFAULT NULL,
  `keluar_barangdet_update_date` datetime DEFAULT NULL ON UPDATE CURRENT_TIMESTAMP,
  `keluar_barangdet_update_by` varchar(255) DEFAULT NULL,
  `keluar_barangdet_revised` int(11) DEFAULT NULL,
  PRIMARY KEY (`keluar_barangdet_id`)
) ENGINE=InnoDB AUTO_INCREMENT=9 DEFAULT CHARSET=latin1;

/*Data for the table `t_keluar_barangdet` */

insert  into `t_keluar_barangdet`(`keluar_barangdet_id`,`t_keluar_barang_id`,`m_barang_id`,`keluar_barangdet_qty`,`keluar_barangdet_qty_realisasi`,`keluar_barangdet_keterangan`,`keluar_barangdet_status`,`keluar_barangdet_status_date`,`keluar_barangdet_create_date`,`keluar_barangdet_create_by`,`keluar_barangdet_update_date`,`keluar_barangdet_update_by`,`keluar_barangdet_revised`) values (1,1,1,25,25,'-',1,'2017-02-26 21:28:58','2017-02-26 21:18:37','developer','2017-02-26 21:31:51','developer',2),(2,1,2,25,25,'-',1,'2017-02-26 21:28:58','2017-02-26 21:18:37','developer','2017-02-26 21:31:51','developer',2),(3,2,1,10,10,'ket',1,'2017-03-04 09:28:45','2017-03-04 09:00:59','gudangbahan','2017-03-04 09:28:45','gudangbahan',1),(4,3,1,NULL,0,NULL,0,'2017-03-06 14:10:10','2017-03-06 14:10:10','developer','2017-03-06 14:10:10',NULL,0),(5,4,5,500,0,'UNTUK PRODUKSI',0,'2017-03-06 15:58:33','2017-03-06 15:58:33','gudangbahan','2017-03-06 15:58:33',NULL,0),(6,5,6,NULL,0,NULL,0,'2017-03-06 16:13:25','2017-03-06 16:13:25','gudangbahan','2017-03-06 16:15:31','gudangbahan',1),(7,6,5,250000,0,'UNTUK TALANG ROLL',0,'2017-03-07 13:49:27','2017-03-07 13:49:27','gudangbahan','2017-03-07 13:50:52','gudangbahan',1),(8,7,5,100000,0,'ket',0,'2017-03-13 10:10:24','2017-03-13 10:10:24','developer','2017-03-13 10:10:24',NULL,0);

/*Table structure for table `t_keluar_baranglog` */

DROP TABLE IF EXISTS `t_keluar_baranglog`;

CREATE TABLE `t_keluar_baranglog` (
  `keluar_baranglog_id` int(11) NOT NULL AUTO_INCREMENT,
  `referensi_id` int(11) DEFAULT NULL,
  `keluar_baranglog_status_dari` int(11) DEFAULT NULL,
  `keluar_baranglog_status_ke` int(11) DEFAULT NULL,
  `keluar_baranglog_status_update_date` datetime DEFAULT NULL ON UPDATE CURRENT_TIMESTAMP,
  `keluar_baranglog_status_update_by` varchar(255) DEFAULT NULL,
  PRIMARY KEY (`keluar_baranglog_id`)
) ENGINE=InnoDB AUTO_INCREMENT=9 DEFAULT CHARSET=latin1;

/*Data for the table `t_keluar_baranglog` */

insert  into `t_keluar_baranglog`(`keluar_baranglog_id`,`referensi_id`,`keluar_baranglog_status_dari`,`keluar_baranglog_status_ke`,`keluar_baranglog_status_update_date`,`keluar_baranglog_status_update_by`) values (1,1,1,2,'2017-02-26 21:19:28','developer'),(2,1,2,4,'2017-02-26 21:28:58','developer'),(3,2,1,2,'2017-03-04 09:02:16','gudangbahan'),(4,2,2,4,'2017-03-04 09:28:45','gudangbahan'),(5,1,4,5,'2017-03-06 16:14:27','gudangbahan'),(6,5,1,2,'2017-03-06 16:14:57','gudangbahan'),(7,6,1,2,'2017-03-07 13:50:18','gudangbahan'),(8,7,1,2,'2017-03-13 10:10:58','developer');

/*Table structure for table `t_ketidaksesuaian_spesifikasi` */

DROP TABLE IF EXISTS `t_ketidaksesuaian_spesifikasi`;

CREATE TABLE `t_ketidaksesuaian_spesifikasi` (
  `ketidaksesuaian_spesifikasi_id` int(11) NOT NULL AUTO_INCREMENT,
  `ketidaksesuaian_spesifikasi_nomor` varchar(255) DEFAULT NULL,
  `t_jadwal_produksi_id` int(11) DEFAULT NULL,
  `m_cabang_id` int(11) DEFAULT NULL,
  `ketidaksesuaian_spesifikasi_tanggal` datetime DEFAULT NULL,
  `ketidaksesuaian_spesifikasi_mesin` varchar(255) DEFAULT NULL,
  `ketidaksesuaian_spesifikasi_operator` varchar(255) DEFAULT NULL,
  `ketidaksesuaian_spesifikasi_created_date` datetime DEFAULT NULL ON UPDATE CURRENT_TIMESTAMP,
  `ketidaksesuaian_spesifikasi_created_by` varchar(255) DEFAULT NULL,
  `ketidaksesuaian_spesifikasi_update_date` datetime DEFAULT NULL ON UPDATE CURRENT_TIMESTAMP,
  `ketidaksesuaian_spesifikasi_update_by` varchar(255) DEFAULT NULL,
  `ketidaksesuaian_spesifikasi_revised` varchar(255) DEFAULT NULL,
  PRIMARY KEY (`ketidaksesuaian_spesifikasi_id`)
) ENGINE=MyISAM AUTO_INCREMENT=7 DEFAULT CHARSET=latin1;

/*Data for the table `t_ketidaksesuaian_spesifikasi` */

insert  into `t_ketidaksesuaian_spesifikasi`(`ketidaksesuaian_spesifikasi_id`,`ketidaksesuaian_spesifikasi_nomor`,`t_jadwal_produksi_id`,`m_cabang_id`,`ketidaksesuaian_spesifikasi_tanggal`,`ketidaksesuaian_spesifikasi_mesin`,`ketidaksesuaian_spesifikasi_operator`,`ketidaksesuaian_spesifikasi_created_date`,`ketidaksesuaian_spesifikasi_created_by`,`ketidaksesuaian_spesifikasi_update_date`,`ketidaksesuaian_spesifikasi_update_by`,`ketidaksesuaian_spesifikasi_revised`) values (1,'FKS20170300001',1,1,'2017-03-04 00:00:00','Mesin 1','7','2017-03-04 06:13:02','developer','2017-03-04 06:13:02',NULL,'0'),(2,'FKS20170300002',3,1,'2017-03-08 00:00:00','genteng','10','2017-03-08 13:24:21','developer','2017-03-08 13:24:21',NULL,'0'),(6,'FKS20170300006',7,1,'2017-03-11 00:00:00','Mesin 1','7','2017-03-11 04:49:48','developer','2017-03-11 04:49:48',NULL,'0');

/*Table structure for table `t_ketidaksesuaian_spesifikasidet` */

DROP TABLE IF EXISTS `t_ketidaksesuaian_spesifikasidet`;

CREATE TABLE `t_ketidaksesuaian_spesifikasidet` (
  `ketidaksesuaian_spesifikasidet_id` int(11) NOT NULL AUTO_INCREMENT,
  `t_ketidaksesuaian_spesifikasi_id` int(11) DEFAULT NULL,
  `ketidaksesuaian_spesifikasidet_time` varchar(255) DEFAULT NULL,
  `ketidaksesuaian_spesifikasidet_qty` int(11) DEFAULT NULL,
  `t_jadwal_produksidet_id` int(11) DEFAULT NULL,
  `ketidaksesuaian_spesifikasidet_komplain` varchar(255) DEFAULT NULL,
  `ketidaksesuaian_spesifikasidet_tindakan` varchar(255) DEFAULT NULL,
  `ketidaksesuaian_spesifikasidet_keterangan` varchar(255) DEFAULT NULL,
  `m_barang_id` int(11) DEFAULT NULL,
  PRIMARY KEY (`ketidaksesuaian_spesifikasidet_id`)
) ENGINE=MyISAM AUTO_INCREMENT=8 DEFAULT CHARSET=latin1;

/*Data for the table `t_ketidaksesuaian_spesifikasidet` */

insert  into `t_ketidaksesuaian_spesifikasidet`(`ketidaksesuaian_spesifikasidet_id`,`t_ketidaksesuaian_spesifikasi_id`,`ketidaksesuaian_spesifikasidet_time`,`ketidaksesuaian_spesifikasidet_qty`,`t_jadwal_produksidet_id`,`ketidaksesuaian_spesifikasidet_komplain`,`ketidaksesuaian_spesifikasidet_tindakan`,`ketidaksesuaian_spesifikasidet_keterangan`,`m_barang_id`) values (1,1,'6:00 AM',5,NULL,'Barang tidak sesuai ukuran','Dijadikan barang baru','-',NULL),(2,1,'6:00 AM',2,NULL,'Salah pemotongan','Barang dibuang','-',NULL),(3,2,'9:30 AM',33,NULL,'adrdr','ardara','arar',NULL),(4,4,'4:40 AM',11,5,'Barang Rusak','Tidak ada','-',5),(5,5,'4:40 AM',11,5,'Barang Rusak','Tidak ada','-',5),(6,6,'4:40 AM',11,5,'Barang Rusak','Tidak ada','-',5),(7,6,'4:40 AM',20,6,'Barang ---','Tidak ada','-',6);

/*Table structure for table `t_ketidaksesuaian_spesifikasilog` */

DROP TABLE IF EXISTS `t_ketidaksesuaian_spesifikasilog`;

CREATE TABLE `t_ketidaksesuaian_spesifikasilog` (
  `ketidaksesuaian_spesifikasilog_id` int(11) NOT NULL AUTO_INCREMENT,
  `referensi_id` int(11) DEFAULT NULL,
  `ketidaksesuaian_spesifikasilog_status_dari` int(11) DEFAULT NULL,
  `ketidaksesuaian_spesifikasilog_status_ke` int(11) DEFAULT NULL,
  `ketidaksesuaian_spesifikasilog_status_update_date` datetime DEFAULT NULL ON UPDATE CURRENT_TIMESTAMP,
  `ketidaksesuaian_spesifikasilog_status_update_by` varchar(255) DEFAULT NULL,
  PRIMARY KEY (`ketidaksesuaian_spesifikasilog_id`)
) ENGINE=InnoDB DEFAULT CHARSET=latin1;

/*Data for the table `t_ketidaksesuaian_spesifikasilog` */

/*Table structure for table `t_mutasi_bankkas` */

DROP TABLE IF EXISTS `t_mutasi_bankkas`;

CREATE TABLE `t_mutasi_bankkas` (
  `mutasi_bankkas_id` int(11) NOT NULL AUTO_INCREMENT,
  `mutasi_bankkas_nomor` varchar(50) DEFAULT NULL,
  `mutasi_bankkas_tanggal` datetime DEFAULT NULL,
  `mutasi_bankkas_tipe` int(11) DEFAULT NULL COMMENT '1 bank kas, 2 kas bank, 3 bank bank',
  `mutasi_bankkas_refrensi_id1` int(11) DEFAULT NULL,
  `mutasi_bankkas_refrensi_id2` int(11) DEFAULT NULL,
  `mutasi_bankkas_nominal` decimal(20,2) DEFAULT NULL,
  `mutasi_bankkas_keterangan` text,
  `mutasi_bankkas_created_date` datetime NOT NULL,
  `mutasi_bankkas_created_by` varchar(255) NOT NULL,
  `mutasi_bankkas_updated_date` datetime DEFAULT NULL,
  `mutasi_bankkas_updated_by` varchar(255) DEFAULT NULL,
  `mutasi_bankkas_revised` int(11) DEFAULT '0',
  PRIMARY KEY (`mutasi_bankkas_id`)
) ENGINE=InnoDB AUTO_INCREMENT=6 DEFAULT CHARSET=utf8;

/*Data for the table `t_mutasi_bankkas` */

insert  into `t_mutasi_bankkas`(`mutasi_bankkas_id`,`mutasi_bankkas_nomor`,`mutasi_bankkas_tanggal`,`mutasi_bankkas_tipe`,`mutasi_bankkas_refrensi_id1`,`mutasi_bankkas_refrensi_id2`,`mutasi_bankkas_nominal`,`mutasi_bankkas_keterangan`,`mutasi_bankkas_created_date`,`mutasi_bankkas_created_by`,`mutasi_bankkas_updated_date`,`mutasi_bankkas_updated_by`,`mutasi_bankkas_revised`) values (1,'TR20170400001','2017-04-18 00:00:00',1,1,1,500000.00,'-','2017-04-18 12:44:05','developer','2017-04-18 12:44:05',NULL,0),(2,'TR20170400002','2017-04-18 00:00:00',1,1,1,10000.00,'','2017-04-18 15:36:25','developer','2017-04-18 15:36:25',NULL,0),(3,'TR20170400003','2017-04-18 00:00:00',2,1,1,20000.00,'','2017-04-18 15:37:20','developer','2017-04-18 15:37:20',NULL,0),(4,'TR20170400004','2017-04-18 00:00:00',3,1,3,100000.00,'','2017-04-18 15:38:20','developer','2017-04-18 15:38:20',NULL,0),(5,'TR20170400005','2017-04-19 00:00:00',1,1,2,100000.00,'','2017-04-19 16:14:22','developer','2017-04-19 16:14:22',NULL,0);

/*Table structure for table `t_nota_debet` */

DROP TABLE IF EXISTS `t_nota_debet`;

CREATE TABLE `t_nota_debet` (
  `nota_debet_id` int(11) NOT NULL AUTO_INCREMENT,
  `nota_debet_nomor` varchar(255) DEFAULT NULL,
  `nota_debet_tanggal` varchar(255) DEFAULT NULL,
  `t_retur_pembelian_id` int(11) DEFAULT NULL,
  `m_cabang_id` int(11) DEFAULT NULL,
  `m_partner_id` int(11) DEFAULT NULL,
  `m_gudang_id` int(11) DEFAULT NULL,
  `nota_debet_subtotal` decimal(10,0) DEFAULT NULL,
  `nota_debet_ppn` decimal(10,0) DEFAULT NULL COMMENT 'diisi nominal presentase',
  `nota_debet_total` decimal(10,0) DEFAULT NULL,
  `nota_debet_metode_pembayaran` int(11) DEFAULT NULL COMMENT '0 Saldo, 1 Transfer',
  `nota_debet_catatan` varchar(255) DEFAULT NULL,
  `nota_debet_status` int(255) NOT NULL,
  `nota_debet_status_date` datetime DEFAULT NULL ON UPDATE CURRENT_TIMESTAMP,
  `nota_debet_printed` int(255) DEFAULT NULL,
  `nota_debet_created_date` datetime NOT NULL,
  `nota_debet_created_by` varchar(255) NOT NULL,
  `nota_debet_update_date` datetime DEFAULT NULL ON UPDATE CURRENT_TIMESTAMP,
  `nota_debet_update_by` varchar(0) DEFAULT NULL,
  `nota_debet_revised` int(255) DEFAULT NULL,
  PRIMARY KEY (`nota_debet_id`)
) ENGINE=MyISAM AUTO_INCREMENT=3 DEFAULT CHARSET=latin1;

/*Data for the table `t_nota_debet` */

insert  into `t_nota_debet`(`nota_debet_id`,`nota_debet_nomor`,`nota_debet_tanggal`,`t_retur_pembelian_id`,`m_cabang_id`,`m_partner_id`,`m_gudang_id`,`nota_debet_subtotal`,`nota_debet_ppn`,`nota_debet_total`,`nota_debet_metode_pembayaran`,`nota_debet_catatan`,`nota_debet_status`,`nota_debet_status_date`,`nota_debet_printed`,`nota_debet_created_date`,`nota_debet_created_by`,`nota_debet_update_date`,`nota_debet_update_by`,`nota_debet_revised`) values (1,'NOTADEB20170200001','2017-02-28',1,1,2,2,2600000,0,2600000,0,'Nota Retur',3,'2017-03-19 18:12:31',NULL,'2017-02-28 07:02:17','developer','2017-03-19 18:12:31','',6),(2,'NOTADEB20170300001','2017-03-04',2,1,2,1,118180,0,118180,0,'catatan',1,'2017-03-19 18:12:40',NULL,'2017-03-04 11:06:14','developer','2017-03-19 18:12:40',NULL,0);

/*Table structure for table `t_nota_debetdet` */

DROP TABLE IF EXISTS `t_nota_debetdet`;

CREATE TABLE `t_nota_debetdet` (
  `nota_debetdet_id` int(11) NOT NULL AUTO_INCREMENT,
  `t_nota_debet_id` int(11) DEFAULT NULL,
  `t_retur_pembelian_id` int(11) DEFAULT NULL,
  `m_barang_id` int(11) DEFAULT NULL,
  `nota_debetdet_qty` int(11) DEFAULT NULL,
  `nota_debetdet_harga_satuan` decimal(10,0) DEFAULT NULL,
  `nota_debetdet_potongan` decimal(10,0) DEFAULT NULL,
  `nota_debetdet_total` decimal(10,0) DEFAULT NULL,
  `nota_debetdet_status` int(255) DEFAULT NULL,
  `nota_debetdet_status_date` datetime DEFAULT NULL,
  `nota_debetdet_create_date` datetime DEFAULT NULL,
  `nota_debetdet_created_date` datetime NOT NULL,
  `nota_debetdet_created_by` varchar(255) NOT NULL,
  `nota_debetdet_update_date` datetime DEFAULT NULL ON UPDATE CURRENT_TIMESTAMP,
  `nota_debetdet_update_by` varchar(0) DEFAULT NULL,
  `nota_debetdet_revised` int(255) DEFAULT NULL,
  PRIMARY KEY (`nota_debetdet_id`)
) ENGINE=MyISAM AUTO_INCREMENT=3 DEFAULT CHARSET=latin1;

/*Data for the table `t_nota_debetdet` */

insert  into `t_nota_debetdet`(`nota_debetdet_id`,`t_nota_debet_id`,`t_retur_pembelian_id`,`m_barang_id`,`nota_debetdet_qty`,`nota_debetdet_harga_satuan`,`nota_debetdet_potongan`,`nota_debetdet_total`,`nota_debetdet_status`,`nota_debetdet_status_date`,`nota_debetdet_create_date`,`nota_debetdet_created_date`,`nota_debetdet_created_by`,`nota_debetdet_update_date`,`nota_debetdet_update_by`,`nota_debetdet_revised`) values (1,1,1,1,20,130000,0,2600000,1,'2017-02-28 07:02:17',NULL,'2017-02-28 07:02:17','developer','2017-02-28 07:02:17',NULL,0),(2,2,2,1,10,11818,0,118180,1,'2017-03-04 11:06:15',NULL,'2017-03-04 11:06:15','developer','2017-03-04 11:06:15',NULL,0);

/*Table structure for table `t_nota_debetlog` */

DROP TABLE IF EXISTS `t_nota_debetlog`;

CREATE TABLE `t_nota_debetlog` (
  `nota_debetlog_id` int(11) NOT NULL AUTO_INCREMENT,
  `referensi_id` int(11) DEFAULT NULL,
  `nota_debetlog_status_dari` int(11) DEFAULT NULL,
  `nota_debetlog_status_ke` int(11) DEFAULT NULL,
  `nota_debetlog_status_update_date` datetime DEFAULT NULL ON UPDATE CURRENT_TIMESTAMP,
  `nota_debetlog_status_update_by` varchar(255) DEFAULT NULL,
  PRIMARY KEY (`nota_debetlog_id`)
) ENGINE=InnoDB AUTO_INCREMENT=3 DEFAULT CHARSET=latin1;

/*Data for the table `t_nota_debetlog` */

insert  into `t_nota_debetlog`(`nota_debetlog_id`,`referensi_id`,`nota_debetlog_status_dari`,`nota_debetlog_status_ke`,`nota_debetlog_status_update_date`,`nota_debetlog_status_update_by`) values (1,1,1,2,'2017-02-28 10:05:08','developer'),(2,1,2,3,'2017-02-28 10:11:27','developer');

/*Table structure for table `t_nota_kredit` */

DROP TABLE IF EXISTS `t_nota_kredit`;

CREATE TABLE `t_nota_kredit` (
  `nota_kredit_id` int(11) NOT NULL AUTO_INCREMENT,
  `m_cabang_id` int(11) DEFAULT NULL,
  `nota_kredit_jenis` int(11) DEFAULT NULL COMMENT '0 Retur Jual, 1 Klaim Retur',
  `referensi_id` int(11) DEFAULT NULL,
  `nota_kredit_nomor` varchar(255) DEFAULT NULL,
  `nota_kredit_tanggal` datetime DEFAULT NULL,
  `nota_kredit_netto` float(255,0) DEFAULT NULL,
  `nota_kredit_potongan_harga` float(255,0) DEFAULT NULL,
  `nota_kredit_uang_muka` float(255,0) DEFAULT NULL,
  `nota_kredit_ppn` float(255,0) DEFAULT NULL,
  `nota_kredit_total` float(255,0) DEFAULT NULL,
  `nota_kredit_catatan` text,
  `nota_kredit_created_date` datetime DEFAULT NULL,
  `nota_kredit_created_by` varchar(255) DEFAULT NULL,
  `nota_kredit_updated_date` datetime DEFAULT NULL ON UPDATE CURRENT_TIMESTAMP,
  `nota_kredit_updated_by` varchar(255) DEFAULT NULL,
  `nota_kredit_revised` int(11) DEFAULT NULL,
  PRIMARY KEY (`nota_kredit_id`)
) ENGINE=MyISAM AUTO_INCREMENT=3 DEFAULT CHARSET=latin1;

/*Data for the table `t_nota_kredit` */

insert  into `t_nota_kredit`(`nota_kredit_id`,`m_cabang_id`,`nota_kredit_jenis`,`referensi_id`,`nota_kredit_nomor`,`nota_kredit_tanggal`,`nota_kredit_netto`,`nota_kredit_potongan_harga`,`nota_kredit_uang_muka`,`nota_kredit_ppn`,`nota_kredit_total`,`nota_kredit_catatan`,`nota_kredit_created_date`,`nota_kredit_created_by`,`nota_kredit_updated_date`,`nota_kredit_updated_by`,`nota_kredit_revised`) values (1,1,0,1,'NOTARET20170300001','2017-03-20 00:00:00',3000000,0,0,10,3300000,'-','2017-03-20 04:43:11','developer','2017-03-20 04:43:11',NULL,0),(2,1,1,1,'NOTARET20170300002','2017-03-20 00:00:00',2000000,200000,0,10,1980000,'-','2017-03-20 10:33:35','developer','2017-03-20 10:33:35',NULL,0);

/*Table structure for table `t_nota_kreditdet` */

DROP TABLE IF EXISTS `t_nota_kreditdet`;

CREATE TABLE `t_nota_kreditdet` (
  `nota_kreditdet_id` int(11) NOT NULL AUTO_INCREMENT,
  `m_barang_id` int(11) DEFAULT NULL,
  `t_nota_kredit_id` int(11) DEFAULT NULL,
  `nota_kreditdet_qty` float(255,0) DEFAULT NULL,
  `nota_kreditdet_harga_satuan` float(255,0) DEFAULT NULL,
  `nota_kreditdet_discount` float(255,0) DEFAULT NULL,
  `nota_kreditdet_created_date` datetime DEFAULT NULL,
  `nota_kreditdet_created_by` varchar(255) DEFAULT NULL,
  `nota_kreditdet_updated_date` datetime DEFAULT NULL ON UPDATE CURRENT_TIMESTAMP,
  `nota_kreditdet_updated_by` varchar(255) DEFAULT NULL,
  `nota_kreditdet_revised` int(11) DEFAULT NULL,
  PRIMARY KEY (`nota_kreditdet_id`)
) ENGINE=MyISAM AUTO_INCREMENT=3 DEFAULT CHARSET=latin1;

/*Data for the table `t_nota_kreditdet` */

insert  into `t_nota_kreditdet`(`nota_kreditdet_id`,`m_barang_id`,`t_nota_kredit_id`,`nota_kreditdet_qty`,`nota_kreditdet_harga_satuan`,`nota_kreditdet_discount`,`nota_kreditdet_created_date`,`nota_kreditdet_created_by`,`nota_kreditdet_updated_date`,`nota_kreditdet_updated_by`,`nota_kreditdet_revised`) values (1,2,1,20,150000,0,'2017-03-20 04:43:11','developer','2017-03-20 04:43:11',NULL,0),(2,2,2,20,100000,0,'2017-03-20 10:33:35','developer','2017-03-20 10:33:35',NULL,0);

/*Table structure for table `t_order` */

DROP TABLE IF EXISTS `t_order`;

CREATE TABLE `t_order` (
  `order_id` int(11) NOT NULL AUTO_INCREMENT,
  `order_nomor` varchar(255) DEFAULT NULL,
  `order_tanggal` datetime DEFAULT NULL,
  `order_referensi_id` int(11) DEFAULT NULL,
  `m_cabang_id` int(255) DEFAULT NULL,
  `order_type` char(1) DEFAULT NULL COMMENT '0 : purchase order, 1 : work order',
  `m_supplier_id` int(11) DEFAULT NULL,
  `order_nama_dikirim` varchar(255) DEFAULT NULL,
  `order_alamat_dikirim` varchar(255) DEFAULT NULL,
  `order_hp_fax` varchar(255) DEFAULT NULL,
  `order_subtotal` int(255) DEFAULT NULL,
  `order_ppn` int(11) DEFAULT NULL COMMENT 'diisi nominal presentase',
  `order_total` int(255) DEFAULT NULL,
  `order_tanggal_kirim` datetime DEFAULT NULL,
  `order_pembayaran` int(255) DEFAULT NULL,
  `order_dp` float DEFAULT '0',
  `order_top` int(11) DEFAULT NULL,
  `order_status` int(255) DEFAULT NULL,
  `order_status_date` datetime DEFAULT NULL,
  `order_printed` int(255) DEFAULT NULL,
  `order_created_date` datetime NOT NULL,
  `order_created_by` varchar(255) NOT NULL,
  `order_update_date` datetime DEFAULT NULL ON UPDATE CURRENT_TIMESTAMP,
  `order_update_by` varchar(0) DEFAULT NULL,
  `order_revised` int(255) DEFAULT NULL,
  PRIMARY KEY (`order_id`)
) ENGINE=MyISAM AUTO_INCREMENT=4 DEFAULT CHARSET=latin1;

/*Data for the table `t_order` */

insert  into `t_order`(`order_id`,`order_nomor`,`order_tanggal`,`order_referensi_id`,`m_cabang_id`,`order_type`,`m_supplier_id`,`order_nama_dikirim`,`order_alamat_dikirim`,`order_hp_fax`,`order_subtotal`,`order_ppn`,`order_total`,`order_tanggal_kirim`,`order_pembayaran`,`order_dp`,`order_top`,`order_status`,`order_status_date`,`order_printed`,`order_created_date`,`order_created_by`,`order_update_date`,`order_update_by`,`order_revised`) values (1,'PO20170500001','2017-05-03 00:00:00',1,1,'0',1,'ajbs','ok','222',1500000,10,1650000,'2017-05-03 00:00:00',1,NULL,30,3,'2017-05-03 13:20:15',NULL,'2017-05-03 13:20:00','developer','2017-05-03 13:22:08','',2),(2,'PO20170500002','2017-05-03 00:00:00',2,1,'0',10,'aku','kk','88',1000000,10,1100000,'2017-05-03 00:00:00',1,0,17,3,'2017-05-03 22:57:26',NULL,'2017-05-03 22:57:07','developer','2017-05-03 22:57:36','',2),(3,'PO20170500003','2017-05-10 00:00:00',8,1,'0',10,'','','',485760,10,534336,'1970-01-01 00:00:00',0,0,0,1,'2017-05-10 23:49:07',NULL,'2017-05-10 23:49:07','developer','2017-05-10 23:49:07',NULL,0);

/*Table structure for table `t_orderdet` */

DROP TABLE IF EXISTS `t_orderdet`;

CREATE TABLE `t_orderdet` (
  `orderdet_id` int(11) NOT NULL AUTO_INCREMENT,
  `t_order_id` int(11) DEFAULT NULL,
  `m_barang_id` int(11) DEFAULT NULL,
  `orderdet_qty` int(11) DEFAULT NULL,
  `orderdet_qty_realisasi` int(11) DEFAULT '0',
  `orderdet_status` int(11) DEFAULT '0' COMMENT '0 Belum Realisasi, 1 Realisasi',
  `orderdet_harga_satuan` int(255) DEFAULT NULL,
  `orderdet_disc` int(11) DEFAULT NULL,
  `orderdet_total` int(255) DEFAULT NULL,
  `orderdet_created_date` datetime NOT NULL,
  `orderdet_created_by` varchar(255) NOT NULL,
  `orderdet_update_date` datetime DEFAULT NULL ON UPDATE CURRENT_TIMESTAMP,
  `orderdet_update_by` varchar(0) DEFAULT NULL,
  `orderdet_revised` int(255) DEFAULT NULL,
  PRIMARY KEY (`orderdet_id`)
) ENGINE=MyISAM AUTO_INCREMENT=7 DEFAULT CHARSET=latin1;

/*Data for the table `t_orderdet` */

insert  into `t_orderdet`(`orderdet_id`,`t_order_id`,`m_barang_id`,`orderdet_qty`,`orderdet_qty_realisasi`,`orderdet_status`,`orderdet_harga_satuan`,`orderdet_disc`,`orderdet_total`,`orderdet_created_date`,`orderdet_created_by`,`orderdet_update_date`,`orderdet_update_by`,`orderdet_revised`) values (1,1,1121,5,NULL,0,100000,NULL,500000,'2017-05-03 13:20:00','developer','2017-05-03 13:23:07','',1),(2,1,2685,5,NULL,0,100000,NULL,500000,'2017-05-03 13:20:00','developer','2017-05-03 13:23:07','',1),(3,1,2398,5,NULL,0,100000,NULL,500000,'2017-05-03 13:20:00','developer','2017-05-03 13:23:07','',1),(4,2,1121,5,NULL,0,100000,NULL,500000,'2017-05-03 22:57:07','developer','2017-05-11 04:54:12','',2),(5,2,895,5,NULL,0,100000,NULL,500000,'2017-05-03 22:57:07','developer','2017-05-11 04:54:12','',2),(6,3,2189,23,0,0,24000,12,552000,'2017-05-10 23:49:07','developer','2017-05-10 23:49:07',NULL,0);

/*Table structure for table `t_orderlog` */

DROP TABLE IF EXISTS `t_orderlog`;

CREATE TABLE `t_orderlog` (
  `orderlog_id` int(11) NOT NULL AUTO_INCREMENT,
  `referensi_id` int(11) DEFAULT NULL,
  `orderlog_status_dari` int(11) DEFAULT NULL,
  `orderlog_status_ke` int(11) DEFAULT NULL,
  `orderlog_status_update_date` datetime DEFAULT NULL ON UPDATE CURRENT_TIMESTAMP,
  `orderlog_status_update_by` varchar(255) DEFAULT NULL,
  PRIMARY KEY (`orderlog_id`)
) ENGINE=InnoDB AUTO_INCREMENT=3 DEFAULT CHARSET=latin1;

/*Data for the table `t_orderlog` */

insert  into `t_orderlog`(`orderlog_id`,`referensi_id`,`orderlog_status_dari`,`orderlog_status_ke`,`orderlog_status_update_date`,`orderlog_status_update_by`) values (1,1,1,2,'2017-05-03 13:20:15','developer'),(2,2,1,2,'2017-05-03 22:57:26','developer');

/*Table structure for table `t_payment_request` */

DROP TABLE IF EXISTS `t_payment_request`;

CREATE TABLE `t_payment_request` (
  `payment_request_id` int(11) NOT NULL AUTO_INCREMENT,
  `m_cabang_id` int(11) DEFAULT NULL,
  `payment_request_nomor` varchar(255) DEFAULT NULL,
  `payment_request_tanggal` datetime DEFAULT NULL ON UPDATE CURRENT_TIMESTAMP,
  `payment_request_lampiran` int(11) DEFAULT NULL,
  `m_partner_id` int(11) DEFAULT NULL,
  `payment_request_keperluan` varchar(255) DEFAULT NULL,
  `payment_request_voucher` decimal(20,2) DEFAULT NULL,
  `payment_request_discount` decimal(20,2) DEFAULT NULL,
  `payment_request_jumlah_bayar` decimal(20,2) DEFAULT NULL,
  `payment_request_tipe_pengeluaran` int(11) DEFAULT '0' COMMENT '0 Tidak ada, 1 Bank, 2 Kas',
  `pengeluaran_id` int(11) DEFAULT NULL,
  `payment_request_status` int(11) DEFAULT NULL,
  `payment_request_status_bukti` int(11) DEFAULT '1' COMMENT '0 Sudah, 1 Belum',
  `payment_request_created_date` datetime DEFAULT NULL,
  `payment_request_created_by` varchar(255) DEFAULT NULL,
  `payment_request_updated_date` datetime DEFAULT NULL ON UPDATE CURRENT_TIMESTAMP,
  `payment_request_updated_by` varchar(255) DEFAULT NULL,
  `payment_request_revised` int(11) DEFAULT NULL,
  PRIMARY KEY (`payment_request_id`)
) ENGINE=MyISAM AUTO_INCREMENT=3 DEFAULT CHARSET=latin1;

/*Data for the table `t_payment_request` */

insert  into `t_payment_request`(`payment_request_id`,`m_cabang_id`,`payment_request_nomor`,`payment_request_tanggal`,`payment_request_lampiran`,`m_partner_id`,`payment_request_keperluan`,`payment_request_voucher`,`payment_request_discount`,`payment_request_jumlah_bayar`,`payment_request_tipe_pengeluaran`,`pengeluaran_id`,`payment_request_status`,`payment_request_status_bukti`,`payment_request_created_date`,`payment_request_created_by`,`payment_request_updated_date`,`payment_request_updated_by`,`payment_request_revised`) values (1,1,'PR20170400001','2017-04-12 13:12:08',2,2,'',40325000.00,-51500.00,40273500.00,1,1,2,0,'2017-04-12 13:10:38','developer','2017-04-12 13:12:08','developer',1),(2,1,'PR20170400002','2017-04-19 16:45:31',0,1,'',5100000.00,-100000.00,5000000.00,1,1,2,0,'2017-04-19 16:38:04','developer','2017-04-19 16:45:31','developer',1);

/*Table structure for table `t_payment_request_piutang` */

DROP TABLE IF EXISTS `t_payment_request_piutang`;

CREATE TABLE `t_payment_request_piutang` (
  `payment_request_piutang_id` int(11) NOT NULL AUTO_INCREMENT,
  `m_cabang_id` int(11) DEFAULT NULL,
  `payment_request_piutang_nomor` varchar(255) DEFAULT NULL,
  `payment_request_piutang_tanggal` datetime DEFAULT NULL ON UPDATE CURRENT_TIMESTAMP,
  `payment_request_piutang_lampiran` int(11) DEFAULT NULL,
  `m_partner_id` int(11) DEFAULT NULL,
  `payment_request_piutang_keperluan` varchar(255) DEFAULT NULL,
  `payment_request_piutang_voucher` decimal(20,2) DEFAULT NULL,
  `payment_request_piutang_discount` decimal(20,2) DEFAULT NULL,
  `payment_request_piutang_jumlah_bayar` decimal(20,2) DEFAULT NULL,
  `payment_request_piutang_tipe_pemasukkan` int(11) DEFAULT '0' COMMENT '0 Tidak ada, 1 Bank, 2 Kas',
  `pemasukkan_id` int(11) DEFAULT NULL,
  `payment_request_piutang_status` int(11) DEFAULT NULL,
  `payment_request_piutang_status_bukti` int(11) DEFAULT '1' COMMENT '0 Sudah, 1 Belum',
  `payment_request_piutang_created_date` datetime DEFAULT NULL,
  `payment_request_piutang_created_by` varchar(255) DEFAULT NULL,
  `payment_request_piutang_updated_date` datetime DEFAULT NULL ON UPDATE CURRENT_TIMESTAMP,
  `payment_request_piutang_updated_by` varchar(255) DEFAULT NULL,
  `payment_request_piutang_revised` int(11) DEFAULT NULL,
  PRIMARY KEY (`payment_request_piutang_id`)
) ENGINE=MyISAM AUTO_INCREMENT=6 DEFAULT CHARSET=latin1;

/*Data for the table `t_payment_request_piutang` */

insert  into `t_payment_request_piutang`(`payment_request_piutang_id`,`m_cabang_id`,`payment_request_piutang_nomor`,`payment_request_piutang_tanggal`,`payment_request_piutang_lampiran`,`m_partner_id`,`payment_request_piutang_keperluan`,`payment_request_piutang_voucher`,`payment_request_piutang_discount`,`payment_request_piutang_jumlah_bayar`,`payment_request_piutang_tipe_pemasukkan`,`pemasukkan_id`,`payment_request_piutang_status`,`payment_request_piutang_status_bukti`,`payment_request_piutang_created_date`,`payment_request_piutang_created_by`,`payment_request_piutang_updated_date`,`payment_request_piutang_updated_by`,`payment_request_piutang_revised`) values (1,1,'PL20170400001','2017-04-11 11:23:30',2,1,'Pelunasan Piutang',3500000.00,-250000.00,3250000.00,1,1,2,0,'2017-04-11 11:09:47','developer','2017-04-11 11:23:30','developer',1),(2,1,'PL20170400002','2017-04-12 12:53:55',2,7,'asdasd',30000.00,0.00,30000.00,1,1,2,1,'2017-04-12 12:52:46','developer','2017-04-12 12:53:45','developer',1),(3,1,'PL20170400003','2017-04-12 13:15:47',2,10,'',1000.00,-200.00,800.00,2,1,2,1,'2017-04-12 13:14:29','developer','2017-04-12 13:15:37','developer',1),(4,1,'PL20170400004','2017-04-12 13:20:53',3,10,'',750000.00,0.00,750000.00,1,1,2,0,'2017-04-12 13:19:18','developer','2017-04-12 13:20:53','developer',1),(5,1,'PL20170400005','2017-04-19 15:16:20',0,1,'',50000.00,0.00,50000.00,1,1,2,1,'2017-04-19 15:13:59','developer','2017-04-19 15:16:17','developer',1);

/*Table structure for table `t_payment_request_piutangdet` */

DROP TABLE IF EXISTS `t_payment_request_piutangdet`;

CREATE TABLE `t_payment_request_piutangdet` (
  `payment_request_piutangdet_id` int(11) NOT NULL AUTO_INCREMENT,
  `t_payment_request_piutang_id` int(11) DEFAULT NULL,
  `m_coa_id` int(11) DEFAULT NULL,
  `payment_request_piutangdet_type` int(11) DEFAULT '0' COMMENT '0 Faktur Penjualan, 1 Nota Kredit, 2 Manual',
  `payment_request_piutangdet_detail` varchar(255) DEFAULT NULL,
  `payment_request_piutangdet_jumlah` decimal(20,2) DEFAULT NULL,
  `payment_request_piutangdet_created_date` datetime DEFAULT NULL,
  `payment_request_piutangdet_created_by` varchar(255) DEFAULT NULL,
  `payment_request_piutangdet_updated_date` datetime DEFAULT NULL ON UPDATE CURRENT_TIMESTAMP,
  `payment_request_piutangdet_uppdated_by` varchar(255) DEFAULT NULL,
  `payment_request_piutangdet_revised` int(11) DEFAULT NULL,
  PRIMARY KEY (`payment_request_piutangdet_id`)
) ENGINE=MyISAM AUTO_INCREMENT=8 DEFAULT CHARSET=latin1;

/*Data for the table `t_payment_request_piutangdet` */

insert  into `t_payment_request_piutangdet`(`payment_request_piutangdet_id`,`t_payment_request_piutang_id`,`m_coa_id`,`payment_request_piutangdet_type`,`payment_request_piutangdet_detail`,`payment_request_piutangdet_jumlah`,`payment_request_piutangdet_created_date`,`payment_request_piutangdet_created_by`,`payment_request_piutangdet_updated_date`,`payment_request_piutangdet_uppdated_by`,`payment_request_piutangdet_revised`) values (1,1,9,0,'1',3500000.00,'2017-04-11 11:09:47','developer','2017-04-11 11:09:47',NULL,0),(2,1,9,2,'Potongan + Diskon',-250000.00,'2017-04-11 11:09:47','developer','2017-04-11 11:09:47',NULL,0),(3,2,153,0,'3',30000.00,'2017-04-12 12:52:46','developer','2017-04-12 12:52:46',NULL,0),(4,3,149,2,'NOTA NO 91 BELI ABC',1000.00,'2017-04-12 13:14:29','developer','2017-04-12 13:14:29',NULL,0),(5,3,104,2,'POTONGAN DISKON',-200.00,'2017-04-12 13:14:29','developer','2017-04-12 13:14:29',NULL,0),(6,4,153,0,'7',750000.00,'2017-04-12 13:19:18','developer','2017-04-12 13:19:18',NULL,0),(7,5,9,0,'10',50000.00,'2017-04-19 15:14:01','developer','2017-04-19 15:14:01',NULL,0);

/*Table structure for table `t_payment_requestdet` */

DROP TABLE IF EXISTS `t_payment_requestdet`;

CREATE TABLE `t_payment_requestdet` (
  `payment_requestdet_id` int(11) NOT NULL AUTO_INCREMENT,
  `t_payment_request_id` int(11) DEFAULT NULL,
  `m_coa_id` int(11) DEFAULT NULL,
  `payment_requestdet_type` int(11) DEFAULT '0' COMMENT '0 BPB, 1 Nota Debet, 2 Manual',
  `payment_requestdet_detail` varchar(255) DEFAULT NULL,
  `payment_requestdet_jumlah` decimal(20,2) DEFAULT NULL,
  `payment_requestdet_created_date` datetime DEFAULT NULL,
  `payment_requestdet_created_by` varchar(255) DEFAULT NULL,
  `payment_requestdet_updated_date` datetime DEFAULT NULL ON UPDATE CURRENT_TIMESTAMP,
  `payment_requestdet_uppdated_by` varchar(255) DEFAULT NULL,
  `payment_requestdet_revised` int(11) DEFAULT NULL,
  PRIMARY KEY (`payment_requestdet_id`)
) ENGINE=MyISAM AUTO_INCREMENT=6 DEFAULT CHARSET=latin1;

/*Data for the table `t_payment_requestdet` */

insert  into `t_payment_requestdet`(`payment_requestdet_id`,`t_payment_request_id`,`m_coa_id`,`payment_requestdet_type`,`payment_requestdet_detail`,`payment_requestdet_jumlah`,`payment_requestdet_created_date`,`payment_requestdet_created_by`,`payment_requestdet_updated_date`,`payment_requestdet_uppdated_by`,`payment_requestdet_revised`) values (1,1,147,1,'3',-49500.00,'2017-04-12 13:10:38','developer','2017-04-13 15:47:12',NULL,0),(2,1,104,0,'1',40325000.00,'2017-04-12 13:10:38','developer','2017-04-12 13:10:38',NULL,0),(3,2,120,2,'POTONGAN PPH',-2000.00,'2017-04-12 13:10:38','developer','2017-04-13 15:47:11',NULL,0),(4,2,42,0,'25',5000000.00,'2017-04-19 16:38:06','developer','2017-04-19 16:38:06',NULL,0),(5,2,179,2,'nota no01 bayar ekspedisi',100000.00,'2017-04-19 16:38:18','developer','2017-04-19 16:38:18',NULL,0);

/*Table structure for table `t_penawaran` */

DROP TABLE IF EXISTS `t_penawaran`;

CREATE TABLE `t_penawaran` (
  `penawaran_id` int(11) NOT NULL AUTO_INCREMENT,
  `penawaran_nomor` varchar(255) DEFAULT NULL,
  `penawaran_jenis` char(1) DEFAULT '' COMMENT '1 = Pembelian, 2 = Maklon',
  `penawaran_tanggal` datetime DEFAULT NULL ON UPDATE CURRENT_TIMESTAMP,
  `m_cabang_id` int(11) DEFAULT NULL,
  `permintaan_pembelian_id` varchar(255) DEFAULT NULL,
  `penawaran_step` int(11) DEFAULT NULL,
  `penawaran_status` varchar(255) DEFAULT NULL,
  `penawaran_status_date` datetime DEFAULT NULL ON UPDATE CURRENT_TIMESTAMP,
  `penawaran_printed` int(11) DEFAULT NULL,
  `penawaran_create_date` datetime DEFAULT NULL ON UPDATE CURRENT_TIMESTAMP,
  `penawaran_create_by` varchar(255) DEFAULT NULL,
  `penawaran_update_date` datetime DEFAULT NULL ON UPDATE CURRENT_TIMESTAMP,
  `penawaran_update_by` varchar(255) DEFAULT NULL,
  `penawaran_revised` int(255) DEFAULT NULL,
  PRIMARY KEY (`penawaran_id`)
) ENGINE=InnoDB AUTO_INCREMENT=10 DEFAULT CHARSET=latin1;

/*Data for the table `t_penawaran` */

insert  into `t_penawaran`(`penawaran_id`,`penawaran_nomor`,`penawaran_jenis`,`penawaran_tanggal`,`m_cabang_id`,`permintaan_pembelian_id`,`penawaran_step`,`penawaran_status`,`penawaran_status_date`,`penawaran_printed`,`penawaran_create_date`,`penawaran_create_by`,`penawaran_update_date`,`penawaran_update_by`,`penawaran_revised`) values (1,'SRC20170500001','1','2017-05-03 13:19:11',1,'[\"1\"]',4,'4','2017-05-03 13:19:11',NULL,'2017-05-03 13:19:11','developer','2017-05-03 13:19:11','developer',3),(2,'SRC20170500002','1','2017-05-10 11:37:18',1,'[\"2\"]',4,'4','2017-05-10 11:37:18',NULL,'2017-05-10 11:37:18','developer','2017-05-10 11:37:18','developer',6),(3,'SRC20170500003','1','2017-05-10 15:03:43',1,'[\"3\"]',4,'4','2017-05-10 15:03:43',NULL,'2017-05-10 15:03:43','developer','2017-05-10 15:03:43','developer',65),(4,'SRC20170500004','1','2017-05-10 13:18:25',1,'[\"4\"]',2,'2','2017-05-10 13:18:25',NULL,'2017-05-10 13:18:25','developer','2017-05-10 13:18:25','developer',2),(5,'SRC20170500005','1','2017-05-10 00:00:00',1,'[\"5\"]',1,'1','2017-05-10 13:19:45',NULL,'2017-05-10 13:19:45','developer','2017-05-10 13:19:45',NULL,0),(6,'SRC20170500006','1','2017-05-10 00:00:00',1,'null',1,'1','2017-05-10 13:24:25',NULL,'2017-05-10 13:24:25','developer','2017-05-10 13:24:25',NULL,0),(7,'SRC20170500007','1','2017-05-10 15:13:24',1,'[\"7\"]',2,'2','2017-05-10 15:13:24',NULL,'2017-05-10 15:13:24','developer','2017-05-10 15:13:24','developer',4),(8,'SRC20170500008','1','2017-05-10 15:52:41',1,'[\"6\"]',4,'4','2017-05-10 15:52:41',NULL,'2017-05-10 15:52:41','developer','2017-05-10 15:52:41','developer',40),(9,'SRC20170500009','1','2017-05-11 04:56:18',1,'[\"8\"]',4,'4','2017-05-11 04:56:18',NULL,'2017-05-11 04:56:18','developer','2017-05-11 04:56:18','developer',3);

/*Table structure for table `t_penawaran_barang` */

DROP TABLE IF EXISTS `t_penawaran_barang`;

CREATE TABLE `t_penawaran_barang` (
  `penawaran_barang_id` int(11) NOT NULL AUTO_INCREMENT,
  `t_penawaran_id` int(11) DEFAULT NULL,
  `t_permintaan_pembelian` int(11) DEFAULT NULL,
  `m_barang_id` int(11) DEFAULT NULL,
  `penawaran_barang_qty` int(11) DEFAULT NULL,
  `penawaran_barang_create_date` datetime DEFAULT NULL ON UPDATE CURRENT_TIMESTAMP,
  `penawaran_barang_create_by` varchar(255) DEFAULT NULL,
  `penawaran_barang_update_date` datetime DEFAULT NULL ON UPDATE CURRENT_TIMESTAMP,
  `penawaran_barang_update_by` varchar(255) DEFAULT NULL,
  `penawaran_barang_revised` int(11) DEFAULT NULL,
  PRIMARY KEY (`penawaran_barang_id`)
) ENGINE=InnoDB AUTO_INCREMENT=5 DEFAULT CHARSET=latin1;

/*Data for the table `t_penawaran_barang` */

insert  into `t_penawaran_barang`(`penawaran_barang_id`,`t_penawaran_id`,`t_permintaan_pembelian`,`m_barang_id`,`penawaran_barang_qty`,`penawaran_barang_create_date`,`penawaran_barang_create_by`,`penawaran_barang_update_date`,`penawaran_barang_update_by`,`penawaran_barang_revised`) values (1,7,7,2189,34,'2017-05-10 15:11:18','developer','2017-05-10 15:11:18',NULL,0),(2,8,6,2189,3,'2017-05-10 15:12:02','developer','2017-05-10 15:12:02',NULL,0),(3,9,8,2406,0,'2017-05-11 04:54:58','developer','2017-05-11 04:54:58',NULL,0),(4,9,8,903,0,'2017-05-11 04:54:58','developer','2017-05-11 04:54:58',NULL,0);

/*Table structure for table `t_penawaran_harga` */

DROP TABLE IF EXISTS `t_penawaran_harga`;

CREATE TABLE `t_penawaran_harga` (
  `t_penawaran_harga_id` int(11) NOT NULL AUTO_INCREMENT,
  `t_penawaran_id` int(11) DEFAULT NULL,
  `t_penawaran_supplier_id` int(11) DEFAULT NULL,
  `t_penawaran_barang_id` int(11) DEFAULT NULL,
  `m_mata_uang_id` int(11) DEFAULT '1',
  `penawaran_harga_qty_ditawarkan` float DEFAULT NULL,
  `penawaran_harga_nominal` float DEFAULT NULL,
  `diskon_perbarang` float DEFAULT NULL,
  `penawaran_harga_ppn` tinyint(1) DEFAULT '0' COMMENT '0 Exclude, 1 Include, 2 Tanpa',
  PRIMARY KEY (`t_penawaran_harga_id`)
) ENGINE=InnoDB AUTO_INCREMENT=5 DEFAULT CHARSET=latin1;

/*Data for the table `t_penawaran_harga` */

insert  into `t_penawaran_harga`(`t_penawaran_harga_id`,`t_penawaran_id`,`t_penawaran_supplier_id`,`t_penawaran_barang_id`,`m_mata_uang_id`,`penawaran_harga_qty_ditawarkan`,`penawaran_harga_nominal`,`diskon_perbarang`,`penawaran_harga_ppn`) values (2,8,6,2,1,23,24000,12,0),(3,9,7,3,1,2,20000,2,0),(4,9,7,4,1,2,20000,2,0);

/*Table structure for table `t_penawaran_supplier` */

DROP TABLE IF EXISTS `t_penawaran_supplier`;

CREATE TABLE `t_penawaran_supplier` (
  `penawaran_supplier_id` int(11) NOT NULL AUTO_INCREMENT,
  `t_penawaran_id` int(11) DEFAULT NULL,
  `m_partner_id` int(11) DEFAULT NULL,
  `penawaran_supplier_kontak` varchar(255) DEFAULT NULL,
  `penawaran_supplier_tanggal_kirim` datetime DEFAULT NULL,
  `penawaran_supplier_diskon` varchar(255) DEFAULT NULL COMMENT 'dalam %',
  `penawaran_supplier_ppn` float DEFAULT '0',
  `penawaran_supplier_pemenang` char(1) DEFAULT '0' COMMENT '0 default, 1 pemenang',
  `penawaran_supplier_alasan` varchar(255) DEFAULT NULL,
  `penawaran_supplier_create_date` datetime DEFAULT NULL ON UPDATE CURRENT_TIMESTAMP,
  `penawaran_supplier_create_by` varchar(255) DEFAULT NULL,
  `penawaran_supplier_update_date` datetime DEFAULT NULL ON UPDATE CURRENT_TIMESTAMP,
  `penawaran_supplier_update_by` varchar(255) DEFAULT NULL,
  `penawaran_supplier_revised` int(11) DEFAULT NULL,
  PRIMARY KEY (`penawaran_supplier_id`)
) ENGINE=InnoDB AUTO_INCREMENT=8 DEFAULT CHARSET=latin1;

/*Data for the table `t_penawaran_supplier` */

insert  into `t_penawaran_supplier`(`penawaran_supplier_id`,`t_penawaran_id`,`m_partner_id`,`penawaran_supplier_kontak`,`penawaran_supplier_tanggal_kirim`,`penawaran_supplier_diskon`,`penawaran_supplier_ppn`,`penawaran_supplier_pemenang`,`penawaran_supplier_alasan`,`penawaran_supplier_create_date`,`penawaran_supplier_create_by`,`penawaran_supplier_update_date`,`penawaran_supplier_update_by`,`penawaran_supplier_revised`) values (1,1,1,'Partner 1','2017-05-03 00:00:00','0',10,'1','','2017-05-03 13:19:11','developer','2017-05-03 13:19:11','developer',2),(2,2,10,'pt jasaweb','2017-05-03 00:00:00','0',10,'1','','2017-05-03 22:56:24','developer','2017-05-03 22:56:24','developer',2),(3,3,1,'Partner 1','2017-05-10 00:00:00','0',0,'1','','2017-05-10 11:51:25','developer','2017-05-10 11:51:25','developer',2),(4,4,10,'pt jasaweb',NULL,NULL,0,'0',NULL,'2017-05-10 13:18:25','developer','2017-05-10 13:18:25',NULL,0),(5,7,10,'pt jasaweb',NULL,NULL,0,'0',NULL,'2017-05-10 15:13:24','developer','2017-05-10 15:13:24',NULL,0),(6,8,10,'pt jasaweb','0000-00-00 00:00:00','0',10,'1','dia cantik','2017-05-10 15:52:41','developer','2017-05-10 15:52:41','developer',3),(7,9,10,'pt jasaweb','2017-05-25 00:00:00','0',10,'1','','2017-05-11 04:56:18','developer','2017-05-11 04:56:18','developer',2);

/*Table structure for table `t_penerimaan_barang` */

DROP TABLE IF EXISTS `t_penerimaan_barang`;

CREATE TABLE `t_penerimaan_barang` (
  `penerimaan_barang_id` int(11) NOT NULL AUTO_INCREMENT,
  `m_cabang_id` int(11) DEFAULT NULL,
  `penerimaan_barang_nomor` varchar(255) DEFAULT NULL,
  `penerimaan_barang_tanggal` datetime DEFAULT NULL ON UPDATE CURRENT_TIMESTAMP,
  `penerimaan_barang_jenis` int(1) DEFAULT '0' COMMENT '0 BPB, 1 BPBJ',
  `penerimaan_barang_sj` varchar(255) DEFAULT NULL,
  `t_order_id` int(11) DEFAULT NULL,
  `penerimaan_barang_tanggal_terima` varchar(255) DEFAULT NULL,
  `penerimaan_barang_subtotal` decimal(20,2) DEFAULT '0.00',
  `penerimaan_barang_ppn` decimal(20,2) DEFAULT '0.00',
  `penerimaan_barang_total` decimal(20,2) DEFAULT '0.00',
  `penerimaan_barang_status` varchar(255) DEFAULT NULL,
  `penerimaan_barang_status_date` datetime DEFAULT NULL ON UPDATE CURRENT_TIMESTAMP,
  `penerimaan_barang_pemeriksa` varchar(255) DEFAULT NULL,
  `penerimaan_barang_penyetuju` varchar(255) DEFAULT NULL,
  `m_gudang_id` int(11) DEFAULT NULL,
  `penerimaan_barang_catatan` varchar(255) DEFAULT NULL,
  `penerimaan_barang_status_pembayaran` int(11) DEFAULT '1' COMMENT '0 Lunas, 1 Belum Lunas',
  `penerimaan_barang_nominal_pembayaran` decimal(20,2) DEFAULT '0.00',
  `penerimaan_barang_printed` varchar(255) DEFAULT NULL,
  `penerimaan_barang_created_date` datetime NOT NULL,
  `penerimaan_barang_created_by` varchar(255) NOT NULL,
  `penerimaan_barang_update_date` datetime DEFAULT NULL ON UPDATE CURRENT_TIMESTAMP,
  `penerimaan_barang_update_by` varchar(0) DEFAULT NULL,
  `penerimaan_barang_revised` int(255) DEFAULT NULL,
  PRIMARY KEY (`penerimaan_barang_id`)
) ENGINE=MyISAM AUTO_INCREMENT=4 DEFAULT CHARSET=latin1;

/*Data for the table `t_penerimaan_barang` */

insert  into `t_penerimaan_barang`(`penerimaan_barang_id`,`m_cabang_id`,`penerimaan_barang_nomor`,`penerimaan_barang_tanggal`,`penerimaan_barang_jenis`,`penerimaan_barang_sj`,`t_order_id`,`penerimaan_barang_tanggal_terima`,`penerimaan_barang_subtotal`,`penerimaan_barang_ppn`,`penerimaan_barang_total`,`penerimaan_barang_status`,`penerimaan_barang_status_date`,`penerimaan_barang_pemeriksa`,`penerimaan_barang_penyetuju`,`m_gudang_id`,`penerimaan_barang_catatan`,`penerimaan_barang_status_pembayaran`,`penerimaan_barang_nominal_pembayaran`,`penerimaan_barang_printed`,`penerimaan_barang_created_date`,`penerimaan_barang_created_by`,`penerimaan_barang_update_date`,`penerimaan_barang_update_by`,`penerimaan_barang_revised`) values (1,1,'BPB20170500001','2017-05-03 00:00:00',0,'SJ2220',1,'2017-05-03',0.00,0.00,0.00,'1','2017-05-03 13:23:07','7','7',1,'',1,0.00,NULL,'2017-05-03 13:23:07','developer','2017-05-03 13:23:07',NULL,0),(2,1,'BPB20170500002','2017-05-03 00:00:00',0,'SJ6666',2,'2017-05-03',0.00,0.00,0.00,'1','2017-05-03 22:59:11','7','7',1,'',1,0.00,NULL,'2017-05-03 22:59:11','developer','2017-05-03 22:59:11',NULL,0),(3,1,'BPB20170500003','2017-05-11 00:00:00',0,'3333423',2,'2017-05-24',0.00,0.00,0.00,'1','2017-05-11 04:54:12','12','7',1,'catatan',1,0.00,NULL,'2017-05-11 04:54:12','developer','2017-05-11 04:54:12',NULL,0);

/*Table structure for table `t_penerimaan_barangdet` */

DROP TABLE IF EXISTS `t_penerimaan_barangdet`;

CREATE TABLE `t_penerimaan_barangdet` (
  `penerimaan_barangdet_id` int(11) NOT NULL AUTO_INCREMENT,
  `t_penerimaan_barang_id` int(11) DEFAULT NULL,
  `m_barang_id` int(11) DEFAULT NULL,
  `penerimaan_barang_no_seri` text,
  `penerimaan_barangdet_qty` decimal(20,2) DEFAULT '0.00',
  `penerimaan_barangdet_qty_retur` decimal(20,2) DEFAULT '0.00',
  `penerimaan_barangdet_verifikasi` int(11) DEFAULT '0' COMMENT '0 Tidak, 1 Verifikasi',
  `penerimaan_barangdet_harga_satuan` decimal(20,2) DEFAULT '0.00',
  `penerimaan_barangdet_potongan` decimal(20,2) DEFAULT '0.00',
  `penerimaan_barangdet_total` decimal(20,2) DEFAULT '0.00',
  `penerimaan_barangdet_keterangan` varchar(255) DEFAULT NULL,
  `penerimaan_barangdet_status` int(255) DEFAULT NULL,
  `penerimaan_barangdet_status_date` datetime DEFAULT NULL,
  `penerimaan_barangdet_created_date` datetime NOT NULL,
  `penerimaan_barangdet_created_by` varchar(255) NOT NULL,
  `penerimaan_barangdet_update_date` datetime DEFAULT NULL ON UPDATE CURRENT_TIMESTAMP,
  `penerimaan_barangdet_update_by` varchar(0) DEFAULT NULL,
  `penerimaan_barangdet_revised` int(255) DEFAULT NULL,
  `penerimaan_barangdet_qty_no_seri` text,
  PRIMARY KEY (`penerimaan_barangdet_id`)
) ENGINE=MyISAM AUTO_INCREMENT=8 DEFAULT CHARSET=latin1;

/*Data for the table `t_penerimaan_barangdet` */

insert  into `t_penerimaan_barangdet`(`penerimaan_barangdet_id`,`t_penerimaan_barang_id`,`m_barang_id`,`penerimaan_barang_no_seri`,`penerimaan_barangdet_qty`,`penerimaan_barangdet_qty_retur`,`penerimaan_barangdet_verifikasi`,`penerimaan_barangdet_harga_satuan`,`penerimaan_barangdet_potongan`,`penerimaan_barangdet_total`,`penerimaan_barangdet_keterangan`,`penerimaan_barangdet_status`,`penerimaan_barangdet_status_date`,`penerimaan_barangdet_created_date`,`penerimaan_barangdet_created_by`,`penerimaan_barangdet_update_date`,`penerimaan_barangdet_update_by`,`penerimaan_barangdet_revised`,`penerimaan_barangdet_qty_no_seri`) values (1,1,1121,'',5.00,0.00,0,0.00,0.00,0.00,NULL,1,'2017-05-03 13:23:07','2017-05-03 13:23:07','developer','2017-05-03 13:23:07',NULL,0,''),(2,1,2685,'',5.00,0.00,0,0.00,0.00,0.00,NULL,1,'2017-05-03 13:23:07','2017-05-03 13:23:07','developer','2017-05-03 13:23:07',NULL,0,''),(3,1,2398,'',5.00,0.00,0,0.00,0.00,0.00,NULL,1,'2017-05-03 13:23:07','2017-05-03 13:23:07','developer','2017-05-03 13:23:07',NULL,0,''),(4,2,1121,'',5.00,0.00,0,0.00,0.00,0.00,NULL,1,'2017-05-03 22:59:11','2017-05-03 22:59:11','developer','2017-05-03 22:59:11',NULL,0,''),(5,2,895,'',5.00,0.00,0,0.00,0.00,0.00,NULL,1,'2017-05-03 22:59:11','2017-05-03 22:59:11','developer','2017-05-03 22:59:11',NULL,0,''),(6,3,1121,'',2.00,0.00,0,0.00,0.00,0.00,NULL,1,'2017-05-11 04:54:12','2017-05-11 04:54:12','developer','2017-05-11 04:54:12',NULL,0,''),(7,3,895,'',1.00,0.00,0,0.00,0.00,0.00,NULL,1,'2017-05-11 04:54:12','2017-05-11 04:54:12','developer','2017-05-11 04:54:12',NULL,0,'');

/*Table structure for table `t_penerimaan_baranglog` */

DROP TABLE IF EXISTS `t_penerimaan_baranglog`;

CREATE TABLE `t_penerimaan_baranglog` (
  `penerimaan_baranglog_id` int(11) NOT NULL AUTO_INCREMENT,
  `referensi_id` int(11) DEFAULT NULL,
  `penerimaan_baranglog_status_dari` int(11) DEFAULT NULL,
  `penerimaan_baranglog_status_ke` int(11) DEFAULT NULL,
  `penerimaan_baranglog_status_update_date` datetime DEFAULT NULL ON UPDATE CURRENT_TIMESTAMP,
  `penerimaan_baranglog_status_update_by` varchar(255) DEFAULT NULL,
  PRIMARY KEY (`penerimaan_baranglog_id`)
) ENGINE=InnoDB DEFAULT CHARSET=latin1;

/*Data for the table `t_penerimaan_baranglog` */

/*Table structure for table `t_pengeluaran_kaskecil` */

DROP TABLE IF EXISTS `t_pengeluaran_kaskecil`;

CREATE TABLE `t_pengeluaran_kaskecil` (
  `pengeluaran_kaskecil_id` int(11) NOT NULL AUTO_INCREMENT,
  `pengeluaran_kaskecil_nomor` varchar(50) DEFAULT NULL,
  `pengeluaran_kaskecil_tanggal` datetime DEFAULT NULL,
  `m_kas_id` int(11) DEFAULT NULL,
  `pengeluaran_kaskecil_total` decimal(20,2) DEFAULT '0.00',
  `pengeluaran_kaskecil_created_date` datetime DEFAULT NULL,
  `pengeluaran_kaskecil_created_by` varchar(255) DEFAULT NULL,
  `pengeluaran_kaskecil_updated_date` datetime DEFAULT NULL,
  `pengeluaran_kaskecil_updated_by` varchar(255) DEFAULT NULL,
  `pengeluaran_kaskecil_revised` int(11) DEFAULT '0',
  PRIMARY KEY (`pengeluaran_kaskecil_id`)
) ENGINE=InnoDB AUTO_INCREMENT=4 DEFAULT CHARSET=utf8;

/*Data for the table `t_pengeluaran_kaskecil` */

insert  into `t_pengeluaran_kaskecil`(`pengeluaran_kaskecil_id`,`pengeluaran_kaskecil_nomor`,`pengeluaran_kaskecil_tanggal`,`m_kas_id`,`pengeluaran_kaskecil_total`,`pengeluaran_kaskecil_created_date`,`pengeluaran_kaskecil_created_by`,`pengeluaran_kaskecil_updated_date`,`pengeluaran_kaskecil_updated_by`,`pengeluaran_kaskecil_revised`) values (1,'KAS20170400001','2017-04-18 00:00:00',2,250000.00,'2017-04-18 13:47:49','developer','2017-04-18 13:47:49',NULL,0),(2,'KAS20170400002','2017-04-18 00:00:00',2,150000.00,'2017-04-18 16:03:31','developer','2017-04-18 16:03:31',NULL,0),(3,'KAS20170400003','2017-04-19 00:00:00',2,110000.00,'2017-04-19 15:58:12','developer','2017-04-19 15:58:12',NULL,0);

/*Table structure for table `t_pengeluaran_kaskecildet` */

DROP TABLE IF EXISTS `t_pengeluaran_kaskecildet`;

CREATE TABLE `t_pengeluaran_kaskecildet` (
  `pengeluaran_kaskecildet_id` int(11) NOT NULL AUTO_INCREMENT,
  `t_pengeluaran_kaskecil_id` int(11) DEFAULT NULL,
  `m_coa_id` int(11) DEFAULT NULL,
  `pengeluaran_kaskecildet_keterangan` text,
  `pengeluaran_kaskecildet_nominal` decimal(20,2) DEFAULT '0.00',
  `pengeluaran_kaskecildet_created_date` datetime DEFAULT NULL,
  `pengeluaran_kaskecildet_created_by` varchar(255) DEFAULT NULL,
  `pengeluaran_kaskecildet_updated_date` datetime DEFAULT NULL,
  `pengeluaran_kaskecildet_updated_by` varchar(255) DEFAULT NULL,
  `pengeluaran_kaskecildet_revised` int(11) DEFAULT '0',
  PRIMARY KEY (`pengeluaran_kaskecildet_id`)
) ENGINE=InnoDB AUTO_INCREMENT=7 DEFAULT CHARSET=utf8;

/*Data for the table `t_pengeluaran_kaskecildet` */

insert  into `t_pengeluaran_kaskecildet`(`pengeluaran_kaskecildet_id`,`t_pengeluaran_kaskecil_id`,`m_coa_id`,`pengeluaran_kaskecildet_keterangan`,`pengeluaran_kaskecildet_nominal`,`pengeluaran_kaskecildet_created_date`,`pengeluaran_kaskecildet_created_by`,`pengeluaran_kaskecildet_updated_date`,`pengeluaran_kaskecildet_updated_by`,`pengeluaran_kaskecildet_revised`) values (1,1,3,'Pembelian ATK',200000.00,'2017-04-18 13:47:50','developer','2017-04-18 13:47:50',NULL,0),(2,1,3,'Bensin + Parkir',50000.00,'2017-04-18 13:47:50','developer','2017-04-18 13:47:50',NULL,0),(3,2,3,'Pembelian ATK',100000.00,'2017-04-18 16:03:31','developer','2017-04-18 16:03:31',NULL,0),(4,2,3,'Akomodasi',50000.00,'2017-04-18 16:03:31','developer','2017-04-18 16:03:31',NULL,0),(5,3,42,'beli atk ',100000.00,'2017-04-19 15:58:13','developer','2017-04-19 15:58:13',NULL,0),(6,3,42,'beli air mineral',10000.00,'2017-04-19 15:58:16','developer','2017-04-19 15:58:16',NULL,0);

/*Table structure for table `t_pengembalian_barang` */

DROP TABLE IF EXISTS `t_pengembalian_barang`;

CREATE TABLE `t_pengembalian_barang` (
  `pengembalian_barang_id` int(11) NOT NULL AUTO_INCREMENT,
  `pengembalian_barang_nomor` varchar(255) DEFAULT NULL,
  `pengembalian_barang_awal` varchar(255) DEFAULT NULL,
  `pengembalian_barang_tujuan` varchar(255) DEFAULT NULL,
  `pengembalian_barang_created_date` datetime DEFAULT NULL,
  `pengembalian_barang_created_by` varchar(255) DEFAULT NULL,
  `pengembalian_barang_update_date` datetime DEFAULT NULL ON UPDATE CURRENT_TIMESTAMP,
  `pengembalian_barang_update_by` varchar(255) DEFAULT NULL,
  `pengembalian_barang_revised` int(255) DEFAULT NULL,
  `m_cabang_id` int(11) DEFAULT NULL,
  `pengembalian_barang_status` int(11) DEFAULT NULL,
  PRIMARY KEY (`pengembalian_barang_id`)
) ENGINE=MyISAM AUTO_INCREMENT=3 DEFAULT CHARSET=latin1;

/*Data for the table `t_pengembalian_barang` */

insert  into `t_pengembalian_barang`(`pengembalian_barang_id`,`pengembalian_barang_nomor`,`pengembalian_barang_awal`,`pengembalian_barang_tujuan`,`pengembalian_barang_created_date`,`pengembalian_barang_created_by`,`pengembalian_barang_update_date`,`pengembalian_barang_update_by`,`pengembalian_barang_revised`,`m_cabang_id`,`pengembalian_barang_status`) values (1,'PBRG20170300001','1','4','2017-03-07 21:33:52','developer','2017-03-07 22:42:40','developer',4,1,2),(2,'PBRG20170300001','1','4','2017-03-08 14:18:24','developer','2017-03-08 14:19:11','developer',1,1,2);

/*Table structure for table `t_pengembalian_barangdet` */

DROP TABLE IF EXISTS `t_pengembalian_barangdet`;

CREATE TABLE `t_pengembalian_barangdet` (
  `pengembalian_barangdet_id` int(11) NOT NULL AUTO_INCREMENT,
  `m_barang_id` int(11) DEFAULT NULL,
  `t_pengembalian_barang_id` int(11) DEFAULT NULL,
  `pengembalian_barangdet_qty` int(255) DEFAULT NULL,
  `pengembalian_barangdet_keterangan` varchar(255) DEFAULT NULL,
  PRIMARY KEY (`pengembalian_barangdet_id`)
) ENGINE=MyISAM AUTO_INCREMENT=3 DEFAULT CHARSET=latin1;

/*Data for the table `t_pengembalian_barangdet` */

insert  into `t_pengembalian_barangdet`(`pengembalian_barangdet_id`,`m_barang_id`,`t_pengembalian_barang_id`,`pengembalian_barangdet_qty`,`pengembalian_barangdet_keterangan`) values (1,6,1,12,'Barang tidak terpakai'),(2,5,2,10,'oooo');

/*Table structure for table `t_pengembalian_baranglog` */

DROP TABLE IF EXISTS `t_pengembalian_baranglog`;

CREATE TABLE `t_pengembalian_baranglog` (
  `pengembalian_baranglog_id` int(11) NOT NULL AUTO_INCREMENT,
  `referensi_id` int(11) DEFAULT NULL,
  `pengembalian_baranglog_status_dari` int(11) DEFAULT NULL,
  `pengembalian_baranglog_status_ke` int(11) DEFAULT NULL,
  `pengembalian_baranglog_status_update_date` datetime DEFAULT NULL,
  `pengembalian_baranglog_status_update_by` varchar(255) DEFAULT NULL,
  PRIMARY KEY (`pengembalian_baranglog_id`)
) ENGINE=MyISAM AUTO_INCREMENT=3 DEFAULT CHARSET=latin1;

/*Data for the table `t_pengembalian_baranglog` */

insert  into `t_pengembalian_baranglog`(`pengembalian_baranglog_id`,`referensi_id`,`pengembalian_baranglog_status_dari`,`pengembalian_baranglog_status_ke`,`pengembalian_baranglog_status_update_date`,`pengembalian_baranglog_status_update_by`) values (1,1,1,2,'2017-03-07 22:42:40','developer'),(2,2,1,2,'2017-03-08 14:19:11','developer');

/*Table structure for table `t_pengubahan_bahan` */

DROP TABLE IF EXISTS `t_pengubahan_bahan`;

CREATE TABLE `t_pengubahan_bahan` (
  `pengubahan_bahan_id` int(11) NOT NULL AUTO_INCREMENT,
  `t_perolehan_produksi_id` int(11) DEFAULT NULL,
  `pengubahan_bahan_tanggal` datetime DEFAULT NULL,
  `pengubahan_bahan_nomor` varchar(255) DEFAULT NULL,
  `pengubahan_bahan_jenis` int(1) DEFAULT NULL,
  `pengubahan_bahan_status` varchar(255) DEFAULT NULL,
  `pengubahan_bahan_created_date` datetime DEFAULT NULL ON UPDATE CURRENT_TIMESTAMP,
  `pengubahan_bahan_created_by` varchar(255) DEFAULT NULL,
  `pengubahan_bahan_update_date` datetime DEFAULT NULL ON UPDATE CURRENT_TIMESTAMP,
  `pengubahan_bahan_update_by` varchar(255) DEFAULT NULL,
  `pengubahan_bahan_revised` int(255) DEFAULT NULL,
  `m_cabang_id` int(11) DEFAULT NULL,
  `pengubahan_bahan_keterangan` text,
  `pengubahan_bahan_konversi` float DEFAULT NULL,
  PRIMARY KEY (`pengubahan_bahan_id`)
) ENGINE=MyISAM AUTO_INCREMENT=8 DEFAULT CHARSET=latin1;

/*Data for the table `t_pengubahan_bahan` */

insert  into `t_pengubahan_bahan`(`pengubahan_bahan_id`,`t_perolehan_produksi_id`,`pengubahan_bahan_tanggal`,`pengubahan_bahan_nomor`,`pengubahan_bahan_jenis`,`pengubahan_bahan_status`,`pengubahan_bahan_created_date`,`pengubahan_bahan_created_by`,`pengubahan_bahan_update_date`,`pengubahan_bahan_update_by`,`pengubahan_bahan_revised`,`m_cabang_id`,`pengubahan_bahan_keterangan`,`pengubahan_bahan_konversi`) values (4,4,'2017-07-03 00:00:00','PP20170300001',NULL,'3','2017-03-21 10:43:25','developer','2017-03-21 10:43:19','developer',3,1,NULL,NULL),(5,7,'2017-08-03 00:00:00','PB20170300001',NULL,'2','2017-03-11 10:55:58','developer','2017-03-11 10:55:58','developer',1,1,NULL,NULL),(6,NULL,'1970-01-01 00:00:00','PB20170300001',NULL,'1','2017-03-16 09:28:46','developer','2017-03-16 09:28:46',NULL,0,1,NULL,NULL),(7,8,'2017-03-20 00:00:00','PB20170300002',1,'2','2017-03-20 14:16:52','developer','2017-03-20 14:16:52',NULL,0,1,'',262.318);

/*Table structure for table `t_pengubahan_bahanakhir` */

DROP TABLE IF EXISTS `t_pengubahan_bahanakhir`;

CREATE TABLE `t_pengubahan_bahanakhir` (
  `pengubahan_bahanakhir_id` int(11) NOT NULL AUTO_INCREMENT,
  `t_pengubahan_bahan_id` int(11) DEFAULT NULL,
  `m_barang_id` int(11) DEFAULT NULL,
  `pengubahan_bahanakhir_qty` int(11) DEFAULT NULL,
  `pengubahan_bahanakhir_gudang` varchar(255) DEFAULT NULL,
  `pengubahan_bahanakhir_status` int(255) DEFAULT NULL,
  `pengubahan_bahanakhir_deskripsi` text,
  PRIMARY KEY (`pengubahan_bahanakhir_id`)
) ENGINE=MyISAM AUTO_INCREMENT=8 DEFAULT CHARSET=latin1;

/*Data for the table `t_pengubahan_bahanakhir` */

insert  into `t_pengubahan_bahanakhir`(`pengubahan_bahanakhir_id`,`t_pengubahan_bahan_id`,`m_barang_id`,`pengubahan_bahanakhir_qty`,`pengubahan_bahanakhir_gudang`,`pengubahan_bahanakhir_status`,`pengubahan_bahanakhir_deskripsi`) values (1,4,5,10,'4',0,NULL),(2,5,6,11,'4',0,NULL),(3,6,0,80,'1',0,NULL),(4,7,1,10,'6',0,'Barang 00001 (00001, Bahan Baku)'),(5,7,1,5,'6',0,'(NS) Barang 00001 (00001, Bahan Baku)'),(6,7,6,10,'6',0,'Coil Galvalum 0.20 bmt x 1219  (BHN00002, Bahan Baku)'),(7,7,6,4,'6',0,'(NS) Coil Galvalum 0.20 bmt x 1219  (BHN00002, Bahan Baku)');

/*Table structure for table `t_pengubahan_bahanawal` */

DROP TABLE IF EXISTS `t_pengubahan_bahanawal`;

CREATE TABLE `t_pengubahan_bahanawal` (
  `pengubahan_bahanawal_id` int(11) NOT NULL AUTO_INCREMENT,
  `t_pengubahan_bahan_id` int(11) DEFAULT NULL,
  `m_barang_id` int(11) DEFAULT NULL,
  `pengubahan_bahanawal_qty` int(11) DEFAULT NULL,
  `pengubahan_bahanawal_gudang` varchar(255) DEFAULT NULL,
  `pengubahan_bahanawal_status` int(255) DEFAULT NULL,
  `t_perolehan_produksi_awaldet_id` int(11) DEFAULT NULL,
  PRIMARY KEY (`pengubahan_bahanawal_id`)
) ENGINE=MyISAM AUTO_INCREMENT=7 DEFAULT CHARSET=latin1;

/*Data for the table `t_pengubahan_bahanawal` */

insert  into `t_pengubahan_bahanawal`(`pengubahan_bahanawal_id`,`t_pengubahan_bahan_id`,`m_barang_id`,`pengubahan_bahanawal_qty`,`pengubahan_bahanawal_gudang`,`pengubahan_bahanawal_status`,`t_perolehan_produksi_awaldet_id`) values (3,4,5,10,'1',0,NULL),(4,5,5,10,'1',0,NULL),(5,6,0,60,'1',0,NULL),(6,7,5,100,'null',0,2);

/*Table structure for table `t_pengubahan_bahanlog` */

DROP TABLE IF EXISTS `t_pengubahan_bahanlog`;

CREATE TABLE `t_pengubahan_bahanlog` (
  `pengubahan_bahanlog_id` int(11) NOT NULL AUTO_INCREMENT,
  `referensi_id` int(11) DEFAULT NULL,
  `pengubahan_bahanlog_status_dari` int(11) DEFAULT NULL,
  `pengubahan_bahanlog_status_ke` int(11) DEFAULT NULL,
  `pengubahan_bahanlog_status_update_date` datetime DEFAULT NULL,
  `pengubahan_bahanlog_status_update_by` varchar(255) DEFAULT NULL,
  PRIMARY KEY (`pengubahan_bahanlog_id`)
) ENGINE=InnoDB AUTO_INCREMENT=6 DEFAULT CHARSET=latin1;

/*Data for the table `t_pengubahan_bahanlog` */

insert  into `t_pengubahan_bahanlog`(`pengubahan_bahanlog_id`,`referensi_id`,`pengubahan_bahanlog_status_dari`,`pengubahan_bahanlog_status_ke`,`pengubahan_bahanlog_status_update_date`,`pengubahan_bahanlog_status_update_by`) values (2,4,1,2,'2017-03-07 11:13:57','developer'),(3,5,1,2,'2017-03-08 13:45:04','developer'),(4,0,1,2,'2017-03-20 14:16:52','developer'),(5,4,2,3,'2017-03-21 10:43:20','developer');

/*Table structure for table `t_perhitungan_kebutuhan` */

DROP TABLE IF EXISTS `t_perhitungan_kebutuhan`;

CREATE TABLE `t_perhitungan_kebutuhan` (
  `perhitungan_kebutuhan_id` int(11) NOT NULL AUTO_INCREMENT,
  `perhitungan_kebutuhan_nomor` varchar(255) DEFAULT NULL,
  `perhitungan_kebutuhan_jenis` int(1) DEFAULT NULL,
  `m_cabang_id` int(11) DEFAULT NULL,
  `m_gudang_id` int(11) DEFAULT NULL,
  `t_jadwal_produksi_id` varchar(255) DEFAULT NULL,
  `perhitungan_kebutuhan_tanggal` datetime DEFAULT NULL,
  `perhitungan_kebutuhan_verifikasi_jumlah` int(1) DEFAULT '0',
  `perhitungan_kebutuhan_status` varchar(255) DEFAULT NULL,
  `perhitungan_kebutuhan_status_date` datetime DEFAULT NULL,
  `perhitungan_kebutuhan_created_date` datetime DEFAULT NULL,
  `perhitungan_kebutuhan_created_by` varchar(255) DEFAULT NULL,
  `perhitungan_kebutuhan_update_date` datetime DEFAULT NULL ON UPDATE CURRENT_TIMESTAMP,
  `perhitungan_kebutuhan_update_by` varchar(255) DEFAULT NULL,
  `perhitungan_kebutuhan_revised` int(11) DEFAULT NULL,
  PRIMARY KEY (`perhitungan_kebutuhan_id`)
) ENGINE=MyISAM AUTO_INCREMENT=11 DEFAULT CHARSET=latin1;

/*Data for the table `t_perhitungan_kebutuhan` */

insert  into `t_perhitungan_kebutuhan`(`perhitungan_kebutuhan_id`,`perhitungan_kebutuhan_nomor`,`perhitungan_kebutuhan_jenis`,`m_cabang_id`,`m_gudang_id`,`t_jadwal_produksi_id`,`perhitungan_kebutuhan_tanggal`,`perhitungan_kebutuhan_verifikasi_jumlah`,`perhitungan_kebutuhan_status`,`perhitungan_kebutuhan_status_date`,`perhitungan_kebutuhan_created_date`,`perhitungan_kebutuhan_created_by`,`perhitungan_kebutuhan_update_date`,`perhitungan_kebutuhan_update_by`,`perhitungan_kebutuhan_revised`) values (1,'PKB20170300001',NULL,1,1,'[\"1\"]','2017-03-04 00:00:00',0,'3','2017-03-04 03:49:01','2017-03-04 02:57:30','developer','2017-03-14 10:54:19','developer',8),(2,'PKB20170300002',NULL,1,NULL,'[\"3\"]','2017-03-08 00:00:00',0,'2','2017-03-15 14:09:43','2017-03-08 10:54:32','developer','2017-03-15 14:09:43','developer',1),(9,'PKB20170300003',NULL,1,NULL,'[\"9\",\"10\"]','2017-03-14 00:00:00',0,'1','2017-03-14 13:28:58','2017-03-14 13:28:58','developer','2017-03-14 13:28:58',NULL,0),(10,'PKB20170300004',1,1,1,'[\"13\"]','2017-03-20 00:00:00',1,'4','2017-03-20 13:52:34','2017-03-20 13:52:34','developer','2017-03-21 11:41:30','developer',5);

/*Table structure for table `t_perhitungan_kebutuhandet` */

DROP TABLE IF EXISTS `t_perhitungan_kebutuhandet`;

CREATE TABLE `t_perhitungan_kebutuhandet` (
  `perhitungan_kebutuhandet_id` int(11) NOT NULL AUTO_INCREMENT,
  `t_perhitungan_kebutuhan_id` int(11) DEFAULT NULL,
  `t_jadwal_produksidet_id` int(11) DEFAULT NULL,
  `m_barang_id` int(11) DEFAULT NULL,
  `perhitungan_kebutuhandet_qty` int(11) DEFAULT NULL,
  `perhitungan_kebutuhandet_berat` varchar(255) DEFAULT NULL,
  `perhitungan_kebutuhandet_total` varchar(255) DEFAULT NULL,
  `perhitungan_kebutuhandet_ukuran` varchar(255) DEFAULT NULL,
  `perhitungan_kebutuhandet_lebar` varchar(255) DEFAULT NULL,
  `perhitungan_kebutuhandet_slitingan` varchar(255) DEFAULT NULL,
  `perhitungan_kebutuhandet_keterangan` varchar(255) DEFAULT NULL,
  `perhitungan_kebutuhandet_status` int(11) DEFAULT NULL,
  `perhitungan_kebutuhandet_created_date` datetime DEFAULT NULL,
  `perhitungan_kebutuhandet_created_by` varchar(255) DEFAULT NULL,
  `perhitungan_kebutuhandet_update_date` datetime DEFAULT NULL,
  `perhitungan_kebutuhandet_update_by` varchar(255) DEFAULT NULL,
  `perhitungan_kebutuhandet_revised` int(11) DEFAULT NULL,
  PRIMARY KEY (`perhitungan_kebutuhandet_id`)
) ENGINE=MyISAM AUTO_INCREMENT=40 DEFAULT CHARSET=latin1;

/*Data for the table `t_perhitungan_kebutuhandet` */

insert  into `t_perhitungan_kebutuhandet`(`perhitungan_kebutuhandet_id`,`t_perhitungan_kebutuhan_id`,`t_jadwal_produksidet_id`,`m_barang_id`,`perhitungan_kebutuhandet_qty`,`perhitungan_kebutuhandet_berat`,`perhitungan_kebutuhandet_total`,`perhitungan_kebutuhandet_ukuran`,`perhitungan_kebutuhandet_lebar`,`perhitungan_kebutuhandet_slitingan`,`perhitungan_kebutuhandet_keterangan`,`perhitungan_kebutuhandet_status`,`perhitungan_kebutuhandet_created_date`,`perhitungan_kebutuhandet_created_by`,`perhitungan_kebutuhandet_update_date`,`perhitungan_kebutuhandet_update_by`,`perhitungan_kebutuhandet_revised`) values (1,1,1,5,80,'100','800','100','50','10','-',1,'2017-03-04 02:57:30','developer','2017-03-04 02:57:30',NULL,0),(2,1,1,6,100,'50','500','400','60','20','-',1,'2017-03-04 02:57:30','developer','2017-03-04 02:57:30',NULL,0),(3,2,3,2,34,'500','500','0,2','192','0','',1,'2017-03-08 10:54:32','developer','2017-03-08 10:54:32',NULL,0),(4,2,3,7,48,'40','600','3','333','0','',1,'2017-03-08 10:54:32','developer','2017-03-08 10:54:32',NULL,0),(5,2,4,2,34,'500','500','0,2','192','0','',1,'2017-03-08 10:54:32','developer','2017-03-08 10:54:32',NULL,0),(6,2,4,7,48,'40','600','3','333','0','',1,'2017-03-08 10:54:32','developer','2017-03-08 10:54:32',NULL,0),(39,10,12,5,1000,'0','0','10','12','21','',1,'2017-03-20 13:52:34','developer','2017-03-20 13:52:34',NULL,0),(37,9,5,6,150,'50','7500','40','30','50',NULL,1,'2017-03-14 13:28:58','developer','2017-03-14 13:28:58',NULL,0),(38,10,11,5,500,'0','0','10','21','90','ket',1,'2017-03-20 13:52:34','developer','2017-03-20 13:52:34',NULL,0),(34,9,3,1,50,'10','500','10','20','30','-',1,'2017-03-14 13:28:58','developer','2017-03-14 13:28:58',NULL,0),(35,9,4,1,40,'20','800','10','20','50',NULL,1,'2017-03-14 13:28:58','developer','2017-03-14 13:28:58',NULL,0),(36,9,5,5,150,'50','7500','80','90','50',NULL,1,'2017-03-14 13:28:58','developer','2017-03-14 13:28:58',NULL,0);

/*Table structure for table `t_perhitungan_kebutuhanlog` */

DROP TABLE IF EXISTS `t_perhitungan_kebutuhanlog`;

CREATE TABLE `t_perhitungan_kebutuhanlog` (
  `perhitungan_kebutuhanlog_id` int(11) NOT NULL AUTO_INCREMENT,
  `referensi_id` int(11) DEFAULT NULL,
  `perhitungan_kebutuhanlog_status_dari` int(11) DEFAULT NULL,
  `perhitungan_kebutuhanlog_status_ke` int(11) DEFAULT NULL,
  `perhitungan_kebutuhanlog_status_update_date` datetime DEFAULT NULL ON UPDATE CURRENT_TIMESTAMP,
  `perhitungan_kebutuhanlog_status_update_by` varchar(255) DEFAULT NULL,
  PRIMARY KEY (`perhitungan_kebutuhanlog_id`)
) ENGINE=InnoDB AUTO_INCREMENT=5 DEFAULT CHARSET=latin1;

/*Data for the table `t_perhitungan_kebutuhanlog` */

insert  into `t_perhitungan_kebutuhanlog`(`perhitungan_kebutuhanlog_id`,`referensi_id`,`perhitungan_kebutuhanlog_status_dari`,`perhitungan_kebutuhanlog_status_ke`,`perhitungan_kebutuhanlog_status_update_date`,`perhitungan_kebutuhanlog_status_update_by`) values (1,1,1,2,'2017-03-04 03:49:01','developer'),(3,1,2,3,'2017-03-04 04:26:50','developer'),(4,2,1,2,'2017-03-15 14:09:43','developer');

/*Table structure for table `t_permintaan_jasa` */

DROP TABLE IF EXISTS `t_permintaan_jasa`;

CREATE TABLE `t_permintaan_jasa` (
  `permintaan_jasa_id` int(11) NOT NULL AUTO_INCREMENT,
  `m_cabang_id` int(11) DEFAULT NULL,
  `permintaan_jasa_nomor` varchar(255) NOT NULL,
  `permintaan_jasa_tanggal` datetime NOT NULL,
  `m_departemen_id` int(255) NOT NULL,
  `permintaan_jasa_tanggal_dibutuhkan` datetime DEFAULT NULL,
  `permintaan_jasa_status` int(255) NOT NULL,
  `permintaan_jasa_status_date` datetime DEFAULT NULL ON UPDATE CURRENT_TIMESTAMP,
  `permintaan_jasa_printed` int(255) DEFAULT NULL,
  `permintaan_jasa_created_date` datetime NOT NULL,
  `permintaan_jasa_created_by` varchar(255) NOT NULL,
  `permintaan_jasa_update_date` datetime DEFAULT NULL ON UPDATE CURRENT_TIMESTAMP,
  `permintaan_jasa_update_by` varchar(0) DEFAULT NULL,
  `permintaan_jasa_revised` int(255) DEFAULT NULL,
  PRIMARY KEY (`permintaan_jasa_id`)
) ENGINE=InnoDB AUTO_INCREMENT=4 DEFAULT CHARSET=latin1;

/*Data for the table `t_permintaan_jasa` */

insert  into `t_permintaan_jasa`(`permintaan_jasa_id`,`m_cabang_id`,`permintaan_jasa_nomor`,`permintaan_jasa_tanggal`,`m_departemen_id`,`permintaan_jasa_tanggal_dibutuhkan`,`permintaan_jasa_status`,`permintaan_jasa_status_date`,`permintaan_jasa_printed`,`permintaan_jasa_created_date`,`permintaan_jasa_created_by`,`permintaan_jasa_update_date`,`permintaan_jasa_update_by`,`permintaan_jasa_revised`) values (1,1,'PJ20170200001','2017-02-27 00:00:00',1,'2017-02-28 00:00:00',2,'2017-02-27 15:27:51',0,'2017-02-27 13:50:36','developer','2017-02-27 15:27:51','',5),(2,1,'PJ20170300001','2017-03-04 00:00:00',2,'2017-03-07 00:00:00',2,'2017-03-04 11:13:58',0,'2017-03-04 11:13:37','developer','2017-03-04 11:13:58','',2),(3,1,'PJ20170300001','2017-03-07 00:00:00',1,'2017-03-14 00:00:00',1,'2017-03-07 14:21:36',0,'2017-03-07 14:21:36','gudangbahan','2017-03-07 14:21:36',NULL,0);

/*Table structure for table `t_permintaan_jasadet` */

DROP TABLE IF EXISTS `t_permintaan_jasadet`;

CREATE TABLE `t_permintaan_jasadet` (
  `permintaan_jasadet_id` int(11) NOT NULL AUTO_INCREMENT,
  `t_permintaan_jasa_id` int(11) DEFAULT NULL,
  `m_barang_id` int(11) DEFAULT NULL,
  `permintaan_jasadet_qty` int(11) DEFAULT NULL,
  `permintaan_jasadet_qty_realisasi` int(11) DEFAULT '0',
  `permintaan_jasadet_keterangan` varchar(255) DEFAULT NULL,
  `permintaan_jasadet_status` int(11) DEFAULT NULL,
  `permintaan_jasadet_status_date` datetime DEFAULT NULL,
  `permintaan_jasadet_create_date` datetime DEFAULT NULL,
  `permintaan_jasadet_create_by` varchar(255) DEFAULT NULL,
  `permintaan_jasadet_update_date` datetime DEFAULT NULL ON UPDATE CURRENT_TIMESTAMP,
  `permintaan_jasadet_update_by` varchar(255) DEFAULT NULL,
  `permintaan_jasadet_revised` int(11) DEFAULT NULL,
  PRIMARY KEY (`permintaan_jasadet_id`)
) ENGINE=InnoDB AUTO_INCREMENT=5 DEFAULT CHARSET=latin1;

/*Data for the table `t_permintaan_jasadet` */

insert  into `t_permintaan_jasadet`(`permintaan_jasadet_id`,`t_permintaan_jasa_id`,`m_barang_id`,`permintaan_jasadet_qty`,`permintaan_jasadet_qty_realisasi`,`permintaan_jasadet_keterangan`,`permintaan_jasadet_status`,`permintaan_jasadet_status_date`,`permintaan_jasadet_create_date`,`permintaan_jasadet_create_by`,`permintaan_jasadet_update_date`,`permintaan_jasadet_update_by`,`permintaan_jasadet_revised`) values (1,1,1,100,0,'-',NULL,NULL,'2017-02-27 13:50:36','developer','2017-02-27 15:05:38','developer',3),(2,1,2,50,0,'-',NULL,NULL,'2017-02-27 13:50:36','developer','2017-02-27 15:05:38','developer',3),(3,2,2,20,0,'ket',NULL,NULL,'2017-03-04 11:13:37','developer','2017-03-04 11:13:58','developer',1),(4,3,5,4500,0,'Di Slitting menjadi 708 mm x 1 coil dan 101 mm x 2 pita',NULL,NULL,'2017-03-07 14:21:36','gudangbahan','2017-03-07 14:21:36',NULL,0);

/*Table structure for table `t_permintaan_jasalog` */

DROP TABLE IF EXISTS `t_permintaan_jasalog`;

CREATE TABLE `t_permintaan_jasalog` (
  `permintaan_jasalog_id` int(11) NOT NULL AUTO_INCREMENT,
  `referensi_id` int(11) DEFAULT NULL,
  `permintaan_jasalog_status_dari` int(11) DEFAULT NULL,
  `permintaan_jasalog_status_ke` int(11) DEFAULT NULL,
  `permintaan_jasalog_status_update_date` datetime DEFAULT NULL ON UPDATE CURRENT_TIMESTAMP,
  `permintaan_jasalog_status_update_by` varchar(255) DEFAULT NULL,
  PRIMARY KEY (`permintaan_jasalog_id`)
) ENGINE=InnoDB AUTO_INCREMENT=3 DEFAULT CHARSET=latin1;

/*Data for the table `t_permintaan_jasalog` */

insert  into `t_permintaan_jasalog`(`permintaan_jasalog_id`,`referensi_id`,`permintaan_jasalog_status_dari`,`permintaan_jasalog_status_ke`,`permintaan_jasalog_status_update_date`,`permintaan_jasalog_status_update_by`) values (1,1,1,2,'2017-02-27 15:27:51','developer'),(2,2,1,2,'2017-03-04 11:13:52','developer');

/*Table structure for table `t_permintaan_pembelian` */

DROP TABLE IF EXISTS `t_permintaan_pembelian`;

CREATE TABLE `t_permintaan_pembelian` (
  `permintaan_pembelian_id` int(11) NOT NULL AUTO_INCREMENT,
  `m_cabang_id` int(11) DEFAULT NULL,
  `permintaan_pembelian_nomor` varchar(255) NOT NULL,
  `t_permintaan_jasa` int(11) DEFAULT NULL,
  `permintaan_pembelian_tanggal` datetime NOT NULL,
  `permintaan_pembelian_tanggal_dibutuhkan` datetime NOT NULL,
  `permintaan_pembelian_type` int(11) NOT NULL DEFAULT '1' COMMENT '0 SPP Barang, 1 SPP Jasa',
  `permintaan_pembelian_jenis` int(255) NOT NULL DEFAULT '2',
  `m_gudang_id_permintaan` int(11) NOT NULL DEFAULT '1',
  `permintaan_pembelian_status_barang` int(11) DEFAULT '0',
  `permintaan_pembelian_status` int(255) NOT NULL,
  `permintaan_pembelian_status_date` datetime DEFAULT NULL ON UPDATE CURRENT_TIMESTAMP,
  `permintaan_pembelian_penerima` varchar(255) DEFAULT NULL,
  `permintaan_pembelian_penyetuju` varchar(255) DEFAULT NULL,
  `permintaan_pembelian_pembuat` varchar(255) DEFAULT NULL,
  `permintaan_pembelian_printed` int(255) DEFAULT NULL,
  `permintaan_pembelian_alasan` text,
  `permintaan_pembelian_catatan` text,
  `permintaan_pembelian_created_date` datetime NOT NULL,
  `permintaan_pembelian_created_by` varchar(255) NOT NULL,
  `permintaan_pembelian_update_date` datetime DEFAULT NULL ON UPDATE CURRENT_TIMESTAMP,
  `permintaan_pembelian_update_by` varchar(0) DEFAULT NULL,
  `permintaan_pembelian_revised` int(255) DEFAULT NULL,
  `permintaan_pembelian_konsiyasi` int(11) DEFAULT NULL,
  PRIMARY KEY (`permintaan_pembelian_id`)
) ENGINE=InnoDB AUTO_INCREMENT=9 DEFAULT CHARSET=latin1;

/*Data for the table `t_permintaan_pembelian` */

insert  into `t_permintaan_pembelian`(`permintaan_pembelian_id`,`m_cabang_id`,`permintaan_pembelian_nomor`,`t_permintaan_jasa`,`permintaan_pembelian_tanggal`,`permintaan_pembelian_tanggal_dibutuhkan`,`permintaan_pembelian_type`,`permintaan_pembelian_jenis`,`m_gudang_id_permintaan`,`permintaan_pembelian_status_barang`,`permintaan_pembelian_status`,`permintaan_pembelian_status_date`,`permintaan_pembelian_penerima`,`permintaan_pembelian_penyetuju`,`permintaan_pembelian_pembuat`,`permintaan_pembelian_printed`,`permintaan_pembelian_alasan`,`permintaan_pembelian_catatan`,`permintaan_pembelian_created_date`,`permintaan_pembelian_created_by`,`permintaan_pembelian_update_date`,`permintaan_pembelian_update_by`,`permintaan_pembelian_revised`,`permintaan_pembelian_konsiyasi`) values (1,1,'SPP20170500001',NULL,'2017-05-03 00:00:00','2017-05-03 00:00:00',1,2,1,0,3,'2017-05-03 13:18:12',NULL,NULL,'1',NULL,'ok','ok','2017-05-03 13:17:21','developer','2017-05-03 13:18:12',NULL,0,NULL),(2,1,'SPP20170500002',NULL,'2017-05-03 00:00:00','2017-05-03 00:00:00',1,2,1,0,3,'2017-05-03 22:55:49',NULL,NULL,'1',NULL,'op','op','2017-05-03 22:55:19','developer','2017-05-03 22:55:49',NULL,0,NULL),(3,1,'SPP20170500003',NULL,'2017-05-06 00:00:00','2017-05-06 00:00:00',1,2,1,0,3,'2017-05-10 11:48:58',NULL,NULL,'1',NULL,'ok','ok','2017-05-06 09:53:20','developer','2017-05-10 11:48:58',NULL,0,NULL),(4,1,'SPP20170500004',NULL,'2017-05-10 00:00:00','2017-05-31 00:00:00',1,2,1,0,3,'2017-05-10 13:17:48',NULL,NULL,'1',NULL,'kebutuhan hidup','','2017-05-10 13:17:20','developer','2017-05-10 13:17:48',NULL,0,NULL),(5,1,'SPP20170500005',NULL,'2017-05-10 00:00:00','2017-05-31 00:00:00',1,2,1,0,3,'2017-05-10 13:19:45',NULL,NULL,'1',NULL,'fasdsad','sadsad','2017-05-10 13:19:33','developer','2017-05-10 13:19:45',NULL,0,NULL),(6,1,'SPP20170500006',NULL,'2017-05-10 00:00:00','2017-05-30 00:00:00',1,2,1,0,3,'2017-05-10 15:12:02',NULL,NULL,'1',NULL,'lapar','pengen lagi','2017-05-10 15:05:41','developer','2017-05-10 15:12:02',NULL,0,NULL),(7,1,'SPP20170500007',NULL,'2017-05-10 00:00:00','2017-05-16 00:00:00',1,2,1,0,3,'2017-05-10 15:11:18',NULL,NULL,'1',NULL,'12212eds','avfvf ','2017-05-10 15:07:33','developer','2017-05-10 15:11:18','',1,NULL),(8,1,'SPP20170500008',NULL,'2017-05-11 00:00:00','2017-05-23 00:00:00',1,2,1,0,3,'2017-05-11 04:54:58',NULL,NULL,'1',NULL,'lapar','catatan 1','2017-05-11 04:52:27','developer','2017-05-11 04:54:58',NULL,0,NULL);

/*Table structure for table `t_permintaan_pembeliandet` */

DROP TABLE IF EXISTS `t_permintaan_pembeliandet`;

CREATE TABLE `t_permintaan_pembeliandet` (
  `permintaan_pembeliandet_id` int(11) NOT NULL AUTO_INCREMENT,
  `t_permintaan_pembelian_id` int(11) DEFAULT NULL,
  `m_barang_id` int(11) DEFAULT NULL,
  `permintaan_pembeliandet_qty` int(11) DEFAULT NULL,
  `permintaan_pembeliandet_qty_realisasi` int(11) DEFAULT NULL,
  `permintaan_pembeliandet_status` int(1) DEFAULT '0' COMMENT '0 Belum Ditawarkan, 1 Ditawarkan, 2 Selesai',
  `permintaan_pembeliandet_create_date` datetime DEFAULT NULL,
  `permintaan_pembeliandet_create_by` varchar(255) DEFAULT NULL,
  `permintaan_pembeliandet_update_date` datetime DEFAULT NULL ON UPDATE CURRENT_TIMESTAMP,
  `permintaan_pembeliandet_update_by` varchar(255) DEFAULT NULL,
  `permintaan_pembeliandet_revised` int(11) DEFAULT NULL,
  PRIMARY KEY (`permintaan_pembeliandet_id`)
) ENGINE=InnoDB AUTO_INCREMENT=13 DEFAULT CHARSET=latin1;

/*Data for the table `t_permintaan_pembeliandet` */

insert  into `t_permintaan_pembeliandet`(`permintaan_pembeliandet_id`,`t_permintaan_pembelian_id`,`m_barang_id`,`permintaan_pembeliandet_qty`,`permintaan_pembeliandet_qty_realisasi`,`permintaan_pembeliandet_status`,`permintaan_pembeliandet_create_date`,`permintaan_pembeliandet_create_by`,`permintaan_pembeliandet_update_date`,`permintaan_pembeliandet_update_by`,`permintaan_pembeliandet_revised`) values (1,1,1121,5,NULL,1,'2017-05-03 13:17:21','developer','2017-05-03 13:18:13',NULL,0),(2,1,2685,5,NULL,1,'2017-05-03 13:17:21','developer','2017-05-03 13:18:13',NULL,0),(3,1,2398,5,NULL,1,'2017-05-03 13:17:22','developer','2017-05-03 13:18:13',NULL,0),(4,2,1121,5,NULL,1,'2017-05-03 22:55:19','developer','2017-05-03 22:55:49',NULL,0),(5,2,895,5,NULL,1,'2017-05-03 22:55:19','developer','2017-05-03 22:55:49',NULL,0),(6,3,957,10,NULL,1,'2017-05-06 09:53:20','developer','2017-05-10 11:48:58',NULL,0),(7,4,2209,4,NULL,1,'2017-05-10 13:17:20','developer','2017-05-10 13:17:48',NULL,0),(8,5,902,4,NULL,1,'2017-05-10 13:19:33','developer','2017-05-10 13:19:45',NULL,0),(9,6,2189,3,NULL,1,'2017-05-10 15:05:41','developer','2017-05-10 15:12:03',NULL,0),(10,7,2189,34,NULL,1,'2017-05-10 15:07:33','developer','2017-05-10 15:11:18','developer',0),(11,8,2406,0,NULL,1,'2017-05-11 04:52:27','developer','2017-05-11 04:54:58',NULL,0),(12,8,903,0,NULL,1,'2017-05-11 04:52:27','developer','2017-05-11 04:54:58',NULL,0);

/*Table structure for table `t_permintaan_pembelianlog` */

DROP TABLE IF EXISTS `t_permintaan_pembelianlog`;

CREATE TABLE `t_permintaan_pembelianlog` (
  `permintaan_pembelianlog_id` int(11) NOT NULL AUTO_INCREMENT,
  `referensi_id` int(11) DEFAULT NULL,
  `permintaan_pembelianlog_status_dari` int(11) DEFAULT NULL,
  `permintaan_pembelianlog_status_ke` int(11) DEFAULT NULL,
  `permintaan_pembelianlog_status_update_date` datetime DEFAULT NULL ON UPDATE CURRENT_TIMESTAMP,
  `permintaan_pembelianlog_status_update_by` varchar(255) DEFAULT NULL,
  PRIMARY KEY (`permintaan_pembelianlog_id`)
) ENGINE=InnoDB AUTO_INCREMENT=9 DEFAULT CHARSET=latin1;

/*Data for the table `t_permintaan_pembelianlog` */

insert  into `t_permintaan_pembelianlog`(`permintaan_pembelianlog_id`,`referensi_id`,`permintaan_pembelianlog_status_dari`,`permintaan_pembelianlog_status_ke`,`permintaan_pembelianlog_status_update_date`,`permintaan_pembelianlog_status_update_by`) values (1,1,0,3,'2017-05-03 13:18:12','developer'),(2,2,0,3,'2017-05-03 22:55:49','developer'),(3,3,0,3,'2017-05-10 11:48:58','developer'),(4,4,0,3,'2017-05-10 13:17:48','developer'),(5,5,0,3,'2017-05-10 13:19:45','developer'),(6,7,0,3,'2017-05-10 15:11:18','developer'),(7,6,0,3,'2017-05-10 15:12:02','developer'),(8,8,0,3,'2017-05-11 04:54:58','developer');

/*Table structure for table `t_perolehan_produksi` */

DROP TABLE IF EXISTS `t_perolehan_produksi`;

CREATE TABLE `t_perolehan_produksi` (
  `perolehan_produksi_id` int(11) NOT NULL AUTO_INCREMENT,
  `perolehan_produksi_nomor` varchar(255) DEFAULT NULL,
  `perolehan_produksi_total` int(11) DEFAULT NULL,
  `perolehan_produksi_afalan` int(11) DEFAULT NULL,
  `perolehan_produksi_created_date` datetime DEFAULT NULL,
  `perolehan_produksi_created_by` varchar(255) DEFAULT NULL,
  `perolehan_produksi_update_date` datetime DEFAULT NULL ON UPDATE CURRENT_TIMESTAMP,
  `perolehan_produksi_update_by` varchar(255) DEFAULT NULL,
  `perolehan_produksi_revised` int(255) DEFAULT NULL,
  `m_cabang_id` int(11) DEFAULT NULL,
  `m_gudang_id` int(11) DEFAULT NULL,
  `perolehan_produksi_status` int(1) DEFAULT NULL,
  `t_jadwal_produksi_id` int(11) DEFAULT NULL,
  `perolehan_produksi_rusak` int(11) DEFAULT '0',
  PRIMARY KEY (`perolehan_produksi_id`)
) ENGINE=InnoDB AUTO_INCREMENT=9 DEFAULT CHARSET=latin1;

/*Data for the table `t_perolehan_produksi` */

insert  into `t_perolehan_produksi`(`perolehan_produksi_id`,`perolehan_produksi_nomor`,`perolehan_produksi_total`,`perolehan_produksi_afalan`,`perolehan_produksi_created_date`,`perolehan_produksi_created_by`,`perolehan_produksi_update_date`,`perolehan_produksi_update_by`,`perolehan_produksi_revised`,`m_cabang_id`,`m_gudang_id`,`perolehan_produksi_status`,`t_jadwal_produksi_id`,`perolehan_produksi_rusak`) values (4,'PP20170300001',5,6,'2017-03-07 03:04:04','developer','2017-03-07 03:04:04',NULL,0,1,4,NULL,NULL,NULL),(7,'PP20170300001',29,31,'2017-03-11 03:21:36','developer','2017-03-11 05:02:26','developer',2,1,1,2,9,NULL),(8,'PP20170300002',20,9,'2017-03-20 14:13:38','developer','2017-03-20 14:13:38',NULL,0,1,6,1,13,9);

/*Table structure for table `t_perolehan_produksi_akhirdet` */

DROP TABLE IF EXISTS `t_perolehan_produksi_akhirdet`;

CREATE TABLE `t_perolehan_produksi_akhirdet` (
  `perolehan_produksi_akhirdet_id` int(11) NOT NULL AUTO_INCREMENT,
  `t_perolehan_produksi_id` int(11) DEFAULT NULL,
  `t_jadwal_produksi_akhirdet_id` int(11) DEFAULT NULL,
  `m_barang_id` int(11) DEFAULT NULL,
  `perolehan_produksi_akhirdet_berat` int(11) DEFAULT NULL,
  `perolehan_produksi_akhirdet_panjang` int(11) DEFAULT NULL,
  `perolehan_produksi_akhirdet_tebal` int(11) DEFAULT NULL,
  `perolehan_produksi_akhirdet_micro` int(11) DEFAULT NULL,
  `perolehan_produksi_akhirdet_qty` int(11) DEFAULT NULL,
  `perolehan_produksi_akhirdet_ns` int(11) DEFAULT NULL,
  `perolehan_produksi_akhirdet_qty_rusak` int(11) DEFAULT NULL,
  `perolehan_produksi_akhirdet_konversi` int(11) DEFAULT NULL,
  `perolehan_produksi_akhirdet_keterangan` text,
  `perolehan_produksi_akhirdet_status` varchar(1) DEFAULT NULL,
  `perolehan_produksi_akhirdet_created_date` datetime DEFAULT NULL,
  `perolehan_produksi_akhirdet_created_by` varchar(255) DEFAULT NULL,
  `perolehan_produksi_akhirdet_update_date` datetime DEFAULT NULL,
  `perolehan_produksi_akhirdet_update_by` varchar(255) DEFAULT NULL,
  `perolehan_produksi_akhirdet_revised` int(11) DEFAULT NULL,
  PRIMARY KEY (`perolehan_produksi_akhirdet_id`)
) ENGINE=MyISAM AUTO_INCREMENT=5 DEFAULT CHARSET=latin1;

/*Data for the table `t_perolehan_produksi_akhirdet` */

insert  into `t_perolehan_produksi_akhirdet`(`perolehan_produksi_akhirdet_id`,`t_perolehan_produksi_id`,`t_jadwal_produksi_akhirdet_id`,`m_barang_id`,`perolehan_produksi_akhirdet_berat`,`perolehan_produksi_akhirdet_panjang`,`perolehan_produksi_akhirdet_tebal`,`perolehan_produksi_akhirdet_micro`,`perolehan_produksi_akhirdet_qty`,`perolehan_produksi_akhirdet_ns`,`perolehan_produksi_akhirdet_qty_rusak`,`perolehan_produksi_akhirdet_konversi`,`perolehan_produksi_akhirdet_keterangan`,`perolehan_produksi_akhirdet_status`,`perolehan_produksi_akhirdet_created_date`,`perolehan_produksi_akhirdet_created_by`,`perolehan_produksi_akhirdet_update_date`,`perolehan_produksi_akhirdet_update_by`,`perolehan_produksi_akhirdet_revised`) values (1,7,3,5,6,7,8,9,10,11,12,13,'14','0','2017-03-11 03:21:36','developer',NULL,NULL,0),(2,7,4,6,15,16,17,18,19,20,21,22,'23','0','2017-03-11 03:21:36','developer',NULL,NULL,0),(3,8,11,1,10,8,5,5,10,5,6,1,'ket','0','2017-03-20 14:13:38','developer',NULL,NULL,0),(4,8,12,6,10,7,8,5,10,4,3,1,'','0','2017-03-20 14:13:38','developer',NULL,NULL,0);

/*Table structure for table `t_perolehan_produksi_awaldet` */

DROP TABLE IF EXISTS `t_perolehan_produksi_awaldet`;

CREATE TABLE `t_perolehan_produksi_awaldet` (
  `perolehan_produksi_awaldet_id` int(11) NOT NULL AUTO_INCREMENT,
  `t_perolehan_produksi_id` int(11) DEFAULT NULL,
  `t_jadwal_produksi_awaldet_id` int(11) DEFAULT NULL,
  `m_barang_id` int(11) DEFAULT NULL,
  `perolehan_produksi_awaldet_bahangross` int(11) DEFAULT NULL,
  `perolehan_produksi_awaldet_bahannet` int(11) DEFAULT NULL,
  `perolehan_produksi_awaldet_bahantimbang` int(11) DEFAULT NULL,
  `perolehan_produksi_awaldet_bahankulit` int(11) DEFAULT NULL,
  `perolehan_produksi_awaldet_bahantong` int(11) DEFAULT NULL,
  `perolehan_produksi_awaldet_status` varchar(1) DEFAULT NULL,
  `perolehan_produksi_awaldet_created_date` datetime DEFAULT NULL,
  `perolehan_produksi_awaldet_created_by` varchar(255) DEFAULT NULL,
  `perolehan_produksi_awaldet_update_date` datetime DEFAULT NULL,
  `perolehan_produksi_awaldet_update_by` varchar(255) DEFAULT NULL,
  `perolehan_produksi_awaldet_revised` int(11) DEFAULT NULL,
  PRIMARY KEY (`perolehan_produksi_awaldet_id`)
) ENGINE=MyISAM AUTO_INCREMENT=3 DEFAULT CHARSET=latin1;

/*Data for the table `t_perolehan_produksi_awaldet` */

insert  into `t_perolehan_produksi_awaldet`(`perolehan_produksi_awaldet_id`,`t_perolehan_produksi_id`,`t_jadwal_produksi_awaldet_id`,`m_barang_id`,`perolehan_produksi_awaldet_bahangross`,`perolehan_produksi_awaldet_bahannet`,`perolehan_produksi_awaldet_bahantimbang`,`perolehan_produksi_awaldet_bahankulit`,`perolehan_produksi_awaldet_bahantong`,`perolehan_produksi_awaldet_status`,`perolehan_produksi_awaldet_created_date`,`perolehan_produksi_awaldet_created_by`,`perolehan_produksi_awaldet_update_date`,`perolehan_produksi_awaldet_update_by`,`perolehan_produksi_awaldet_revised`) values (1,7,6,1,1,2,3,4,5,'0','2017-03-11 03:21:36','developer',NULL,NULL,0),(2,8,12,5,100,100,80,75,80,'0','2017-03-20 14:13:38','developer',NULL,NULL,0);

/*Table structure for table `t_perolehan_produksidet` */

DROP TABLE IF EXISTS `t_perolehan_produksidet`;

CREATE TABLE `t_perolehan_produksidet` (
  `perolehan_produksidet_id` int(11) NOT NULL AUTO_INCREMENT,
  `t_perolehan_produksi_id` int(11) NOT NULL,
  `m_barang_id` int(11) NOT NULL,
  `perolehan_produksidet_bahangross` int(11) DEFAULT NULL,
  `perolehan_produksidet_bahannet` int(11) DEFAULT NULL,
  `perolehan_produksidet_bahantimbang` int(11) DEFAULT NULL,
  `perolehan_produksidet_bahankulit` int(11) DEFAULT NULL,
  `perolehan_produksidet_bahantong` int(11) DEFAULT NULL,
  `t_jadwal_produksidet_id` int(11) NOT NULL,
  `perolehan_produksidet_berat` int(11) DEFAULT NULL,
  `perolehan_produksidet_panjang` int(11) DEFAULT NULL,
  `perolehan_produksidet_tebal` int(11) DEFAULT NULL,
  `perolehan_produksidet_micro` int(11) DEFAULT NULL,
  `perolehan_produksidet_qty` int(11) DEFAULT NULL,
  `perolehan_produksidet_qty_rusak` int(11) DEFAULT NULL,
  `perolehan_produksidet_konversi` int(11) DEFAULT NULL,
  `perolehan_produksidet_ns` int(11) DEFAULT NULL,
  `perolehan_produksidet_ket` varchar(255) DEFAULT NULL,
  `perolehan_produksidet_status` varchar(1) DEFAULT NULL,
  `perolehan_produksidet_created_date` datetime DEFAULT NULL,
  `perolehan_produksidet_created_by` varchar(255) DEFAULT NULL,
  `perolehan_produksidet_update_date` datetime DEFAULT NULL,
  `perolehan_produksidet_update_by` varchar(255) DEFAULT NULL,
  `perolehan_produksidet_revised` int(11) DEFAULT NULL,
  PRIMARY KEY (`perolehan_produksidet_id`)
) ENGINE=InnoDB AUTO_INCREMENT=4 DEFAULT CHARSET=latin1;

/*Data for the table `t_perolehan_produksidet` */

insert  into `t_perolehan_produksidet`(`perolehan_produksidet_id`,`t_perolehan_produksi_id`,`m_barang_id`,`perolehan_produksidet_bahangross`,`perolehan_produksidet_bahannet`,`perolehan_produksidet_bahantimbang`,`perolehan_produksidet_bahankulit`,`perolehan_produksidet_bahantong`,`t_jadwal_produksidet_id`,`perolehan_produksidet_berat`,`perolehan_produksidet_panjang`,`perolehan_produksidet_tebal`,`perolehan_produksidet_micro`,`perolehan_produksidet_qty`,`perolehan_produksidet_qty_rusak`,`perolehan_produksidet_konversi`,`perolehan_produksidet_ns`,`perolehan_produksidet_ket`,`perolehan_produksidet_status`,`perolehan_produksidet_created_date`,`perolehan_produksidet_created_by`,`perolehan_produksidet_update_date`,`perolehan_produksidet_update_by`,`perolehan_produksidet_revised`) values (3,4,1,1,2,3,4,5,1,1,2,3,4,5,0,NULL,6,'-','0','2017-03-07 03:04:04','developer','2017-03-07 14:33:19','developer',0);

/*Table structure for table `t_perolehan_produksilog` */

DROP TABLE IF EXISTS `t_perolehan_produksilog`;

CREATE TABLE `t_perolehan_produksilog` (
  `perolehan_produksilog_id` int(11) NOT NULL AUTO_INCREMENT,
  `referensi_id` int(11) DEFAULT NULL,
  `perolehan_produksilog_status_dari` int(11) DEFAULT NULL,
  `perolehan_produksilog_status_ke` int(11) DEFAULT NULL,
  `perolehan_produksilog_status_update_date` datetime DEFAULT NULL ON UPDATE CURRENT_TIMESTAMP,
  `perolehan_produksilog_status_update_by` varchar(255) DEFAULT NULL,
  PRIMARY KEY (`perolehan_produksilog_id`)
) ENGINE=InnoDB DEFAULT CHARSET=latin1;

/*Data for the table `t_perolehan_produksilog` */

/*Table structure for table `t_po_customer` */

DROP TABLE IF EXISTS `t_po_customer`;

CREATE TABLE `t_po_customer` (
  `po_customer_id` int(11) NOT NULL AUTO_INCREMENT,
  `m_cabang_id` int(255) DEFAULT NULL,
  `po_customer_nomor` varchar(255) DEFAULT NULL,
  `po_customer_tanggal` datetime DEFAULT NULL,
  `m_partner_id` int(255) DEFAULT NULL,
  `po_customer_kontak_person` varchar(255) DEFAULT NULL,
  `po_customer_nama_pelanggan` varchar(255) DEFAULT NULL,
  `po_customer_alamat_kirim` varchar(255) DEFAULT NULL,
  `po_customer_sejarah` int(1) DEFAULT '1' COMMENT '{"1": "Lama", "2": "Baru"}',
  `m_karyawan_id` int(11) DEFAULT NULL,
  `po_customer_perjanjian_bayar` int(255) DEFAULT NULL,
  `po_customer_jasaangkut_jenis` int(255) DEFAULT NULL COMMENT '{"1": "Ekspedisi", "2": "Kirim Sendiri"}',
  `po_customer_ekspedisi` varchar(255) DEFAULT NULL,
  `po_customer_jasaangkut_bayar` int(255) DEFAULT NULL COMMENT '{"1": "Bayar Kantor", "2": "Bayar Toko"}',
  `po_customer_ppn` int(1) DEFAULT '1' COMMENT '{"1": "PPN", "2": "Tanpa PPN"}',
  `po_customer_catatan` text,
  `po_customer_step` int(11) DEFAULT NULL,
  `po_customer_status` int(255) DEFAULT NULL COMMENT '{"1": "Draft PO", "2": "Cek Stok Barang", "3": "Cek Kredit Limit", "4": "Menunggu Otorisasi", "5": "PO Diterima", "6": "Terbit SO", "7":  "PO Tidak Diterima"}',
  `po_customer_printed` int(11) DEFAULT NULL,
  `po_customer_created_date` datetime DEFAULT NULL,
  `po_customer_created_by` varchar(255) DEFAULT NULL,
  `po_customer_updated_date` datetime DEFAULT NULL ON UPDATE CURRENT_TIMESTAMP,
  `po_customer_updated_by` varchar(0) DEFAULT NULL,
  `po_customer_revised` int(255) DEFAULT NULL,
  `po_customer_nama_kontak` varchar(255) DEFAULT NULL,
  `po_customer_tanggal_persetujuan` datetime DEFAULT NULL,
  `po_customer_file` text,
  `po_customer_jenis` int(2) DEFAULT NULL,
  PRIMARY KEY (`po_customer_id`)
) ENGINE=MyISAM AUTO_INCREMENT=31 DEFAULT CHARSET=latin1;

/*Data for the table `t_po_customer` */

insert  into `t_po_customer`(`po_customer_id`,`m_cabang_id`,`po_customer_nomor`,`po_customer_tanggal`,`m_partner_id`,`po_customer_kontak_person`,`po_customer_nama_pelanggan`,`po_customer_alamat_kirim`,`po_customer_sejarah`,`m_karyawan_id`,`po_customer_perjanjian_bayar`,`po_customer_jasaangkut_jenis`,`po_customer_ekspedisi`,`po_customer_jasaangkut_bayar`,`po_customer_ppn`,`po_customer_catatan`,`po_customer_step`,`po_customer_status`,`po_customer_printed`,`po_customer_created_date`,`po_customer_created_by`,`po_customer_updated_date`,`po_customer_updated_by`,`po_customer_revised`,`po_customer_nama_kontak`,`po_customer_tanggal_persetujuan`,`po_customer_file`,`po_customer_jenis`) values (1,1,'POC20170300001','2017-03-18 00:00:00',1,'Bambang','Partner 1','-',1,1,30,1,'Truk',1,1,'-',4,5,NULL,'2017-03-18 10:59:50','developer','2017-04-12 00:32:11','',3,NULL,NULL,NULL,NULL),(2,1,'POC20170300002','2017-03-20 00:00:00',1,'2333e3','Partner 1','-',1,1,30,1,'eks1',1,1,'kirim senin',4,4,NULL,'2017-03-20 09:33:13','developer','2017-04-12 00:45:49','',4,NULL,NULL,'',NULL),(3,1,'POC20170300003','2017-03-20 00:00:00',1,'88854','Partner 1','-',1,1,30,2,'',1,1,'catatan',3,6,NULL,'2017-03-20 09:58:12','developer','2017-04-06 16:50:01','',2,NULL,NULL,NULL,NULL),(4,1,'POC20170300004','2017-03-23 00:00:00',1,'aaa','Partner 1','-',1,1,50,1,'',1,1,'-',3,6,NULL,'2017-03-23 13:24:26','developer','2017-04-06 16:50:02','',2,NULL,NULL,NULL,NULL),(5,1,'POC20170300005','2017-03-23 00:00:00',1,'124','Partner 1','-',1,1,80,2,'',1,1,'-',3,6,NULL,'2017-03-23 13:51:15','developer','2017-04-06 16:50:03','',2,NULL,NULL,NULL,NULL),(6,1,'POC20170300006','2017-03-29 00:00:00',1,'0987787','Partner 1','margomulyo',1,11,25,1,'ekspedisi express',1,1,'',3,4,NULL,'2017-03-29 09:44:56','developer','2017-04-06 16:50:03','',7,NULL,NULL,NULL,NULL),(7,1,'POC20170300007','2017-03-29 00:00:00',7,'3131231','alfamart','margomulyo',1,12,25,2,'',1,1,'',3,6,NULL,'2017-03-29 09:54:36','developer','2017-04-06 16:50:04','',4,NULL,NULL,NULL,NULL),(8,1,'POC20170300008','2017-03-29 00:00:00',7,'','alfamart','margomulyo',1,7,25,2,'',1,2,'',3,6,NULL,'2017-03-29 10:06:01','developer','2017-04-07 14:16:05','',3,NULL,NULL,NULL,NULL),(9,1,'POC20170300009','2017-03-29 00:00:00',7,'Budi','alfamart','adad',1,7,20,2,'',1,1,'',3,4,NULL,'2017-03-29 16:12:43','developer','2017-04-11 21:55:08','',4,NULL,NULL,'Formulir_dan_Laporan_CUT.pdf',NULL),(10,1,'POC20170300010','2017-03-31 00:00:00',7,'alfa','alfamart','adad',1,7,120,2,'',1,1,'-',3,4,NULL,'2017-03-31 10:34:15','developer','2017-04-06 16:50:06','',3,NULL,NULL,NULL,NULL),(11,1,'POC20170400001','2017-04-03 00:00:00',7,'aassa','alfamart','adad',1,7,1,2,'',1,1,'tidak ada',3,4,NULL,'2017-04-03 15:24:47','developer','2017-04-07 10:17:15','',2,NULL,NULL,NULL,NULL),(12,1,'POC20170400002','2017-04-05 00:00:00',1,'2352','Partner 1','margomulyo',1,7,20,1,'expedisi',1,2,'urgent',4,6,NULL,'2017-04-05 10:08:50','developer','2017-04-07 11:13:54','',7,NULL,NULL,NULL,NULL),(13,1,'POC20170400003','2017-04-11 00:00:00',7,'123','alfamart','adad',1,7,0,1,'acv',1,1,'catatan',1,4,NULL,'2017-04-11 11:33:55','developer','2017-04-11 21:55:30','',3,NULL,NULL,'',NULL),(14,1,'POC20170400004','2017-04-11 00:00:00',7,'12345','alfamart','adad',1,10,0,1,'123',1,1,'tidak ada',4,6,NULL,'2017-04-11 11:58:44','developer','2017-04-12 10:55:26','',5,' alief','2017-12-04 10:49:00','',NULL),(15,1,'POC20170400005','2017-04-11 00:00:00',10,'kadad','pt jasaweb','lontar no 226',1,7,90,2,'',1,1,'',1,2,NULL,'2017-04-11 23:32:36','developer','2017-04-11 23:32:36',NULL,0,NULL,NULL,'',NULL),(16,1,'POC20170400006','2017-04-12 00:00:00',1,'10390193','Partner 1','jalan surabaya',1,7,20,2,'',1,1,'',4,10,NULL,'2017-04-12 10:02:07','developer','2017-04-12 11:03:38','',14,' jqwnejq','2017-12-04 10:45:00','Chrysanthemum.jpg',NULL),(17,1,'POC20170400007','2017-04-12 00:00:00',10,'13123','pt jasaweb','lontar no 226',2,7,10,2,'',1,2,'',4,11,NULL,'2017-04-12 11:48:19','developer','2017-04-19 16:53:51','',4,'alief','2017-12-04 11:48:00','',NULL),(18,1,'POC20170400008','2017-04-13 00:00:00',14,'03123456789','cus6','Alamat',2,19,30,2,'',1,1,'-',4,4,NULL,'2017-04-13 16:50:24','developer','2017-04-13 17:05:55','',4,NULL,NULL,'UU1108edit.pdf',NULL),(19,1,'POC20170400009','2017-04-18 00:00:00',1,'-','Partner 1','jalan surabaya',1,7,30,1,'Truk',1,1,'-',4,11,NULL,'2017-04-18 15:24:24','developer','2017-04-18 15:31:29','',4,' ','2017-04-18 15:25:00','',NULL),(20,1,'POC20170400010','2017-04-18 00:00:00',7,'123','alfamart','adad',1,7,10,2,'',1,1,'',1,2,NULL,'2017-04-18 21:08:01','developer','2017-04-18 21:08:01',NULL,0,NULL,NULL,'Chrysanthemum1.jpg',NULL),(21,1,'POC20170400011','2017-04-19 00:00:00',1,'aas','Partner 1','jalan surabaya',1,7,10,2,'',1,1,'',1,2,NULL,'2017-04-19 09:28:08','developer','2017-04-19 09:28:08',NULL,0,NULL,NULL,'',NULL),(22,1,'POC20170400012','2017-04-19 00:00:00',1,'alief','Partner 1','margomulyo',1,7,10,2,'',1,1,'',4,10,NULL,'2017-04-19 09:34:28','developer','2017-04-19 09:59:50','',4,' ','2017-04-19 09:56:00','Chrysanthemum3.jpg',NULL),(23,1,'POC20170400013','2017-04-19 00:00:00',1,'alief','Partner 1','jalan surabaya',1,7,10,2,'',1,1,'',4,11,NULL,'2017-04-19 09:36:08','developer','2017-04-19 10:05:57','',4,' ','2017-04-19 09:44:00','Chrysanthemum.jpg',NULL),(24,1,'POC20170400014','2017-04-19 00:00:00',1,'alief','Partner 1','jalan surabaya',1,NULL,10,2,'',1,1,'',1,1,NULL,'2017-04-19 09:40:34','developer','2017-04-19 09:40:34',NULL,0,NULL,NULL,'',NULL),(25,1,'POC20170400015','2017-04-19 00:00:00',14,'121345','cus6','Alamat',2,19,30,2,'',1,1,'',4,9,NULL,'2017-04-19 14:55:31','developer','2017-04-19 15:14:49','',11,' ','2017-04-19 15:09:00','',NULL),(26,1,'POC20170400016','2017-04-20 00:00:00',1,'123','Partner 1','jalan surabaya',1,7,10,2,'',1,2,'',1,4,NULL,'2017-04-20 10:43:39','developer','2017-04-20 10:44:46','',3,NULL,NULL,'',NULL),(27,1,'POC20170400017','2017-04-25 00:00:00',11,'a','agung','Jl. Kaliasin no.99',NULL,7,0,1,'a',1,NULL,'',1,4,NULL,'2017-04-25 11:06:54','developer','2017-04-25 11:06:57','',1,NULL,NULL,NULL,NULL),(28,1,'POC20170400018','2017-04-25 00:00:00',NULL,'','agung','Jl. Kaliasin no.99',1,NULL,0,NULL,'a',NULL,1,'',1,4,NULL,'2017-04-25 11:10:44','developer','2017-04-25 11:11:31','',2,NULL,NULL,'',NULL),(29,1,'POC20170400019','2017-04-25 00:00:00',11,'a','agung','Jl. Kaliasin no.99',1,7,0,1,'a',1,1,'',1,3,NULL,'2017-04-25 11:23:55','developer','2017-04-25 11:23:55',NULL,0,NULL,NULL,'',NULL),(30,1,'POC20170400020','2017-04-25 00:00:00',NULL,'a','agung','Jl. Kaliasin no.99',1,NULL,0,NULL,'',NULL,1,'',1,4,NULL,'2017-04-25 11:27:30','developer','2017-04-25 11:27:47','',1,NULL,NULL,'',NULL);

/*Table structure for table `t_po_customerdet` */

DROP TABLE IF EXISTS `t_po_customerdet`;

CREATE TABLE `t_po_customerdet` (
  `po_customerdet_id` int(11) NOT NULL AUTO_INCREMENT,
  `t_po_customer_id` int(11) DEFAULT NULL,
  `po_customerdet_barang_uraian` text,
  `m_barang_id` int(11) DEFAULT NULL,
  `po_customerdet_qty` decimal(20,2) DEFAULT '0.00',
  `po_customerdet_harga_satuan` decimal(20,2) DEFAULT '0.00',
  `po_customerdet_keterangan` text,
  `po_customerdet_created_date` datetime DEFAULT NULL ON UPDATE CURRENT_TIMESTAMP,
  `po_customerdet_created_by` varchar(255) DEFAULT NULL,
  `po_customerdet_updated_date` datetime DEFAULT NULL ON UPDATE CURRENT_TIMESTAMP,
  `po_customerdet_updated_by` varchar(255) DEFAULT NULL,
  `po_customerdet_revised` int(11) DEFAULT NULL,
  `po_customerdet_status` int(1) DEFAULT '1',
  PRIMARY KEY (`po_customerdet_id`)
) ENGINE=MyISAM AUTO_INCREMENT=42 DEFAULT CHARSET=latin1;

/*Data for the table `t_po_customerdet` */

insert  into `t_po_customerdet`(`po_customerdet_id`,`t_po_customer_id`,`po_customerdet_barang_uraian`,`m_barang_id`,`po_customerdet_qty`,`po_customerdet_harga_satuan`,`po_customerdet_keterangan`,`po_customerdet_created_date`,`po_customerdet_created_by`,`po_customerdet_updated_date`,`po_customerdet_updated_by`,`po_customerdet_revised`,`po_customerdet_status`) values (1,1,NULL,1,10.00,100000.00,'-','2017-03-18 10:59:50','developer','2017-03-18 10:59:50',NULL,0,1),(2,1,NULL,2,20.00,150000.00,'-','2017-03-18 10:59:50','developer','2017-03-18 10:59:50',NULL,0,1),(3,2,NULL,2,20.00,6000.00,'ket','2017-04-12 00:45:50','developer','2017-04-12 00:45:50','developer',1,1),(4,2,NULL,2,10.00,10000.00,'ket','2017-04-12 00:45:51','developer','2017-04-12 00:45:50','developer',1,1),(5,3,NULL,1,1000.00,1000.00,'ket','2017-03-20 09:58:12','developer','2017-03-20 09:58:12',NULL,0,1),(6,3,NULL,7,500.00,2000.00,'ket','2017-03-20 09:58:12','developer','2017-03-20 09:58:12',NULL,0,1),(7,4,NULL,30,120.00,100000.00,'-','2017-03-23 13:24:26','developer','2017-03-23 13:24:26',NULL,0,1),(8,4,NULL,134,100.00,50000.00,'-','2017-03-23 13:24:26','developer','2017-03-23 13:24:26',NULL,0,1),(9,5,NULL,2,60.00,20000.00,'-','2017-03-23 13:51:15','developer','2017-03-23 13:51:15',NULL,0,1),(10,5,NULL,7,70.00,10000.00,'-','2017-03-23 13:51:15','developer','2017-03-23 13:51:15',NULL,0,1),(11,6,NULL,314,10.90,10000.00,'ket','2017-03-29 09:44:57','developer','2017-03-29 09:44:57',NULL,0,1),(12,7,NULL,263,0.00,0.00,'','2017-03-29 09:54:37','developer','2017-03-29 09:54:37',NULL,0,1),(13,8,NULL,5,20.00,1000.00,'ket','2017-04-05 11:03:18','developer','2017-04-05 11:03:17','developer',2,2),(14,9,NULL,411,70.00,1000.00,'','2017-04-11 21:55:09','developer','2017-04-11 21:55:08','developer',2,1),(15,10,NULL,4,50.00,90000.00,'','2017-03-31 10:34:16','developer','2017-03-31 10:34:16',NULL,0,1),(16,10,NULL,7,30.00,100000.00,'','2017-03-31 10:34:16','developer','2017-03-31 10:34:16',NULL,0,1),(17,11,NULL,4,1.00,12.00,'ket','2017-04-03 15:24:48','developer','2017-04-03 15:24:48',NULL,0,1),(18,12,NULL,134,10000.00,2000.00,'pakai faktur pajak','2017-04-05 10:08:50','developer','2017-04-05 10:08:50',NULL,0,1),(19,13,NULL,4,10.00,9927.00,'','2017-04-11 21:55:31','developer','2017-04-11 21:55:30','developer',3,1),(20,13,NULL,2,9.00,1201.00,'','2017-04-11 21:55:31','developer','2017-04-11 21:55:31','developer',3,1),(21,13,NULL,32,8.00,2102.00,'','2017-04-11 21:55:31','developer','2017-04-11 21:55:31','developer',3,1),(22,14,NULL,4,120.00,10.00,'Kilogram','2017-04-12 10:55:35','developer','2017-04-12 10:55:26','developer',3,4),(23,15,NULL,2,10000.00,1233.30,'','2017-04-11 23:32:36','developer','2017-04-11 23:32:36',NULL,0,1),(24,16,NULL,2,100.00,1000.00,'Meter','2017-04-12 11:09:16','developer','2017-04-12 11:09:06','developer',9,5),(25,17,NULL,656,100.00,10000.00,'Meter','2017-04-19 16:53:51','developer','2017-04-19 16:54:07','developer',2,4),(26,18,NULL,2,11.00,1111.00,'Meter','2017-04-13 17:05:44','developer','2017-04-13 17:05:56','developer',2,4),(27,18,NULL,656,10.00,1250.00,'Lembar','2017-04-13 17:05:44','developer','2017-04-13 17:05:56','developer',2,4),(28,19,'Barang ABC',134,100.00,1000.00,'-','2017-04-18 15:31:29','developer','2017-04-18 15:31:28','developer',3,4),(29,19,'Barang BCA',32,200.00,2000.00,'-','2017-04-18 15:31:29','developer','2017-04-18 15:31:28','developer',3,4),(30,20,'coil a b x c x d',NULL,20.00,2000.00,'','2017-04-18 21:08:01','developer','2017-04-18 21:08:01',NULL,0,1),(31,21,'asad',NULL,1231.00,2200.00,'','2017-04-19 09:28:08','developer','2017-04-19 09:28:08',NULL,0,1),(32,22,'coil abcd ',NULL,10.00,2000.00,'','2017-04-19 09:59:54','developer','2017-04-19 09:59:52','developer',2,4),(33,23,'trimdex 123',411,12.00,2000.00,'','2017-04-19 10:05:58','developer','2017-04-19 10:05:56','developer',3,4),(34,24,'coil 123',NULL,120.00,20000.00,'','2017-04-19 09:40:35','developer','2017-04-19 09:40:35',NULL,0,1),(35,25,'barang cus',NULL,100.00,1500.00,'-','2017-04-19 15:09:22','developer','2017-04-19 15:09:38','developer',6,4),(36,25,'barang cus 1',NULL,15.00,5000.00,'-','2017-04-19 15:09:22','developer','2017-04-19 15:09:39','developer',6,4),(37,26,'coil 123',NULL,12.00,2090.00,'','2017-04-20 10:44:46','developer','2017-04-20 10:44:46','developer',2,1),(38,27,NULL,2277,0.00,0.00,'','2017-04-25 11:06:54','developer','2017-04-25 11:06:54',NULL,0,1),(39,28,'barang',NULL,0.00,0.00,'','2017-04-25 11:10:44','developer','2017-04-25 11:10:44',NULL,0,1),(40,29,'a',NULL,0.00,0.00,'','2017-04-25 11:23:55','developer','2017-04-25 11:23:55',NULL,0,1),(41,30,'a',NULL,0.00,0.00,'','2017-04-25 11:27:30','developer','2017-04-25 11:27:30',NULL,0,1);

/*Table structure for table `t_retur_pembelian` */

DROP TABLE IF EXISTS `t_retur_pembelian`;

CREATE TABLE `t_retur_pembelian` (
  `retur_pembelian_id` int(11) NOT NULL AUTO_INCREMENT,
  `retur_pembelian_nomor` varchar(255) DEFAULT NULL,
  `retur_pembelian_tanggal` varchar(255) DEFAULT NULL,
  `m_cabang_id` varchar(255) DEFAULT NULL,
  `t_penerimaan_barang_id` int(11) DEFAULT NULL,
  `retur_pembelian_status` int(255) NOT NULL,
  `retur_pembelian_status_date` datetime DEFAULT NULL ON UPDATE CURRENT_TIMESTAMP,
  `retur_pembelian_printed` int(255) DEFAULT NULL,
  `retur_pembelian_created_date` datetime NOT NULL,
  `retur_pembelian_created_by` varchar(255) NOT NULL,
  `retur_pembelian_update_date` datetime DEFAULT NULL ON UPDATE CURRENT_TIMESTAMP,
  `retur_pembelian_update_by` varchar(0) DEFAULT NULL,
  `retur_pembelian_revised` int(255) DEFAULT NULL,
  PRIMARY KEY (`retur_pembelian_id`)
) ENGINE=MyISAM AUTO_INCREMENT=5 DEFAULT CHARSET=latin1;

/*Data for the table `t_retur_pembelian` */

insert  into `t_retur_pembelian`(`retur_pembelian_id`,`retur_pembelian_nomor`,`retur_pembelian_tanggal`,`m_cabang_id`,`t_penerimaan_barang_id`,`retur_pembelian_status`,`retur_pembelian_status_date`,`retur_pembelian_printed`,`retur_pembelian_created_date`,`retur_pembelian_created_by`,`retur_pembelian_update_date`,`retur_pembelian_update_by`,`retur_pembelian_revised`) values (1,'REPO20170200001','2017-02-27','1',1,4,'2017-02-28 07:00:24',NULL,'2017-02-27 14:47:39','developer','2017-02-28 07:00:24','',2),(2,'REPO20170300001','2017-03-04','1',5,4,'2017-03-04 11:06:15',NULL,'2017-03-04 11:03:31','developer','2017-03-04 11:06:15','',2),(3,'REPO20170300002','2017-03-06','1',1,1,'2017-03-06 14:38:04',NULL,'2017-03-06 14:38:04','developer','2017-03-06 14:38:04',NULL,0),(4,'REPO20170300003','2017-03-08','1',9,3,'2017-03-08 09:08:06',NULL,'2017-03-08 09:07:44','developer','2017-03-08 09:08:06','',2);

/*Table structure for table `t_retur_pembeliandet` */

DROP TABLE IF EXISTS `t_retur_pembeliandet`;

CREATE TABLE `t_retur_pembeliandet` (
  `retur_pembeliandet_id` int(11) NOT NULL AUTO_INCREMENT,
  `t_retur_pembelian_id` int(11) DEFAULT NULL,
  `m_barang_id` int(11) DEFAULT NULL,
  `retur_pembeliandet_qty_terima` int(11) DEFAULT NULL,
  `retur_pembeliandet_qty` int(11) DEFAULT NULL,
  `retur_pembeliandet_keterangan` varchar(255) DEFAULT NULL,
  `retur_pembeliandet_status` int(255) DEFAULT NULL,
  `retur_pembeliandet_status_date` datetime DEFAULT NULL,
  `retur_pembeliandet_created_date` datetime NOT NULL,
  `retur_pembeliandet_created_by` varchar(255) NOT NULL,
  `retur_pembeliandet_update_date` datetime DEFAULT NULL ON UPDATE CURRENT_TIMESTAMP,
  `retur_pembeliandet_update_by` varchar(0) DEFAULT NULL,
  `retur_pembeliandet_revised` int(255) DEFAULT NULL,
  PRIMARY KEY (`retur_pembeliandet_id`)
) ENGINE=MyISAM AUTO_INCREMENT=4 DEFAULT CHARSET=latin1;

/*Data for the table `t_retur_pembeliandet` */

insert  into `t_retur_pembeliandet`(`retur_pembeliandet_id`,`t_retur_pembelian_id`,`m_barang_id`,`retur_pembeliandet_qty_terima`,`retur_pembeliandet_qty`,`retur_pembeliandet_keterangan`,`retur_pembeliandet_status`,`retur_pembeliandet_status_date`,`retur_pembeliandet_created_date`,`retur_pembeliandet_created_by`,`retur_pembeliandet_update_date`,`retur_pembeliandet_update_by`,`retur_pembeliandet_revised`) values (1,1,1,150,20,'Barang rusak',1,'2017-02-27 14:47:39','2017-02-27 14:47:39','developer','2017-02-27 14:47:39',NULL,0),(2,2,1,149,10,'rusak',1,'2017-03-04 11:03:31','2017-03-04 11:03:31','developer','2017-03-04 11:03:31',NULL,0),(3,4,5,7500,7500,'ket',1,'2017-03-08 09:07:44','2017-03-08 09:07:44','developer','2017-03-08 09:07:44',NULL,0);

/*Table structure for table `t_retur_pembelianlog` */

DROP TABLE IF EXISTS `t_retur_pembelianlog`;

CREATE TABLE `t_retur_pembelianlog` (
  `retur_pembelianlog_id` int(11) NOT NULL AUTO_INCREMENT,
  `referensi_id` int(11) DEFAULT NULL,
  `retur_pembelianlog_status_dari` int(11) DEFAULT NULL,
  `retur_pembelianlog_status_ke` int(11) DEFAULT NULL,
  `retur_pembelianlog_status_update_date` datetime DEFAULT NULL ON UPDATE CURRENT_TIMESTAMP,
  `retur_pembelianlog_status_update_by` varchar(255) DEFAULT NULL,
  PRIMARY KEY (`retur_pembelianlog_id`)
) ENGINE=InnoDB AUTO_INCREMENT=9 DEFAULT CHARSET=latin1;

/*Data for the table `t_retur_pembelianlog` */

insert  into `t_retur_pembelianlog`(`retur_pembelianlog_id`,`referensi_id`,`retur_pembelianlog_status_dari`,`retur_pembelianlog_status_ke`,`retur_pembelianlog_status_update_date`,`retur_pembelianlog_status_update_by`) values (1,1,1,2,'2017-02-27 16:32:37','developer'),(2,1,2,3,'2017-02-27 22:52:14','developer'),(3,1,3,4,'2017-02-28 07:00:24','developer'),(4,2,1,2,'2017-03-04 11:04:16','developer'),(5,2,2,3,'2017-03-04 11:04:28','developer'),(6,2,3,4,'2017-03-04 11:06:15','developer'),(7,4,1,2,'2017-03-08 09:08:00','developer'),(8,4,2,3,'2017-03-08 09:08:07','developer');

/*Table structure for table `t_retur_penjualan` */

DROP TABLE IF EXISTS `t_retur_penjualan`;

CREATE TABLE `t_retur_penjualan` (
  `retur_penjualan_id` int(11) NOT NULL AUTO_INCREMENT,
  `m_cabang_id` int(255) DEFAULT NULL,
  `retur_penjualan_nomor` varchar(255) DEFAULT NULL,
  `retur_penjualan_status_pengembalianbarang` int(11) DEFAULT NULL COMMENT '1: ya, 2: tidak',
  `retur_penjualan_tanggal` datetime DEFAULT NULL ON UPDATE CURRENT_TIMESTAMP,
  `t_sj_retur_id` int(11) DEFAULT NULL,
  `retur_penjualan_aksi_bayar` varchar(255) DEFAULT NULL,
  `retur_penjualan_alasan` text,
  `retur_penjualan_status` int(255) DEFAULT NULL COMMENT '{"1": "Draft Permintaan Retur", "2": "Pengecekan Kebijakan", "3": "Otorisasi Manajer", "4":"Retur Diterima", "5": "Retur Ditolak"}',
  `retur_penjualan_created_date` datetime DEFAULT NULL,
  `retur_penjualan_created_by` varchar(255) DEFAULT NULL,
  `retur_penjualan_updated_date` datetime DEFAULT NULL ON UPDATE CURRENT_TIMESTAMP,
  `retur_penjualan_updated_by` varchar(255) DEFAULT NULL,
  `retur_penjualan_revised` int(255) DEFAULT NULL,
  PRIMARY KEY (`retur_penjualan_id`)
) ENGINE=MyISAM AUTO_INCREMENT=2 DEFAULT CHARSET=latin1;

/*Data for the table `t_retur_penjualan` */

insert  into `t_retur_penjualan`(`retur_penjualan_id`,`m_cabang_id`,`retur_penjualan_nomor`,`retur_penjualan_status_pengembalianbarang`,`retur_penjualan_tanggal`,`t_sj_retur_id`,`retur_penjualan_aksi_bayar`,`retur_penjualan_alasan`,`retur_penjualan_status`,`retur_penjualan_created_date`,`retur_penjualan_created_by`,`retur_penjualan_updated_date`,`retur_penjualan_updated_by`,`retur_penjualan_revised`) values (1,1,'RESO20170300001',1,'2017-03-20 09:27:03',1,'-','-',4,'2017-03-20 07:11:39','developer','2017-03-20 09:27:03','developer',5);

/*Table structure for table `t_retur_penjualandet` */

DROP TABLE IF EXISTS `t_retur_penjualandet`;

CREATE TABLE `t_retur_penjualandet` (
  `retur_penjualandet_id` int(11) NOT NULL AUTO_INCREMENT,
  `m_barang_id` int(11) DEFAULT NULL,
  `t_retur_penjualan_id` int(11) DEFAULT NULL,
  `retur_penjualandet_batch_no` varchar(255) DEFAULT NULL,
  `retur_penjualandet_qty` int(11) DEFAULT NULL,
  `retur_penjualandet_created_date` datetime DEFAULT NULL,
  `retur_penjualandet_created_by` varchar(255) DEFAULT NULL,
  `retur_penjualandet_updated_date` datetime DEFAULT NULL ON UPDATE CURRENT_TIMESTAMP,
  `retur_penjualandet_updated_by` varchar(255) DEFAULT NULL,
  `retur_penjualandet_revised` int(255) DEFAULT NULL,
  PRIMARY KEY (`retur_penjualandet_id`)
) ENGINE=MyISAM AUTO_INCREMENT=2 DEFAULT CHARSET=latin1;

/*Data for the table `t_retur_penjualandet` */

insert  into `t_retur_penjualandet`(`retur_penjualandet_id`,`m_barang_id`,`t_retur_penjualan_id`,`retur_penjualandet_batch_no`,`retur_penjualandet_qty`,`retur_penjualandet_created_date`,`retur_penjualandet_created_by`,`retur_penjualandet_updated_date`,`retur_penjualandet_updated_by`,`retur_penjualandet_revised`) values (1,2,1,'12345',20,'2017-03-20 07:11:39','developer','2017-03-20 07:11:39',NULL,0);

/*Table structure for table `t_saldo_bankkas` */

DROP TABLE IF EXISTS `t_saldo_bankkas`;

CREATE TABLE `t_saldo_bankkas` (
  `saldo_bankkas_id` int(11) NOT NULL AUTO_INCREMENT,
  `saldo_bankkas_tipe` int(11) NOT NULL COMMENT '1 Bank, 2 Kas',
  `saldo_bankkas_refrensi_id` int(11) NOT NULL,
  `saldo_bankkas_nominal` decimal(20,2) NOT NULL DEFAULT '0.00',
  `saldo_bankkas_created_date` datetime NOT NULL,
  `saldo_bankkas_created_by` varchar(255) NOT NULL,
  `saldo_bankkas_updated_date` datetime DEFAULT NULL,
  `saldo_bankkas_updated_by` varchar(255) DEFAULT NULL,
  `saldo_bankkas_revised` int(11) DEFAULT '0',
  PRIMARY KEY (`saldo_bankkas_id`)
) ENGINE=InnoDB AUTO_INCREMENT=6 DEFAULT CHARSET=utf8;

/*Data for the table `t_saldo_bankkas` */

insert  into `t_saldo_bankkas`(`saldo_bankkas_id`,`saldo_bankkas_tipe`,`saldo_bankkas_refrensi_id`,`saldo_bankkas_nominal`,`saldo_bankkas_created_date`,`saldo_bankkas_created_by`,`saldo_bankkas_updated_date`,`saldo_bankkas_updated_by`,`saldo_bankkas_revised`) values (1,1,1,-4690000.00,'2017-04-18 10:45:32','developer','2017-04-18 10:45:32',NULL,0),(2,1,3,1600000.00,'2017-04-18 10:53:52','developer','2017-04-18 10:53:52',NULL,0),(3,2,1,990000.00,'2017-04-18 11:04:34','developer','2017-04-18 11:04:34',NULL,0),(4,2,2,590000.00,'2017-04-18 13:02:33','developer','2017-04-18 13:02:33',NULL,0),(5,1,4,1000000.00,'2017-04-18 14:50:44','developer','2017-04-18 14:50:44',NULL,0);

/*Table structure for table `t_serah_terima` */

DROP TABLE IF EXISTS `t_serah_terima`;

CREATE TABLE `t_serah_terima` (
  `serah_terima_id` int(11) NOT NULL AUTO_INCREMENT,
  `serah_terima_nomor` varchar(255) DEFAULT NULL,
  `t_pengubahan_bahan_id` int(11) DEFAULT NULL,
  `serah_terima_daribagian` varchar(255) DEFAULT NULL,
  `serah_terima_darishift` varchar(255) DEFAULT NULL,
  `serah_terima_kebagian` varchar(255) DEFAULT NULL,
  `serah_terima_keshift` varchar(255) DEFAULT NULL,
  `serah_terima_status` int(255) DEFAULT NULL,
  `serah_terima_created_date` datetime DEFAULT NULL ON UPDATE CURRENT_TIMESTAMP,
  `serah_terima_created_by` varchar(255) DEFAULT NULL,
  `serah_terima_update_date` datetime DEFAULT NULL ON UPDATE CURRENT_TIMESTAMP,
  `serah_terima_update_by` varchar(255) DEFAULT NULL,
  `serah_terima_revised` int(255) DEFAULT NULL,
  `m_cabang_id` int(11) DEFAULT NULL,
  PRIMARY KEY (`serah_terima_id`)
) ENGINE=MyISAM AUTO_INCREMENT=7 DEFAULT CHARSET=latin1;

/*Data for the table `t_serah_terima` */

insert  into `t_serah_terima`(`serah_terima_id`,`serah_terima_nomor`,`t_pengubahan_bahan_id`,`serah_terima_daribagian`,`serah_terima_darishift`,`serah_terima_kebagian`,`serah_terima_keshift`,`serah_terima_status`,`serah_terima_created_date`,`serah_terima_created_by`,`serah_terima_update_date`,`serah_terima_update_by`,`serah_terima_revised`,`m_cabang_id`) values (3,'ST20170300001',NULL,'1','1','4','2',2,'2017-03-07 15:51:42','developer','2017-03-07 15:51:37','developer',7,1),(6,'ST20170300001',5,'1','1','4','1',1,'2017-03-11 11:07:45','developer','2017-03-11 11:07:45',NULL,0,1);

/*Table structure for table `t_serah_terimadet` */

DROP TABLE IF EXISTS `t_serah_terimadet`;

CREATE TABLE `t_serah_terimadet` (
  `serah_terimadet_id` int(11) NOT NULL AUTO_INCREMENT,
  `t_serah_terima_id` int(11) DEFAULT NULL,
  `serah_terimadet_keterangan` varchar(255) DEFAULT NULL,
  `t_pengubahan_bahan_akhir_id` int(11) DEFAULT NULL,
  PRIMARY KEY (`serah_terimadet_id`)
) ENGINE=MyISAM AUTO_INCREMENT=7 DEFAULT CHARSET=latin1;

/*Data for the table `t_serah_terimadet` */

insert  into `t_serah_terimadet`(`serah_terimadet_id`,`t_serah_terima_id`,`serah_terimadet_keterangan`,`t_pengubahan_bahan_akhir_id`) values (3,3,'Barang ...',3),(6,6,'-',2);

/*Table structure for table `t_serah_terimalog` */

DROP TABLE IF EXISTS `t_serah_terimalog`;

CREATE TABLE `t_serah_terimalog` (
  `serah_terimalog_id` int(11) NOT NULL AUTO_INCREMENT,
  `referensi_id` int(11) DEFAULT NULL,
  `serah_terimalog_status_dari` int(11) DEFAULT NULL,
  `serah_terimalog_status_ke` int(11) DEFAULT NULL,
  `serah_terimalog_status_update_date` datetime DEFAULT NULL,
  `serah_terimalog_status_update_by` varchar(255) DEFAULT NULL,
  PRIMARY KEY (`serah_terimalog_id`)
) ENGINE=MyISAM AUTO_INCREMENT=2 DEFAULT CHARSET=latin1;

/*Data for the table `t_serah_terimalog` */

insert  into `t_serah_terimalog`(`serah_terimalog_id`,`referensi_id`,`serah_terimalog_status_dari`,`serah_terimalog_status_ke`,`serah_terimalog_status_update_date`,`serah_terimalog_status_update_by`) values (1,3,1,2,'2017-03-07 15:51:37','developer');

/*Table structure for table `t_sj_customer` */

DROP TABLE IF EXISTS `t_sj_customer`;

CREATE TABLE `t_sj_customer` (
  `sj_customer_id` int(11) NOT NULL AUTO_INCREMENT,
  `m_cabang_id` int(11) DEFAULT NULL,
  `sj_customer_nomor` varchar(255) DEFAULT NULL,
  `sj_customer_date` datetime DEFAULT NULL ON UPDATE CURRENT_TIMESTAMP,
  `m_karyawan_id` int(11) DEFAULT NULL COMMENT 'option m_karyawan, where type karyawan = sales',
  `t_so_customer_id` int(11) DEFAULT NULL,
  `sj_customer_keterangan` text,
  `sj_customer_printed` int(255) DEFAULT NULL,
  `sj_customer_created_date` datetime DEFAULT NULL ON UPDATE CURRENT_TIMESTAMP,
  `sj_customer_created_by` varchar(255) DEFAULT NULL,
  `sj_customer_updated_date` datetime DEFAULT NULL ON UPDATE CURRENT_TIMESTAMP,
  `sj_customer_updated_by` varchar(255) DEFAULT NULL,
  `sj_customer_revised` int(255) DEFAULT NULL,
  PRIMARY KEY (`sj_customer_id`)
) ENGINE=MyISAM DEFAULT CHARSET=latin1;

/*Data for the table `t_sj_customer` */

/*Table structure for table `t_sj_retur` */

DROP TABLE IF EXISTS `t_sj_retur`;

CREATE TABLE `t_sj_retur` (
  `sj_retur_id` int(11) NOT NULL AUTO_INCREMENT,
  `sj_retur_nomor` varchar(255) DEFAULT NULL,
  `m_cabang_id` int(11) DEFAULT NULL,
  `sj_retur_tanggal` datetime DEFAULT NULL,
  `t_faktur_penjualan_id` int(11) DEFAULT NULL,
  `sj_retur_alasan` text,
  `sj_retur_catatan` text,
  `sj_retur_created_date` datetime DEFAULT NULL,
  `sj_retur_created_by` varchar(255) DEFAULT NULL,
  `sj_retur_updated_date` datetime DEFAULT NULL ON UPDATE CURRENT_TIMESTAMP,
  `sj_retur_updated_by` varchar(255) DEFAULT NULL,
  `sj_retur_revised` int(255) DEFAULT NULL,
  PRIMARY KEY (`sj_retur_id`)
) ENGINE=MyISAM AUTO_INCREMENT=3 DEFAULT CHARSET=latin1;

/*Data for the table `t_sj_retur` */

insert  into `t_sj_retur`(`sj_retur_id`,`sj_retur_nomor`,`m_cabang_id`,`sj_retur_tanggal`,`t_faktur_penjualan_id`,`sj_retur_alasan`,`sj_retur_catatan`,`sj_retur_created_date`,`sj_retur_created_by`,`sj_retur_updated_date`,`sj_retur_updated_by`,`sj_retur_revised`) values (1,'SJR20170300001',1,'2017-03-20 00:00:00',1,'Barang Jelek','-','2017-03-20 01:18:47','developer','2017-03-20 01:18:47',NULL,0),(2,'SJR20170300002',1,'2017-03-20 00:00:00',1,'','','2017-03-20 12:18:12','developer','2017-03-20 12:18:12',NULL,0);

/*Table structure for table `t_sj_returdet` */

DROP TABLE IF EXISTS `t_sj_returdet`;

CREATE TABLE `t_sj_returdet` (
  `sj_returdet_id` int(11) NOT NULL AUTO_INCREMENT,
  `t_sj_retur_id` int(11) DEFAULT NULL,
  `t_po_customerdet_id` int(11) DEFAULT NULL,
  `m_barang_id` int(11) DEFAULT NULL,
  `sj_returdet_qty` int(11) DEFAULT NULL,
  `sj_returdet_qty_retur` int(11) DEFAULT NULL,
  `sj_returdet_created_date` datetime DEFAULT NULL,
  `sj_returdet_created_by` varchar(255) DEFAULT NULL,
  `sj_returdet_updated_date` datetime DEFAULT NULL ON UPDATE CURRENT_TIMESTAMP,
  `sj_returdet_updated_by` varchar(255) DEFAULT NULL,
  `sj_returdet_revised` int(255) DEFAULT NULL,
  PRIMARY KEY (`sj_returdet_id`)
) ENGINE=MyISAM AUTO_INCREMENT=4 DEFAULT CHARSET=latin1;

/*Data for the table `t_sj_returdet` */

insert  into `t_sj_returdet`(`sj_returdet_id`,`t_sj_retur_id`,`t_po_customerdet_id`,`m_barang_id`,`sj_returdet_qty`,`sj_returdet_qty_retur`,`sj_returdet_created_date`,`sj_returdet_created_by`,`sj_returdet_updated_date`,`sj_returdet_updated_by`,`sj_returdet_revised`) values (1,1,2,2,20,20,'2017-03-20 01:18:48','developer','2017-03-20 02:57:29',NULL,0),(2,2,1,1,10,5,'2017-03-20 12:18:12','developer','2017-03-20 12:18:12',NULL,0),(3,2,2,2,20,8,'2017-03-20 12:18:12','developer','2017-03-20 12:18:12',NULL,0);

/*Table structure for table `t_so_customer` */

DROP TABLE IF EXISTS `t_so_customer`;

CREATE TABLE `t_so_customer` (
  `so_customer_id` int(11) NOT NULL AUTO_INCREMENT,
  `m_cabang_id` int(11) DEFAULT NULL,
  `so_customer_nomor` varchar(255) DEFAULT NULL,
  `so_customer_tanggal` datetime DEFAULT NULL ON UPDATE CURRENT_TIMESTAMP,
  `t_po_customer_id` int(11) DEFAULT NULL,
  `so_customer_catatan` text,
  `so_customer_status` int(255) DEFAULT NULL COMMENT '{"1": "SO Baru", "2": "Diacc Manajer",  "3": "Terbit SJ",  "4": "SO Tidak Diacc"}',
  `so_customer_printed` int(11) DEFAULT NULL,
  `so_customer_created_date` datetime DEFAULT NULL,
  `so_customer_created_by` varchar(255) DEFAULT NULL,
  `so_customer_updated_date` datetime DEFAULT NULL ON UPDATE CURRENT_TIMESTAMP,
  `so_customer_updated_by` varchar(255) DEFAULT NULL,
  `so_customer_revised` int(11) DEFAULT NULL,
  `so_customer_nama_cetak` varchar(255) DEFAULT NULL,
  PRIMARY KEY (`so_customer_id`)
) ENGINE=MyISAM AUTO_INCREMENT=13 DEFAULT CHARSET=latin1;

/*Data for the table `t_so_customer` */

insert  into `t_so_customer`(`so_customer_id`,`m_cabang_id`,`so_customer_nomor`,`so_customer_tanggal`,`t_po_customer_id`,`so_customer_catatan`,`so_customer_status`,`so_customer_printed`,`so_customer_created_date`,`so_customer_created_by`,`so_customer_updated_date`,`so_customer_updated_by`,`so_customer_revised`,`so_customer_nama_cetak`) values (1,1,'SO20170300001','2017-03-19 21:10:39',1,NULL,5,NULL,'2017-03-18 15:06:49','developer','2017-03-19 21:10:39','developer',2,NULL),(2,1,'SO20170300002','2017-03-20 11:35:46',3,'catatan',3,NULL,'2017-03-20 10:52:37','developer','2017-03-20 11:35:46','developer',1,NULL),(3,1,'SO20170300003','2017-03-29 10:42:24',2,'-',3,NULL,'2017-03-21 15:29:36','developer','2017-03-29 10:42:24','developer',1,NULL),(4,1,'SO20170300004','2017-03-23 16:48:35',4,'-',3,NULL,'2017-03-23 13:38:47','developer','2017-03-23 16:48:35','developer',1,'cust 1'),(5,1,'SO20170300005','2017-03-30 14:17:32',5,'-',3,NULL,'2017-03-23 13:53:55','developer','2017-03-30 14:17:32','developer',1,'cust 1'),(6,1,'SO20170300006','2017-03-29 10:42:24',8,'',3,NULL,'2017-03-29 10:18:43','developer','2017-03-29 10:42:24','developer',1,NULL),(7,1,'SO20170400001','2017-04-05 11:01:03',8,'',3,NULL,'2017-04-03 15:26:03','developer','2017-04-05 11:01:03','developer',1,'alfa'),(8,1,'SO20170400002','2017-04-12 11:45:37',12,'',2,NULL,'2017-04-05 10:33:25','developer','2017-04-12 11:45:28','developer',1,'cust 1'),(9,1,'SO20170400003','2017-04-05 10:51:16',12,'',4,NULL,'2017-04-05 10:33:33','developer','2017-04-05 10:51:16','developer',2,'cust 1'),(10,1,'SO20170400004','2017-04-12 11:09:16',16,'',3,NULL,'2017-04-12 11:03:29','developer','2017-04-12 11:09:16','developer',1,'cust 1'),(11,1,'SO20170400005','2017-04-12 11:50:27',17,'',2,NULL,'2017-04-12 11:50:00','developer','2017-04-12 11:50:18','developer',1,'jasaweb 1'),(12,1,'SO20170400006','2017-04-18 00:00:00',19,'',1,NULL,'2017-04-18 15:31:28','developer','2017-04-18 15:31:28',NULL,0,'cust 1');

/*Table structure for table `t_stok_gudang` */

DROP TABLE IF EXISTS `t_stok_gudang`;

CREATE TABLE `t_stok_gudang` (
  `stok_gudang_id` int(11) NOT NULL AUTO_INCREMENT,
  `m_gudang_id` int(11) DEFAULT NULL,
  `m_barang_id` int(11) DEFAULT NULL,
  `stok_gudang_no_seri` text,
  `stok_gudang_berat_barang` decimal(20,2) DEFAULT NULL,
  `stok_gudang_jumlah` int(20) DEFAULT NULL,
  `stok_gudang_created_date` varchar(255) DEFAULT NULL,
  `stok_gudang_created_by` varchar(255) DEFAULT NULL,
  `stok_gudang_update_date` datetime DEFAULT NULL ON UPDATE CURRENT_TIMESTAMP,
  `stok_gudang_update_by` varchar(255) DEFAULT NULL,
  `stok_gudang_revised` int(11) DEFAULT NULL,
  PRIMARY KEY (`stok_gudang_id`),
  KEY `stok_gudang` (`m_gudang_id`),
  KEY `stok_barang` (`m_barang_id`)
) ENGINE=InnoDB AUTO_INCREMENT=7 DEFAULT CHARSET=latin1;

/*Data for the table `t_stok_gudang` */

insert  into `t_stok_gudang`(`stok_gudang_id`,`m_gudang_id`,`m_barang_id`,`stok_gudang_no_seri`,`stok_gudang_berat_barang`,`stok_gudang_jumlah`,`stok_gudang_created_date`,`stok_gudang_created_by`,`stok_gudang_update_date`,`stok_gudang_update_by`,`stok_gudang_revised`) values (1,1,1,'',NULL,0,'2017-05-03 22:59:11','developer','2017-05-10 04:16:21',NULL,0),(2,1,2,'',NULL,-2,'2017-05-03 13:23:07','developer','2017-05-10 11:16:18',NULL,0),(3,1,3,'',NULL,3,'2017-05-03 13:23:07','developer','2017-05-10 11:17:03',NULL,0),(4,1,4,'',NULL,4,'2017-05-03 22:59:11','developer','2017-05-10 05:11:53',NULL,0),(5,1,1121,'',NULL,2,'2017-05-11 04:54:12','developer',NULL,NULL,0),(6,1,895,'',NULL,1,'2017-05-11 04:54:12','developer',NULL,NULL,0);

/*Table structure for table `t_surat_jalan` */

DROP TABLE IF EXISTS `t_surat_jalan`;

CREATE TABLE `t_surat_jalan` (
  `surat_jalan_id` int(11) NOT NULL AUTO_INCREMENT,
  `surat_jalan_nomor` varchar(255) DEFAULT NULL,
  `m_cabang_id` int(11) DEFAULT NULL,
  `surat_jalan_jenis` tinyint(1) DEFAULT NULL COMMENT '0 Sj Retur, 1 Sj Wo',
  `surat_jalan_tanggal` datetime DEFAULT NULL,
  `surat_jalan_tanggal_kirim` datetime DEFAULT NULL,
  `surat_jalan_ekspedisi` varchar(255) DEFAULT NULL,
  `t_nota_debet_id` int(11) DEFAULT NULL,
  `m_partner_id` int(11) DEFAULT NULL,
  `t_order_id` int(11) DEFAULT NULL,
  `t_so_customer_id` varchar(255) DEFAULT NULL,
  `surat_jalan_status` int(11) DEFAULT NULL,
  `surat_jalan_status_date` datetime DEFAULT NULL,
  `surat_jalan_created_date` datetime DEFAULT NULL,
  `surat_jalan_created_by` varchar(255) DEFAULT NULL,
  `surat_jalan_update_date` datetime DEFAULT NULL,
  `surat_jalan_update_by` varchar(255) DEFAULT NULL,
  `surat_jalan_revised` int(11) DEFAULT NULL,
  PRIMARY KEY (`surat_jalan_id`)
) ENGINE=InnoDB AUTO_INCREMENT=23 DEFAULT CHARSET=latin1;

/*Data for the table `t_surat_jalan` */

insert  into `t_surat_jalan`(`surat_jalan_id`,`surat_jalan_nomor`,`m_cabang_id`,`surat_jalan_jenis`,`surat_jalan_tanggal`,`surat_jalan_tanggal_kirim`,`surat_jalan_ekspedisi`,`t_nota_debet_id`,`m_partner_id`,`t_order_id`,`t_so_customer_id`,`surat_jalan_status`,`surat_jalan_status_date`,`surat_jalan_created_date`,`surat_jalan_created_by`,`surat_jalan_update_date`,`surat_jalan_update_by`,`surat_jalan_revised`) values (8,'SJ20170300001',1,0,'2017-03-01 00:00:00','2017-03-03 00:00:00','ekspedisi 1',1,2,NULL,NULL,1,'2017-03-01 14:25:51','2017-03-01 14:25:51','developer','2017-03-01 14:25:51',NULL,0),(9,'SJ20170300002',1,3,'2017-03-19 00:00:00','2017-03-19 00:00:00','Truk',NULL,1,NULL,'1',2,'2017-03-19 17:56:03','2017-03-19 17:56:03','developer','2017-03-23 11:11:31','developer',1),(11,'SJ20170300003',1,3,'2017-03-20 00:00:00','2017-03-30 00:00:00','abc',NULL,1,NULL,'2',1,'2017-03-20 11:35:31','2017-03-20 11:35:31','developer','2017-03-20 11:35:31',NULL,0),(12,'SJ20170300004',1,3,'2017-03-23 00:00:00','2017-03-24 00:00:00','ekspedisi 1',NULL,1,NULL,'0',1,'2017-03-23 16:48:32','2017-03-23 16:48:32','developer','2017-03-23 16:48:32',NULL,0),(13,'SJ20170300005',1,3,'2017-03-29 00:00:00','2017-03-29 00:00:00','express',NULL,7,NULL,'[\"3\",\"6\"]',1,'2017-03-29 10:42:17','2017-03-29 10:42:17','developer','2017-03-29 10:42:17',NULL,0),(14,'SJ20170300005',1,3,'2017-03-29 00:00:00','2017-03-29 00:00:00','express',NULL,7,NULL,'[\"3\",\"6\"]',2,'2017-03-29 10:42:17','2017-03-29 10:42:17','developer','2017-03-30 11:01:24','developer',1),(15,'SJ20170300006',1,3,'2017-03-30 00:00:00','2017-03-31 00:00:00','Ekspedisi 1',NULL,1,NULL,'[\"5\"]',2,'2017-03-30 14:17:30','2017-03-30 14:17:30','developer','2017-03-30 15:50:22','developer',1),(16,'SJ20170400001',1,0,'2017-04-03 00:00:00','2017-04-04 00:00:00','kirim sendiri',3,2,NULL,NULL,1,'2017-04-03 14:55:01','2017-04-03 14:55:01','developer','2017-04-03 14:55:01',NULL,0),(17,'SJ20170400002',1,3,'2017-04-05 00:00:00','2017-04-05 00:00:00','expedisi',NULL,7,NULL,'[\"7\"]',2,'2017-04-05 10:58:34','2017-04-05 10:58:34','developer','2017-04-05 11:27:10','developer',1),(18,'SJ20170400003',1,3,'2017-04-05 00:00:00','2017-04-05 00:00:00','expedisi',NULL,7,NULL,'[\"7\"]',1,'2017-04-05 11:03:08','2017-04-05 11:03:08','developer','2017-04-05 11:03:08',NULL,0),(19,'SJSO20170400002',1,3,'2017-04-12 00:00:00','2017-04-12 00:00:00','ekspedisi a',NULL,1,NULL,'[\"10\"]',2,'2017-04-12 11:09:06','2017-04-12 11:09:06','developer','2017-04-12 11:30:40','developer',1),(20,'SJSO20170400003',1,3,'2017-04-12 00:00:00','2017-04-12 00:00:00','ekspedisi abcd',NULL,10,NULL,'[\"11\"]',2,'2017-04-12 11:52:05','2017-04-12 11:52:05','developer','2017-04-12 11:52:47','developer',1),(21,'SJ20170400004',1,0,'2017-04-13 00:00:00','2017-04-16 00:00:00','PT MUS',3,2,NULL,NULL,1,'2017-04-13 15:03:30','2017-04-13 15:03:30','developer','2017-04-13 15:03:30',NULL,0),(22,'SJ20170400005',1,0,'2017-04-25 00:00:00','2017-04-25 00:00:00','1',1,2,NULL,NULL,1,'2017-04-25 14:33:11','2017-04-25 14:33:11','developer','2017-04-25 14:33:11',NULL,0);

/*Table structure for table `t_surat_jalan_contoh` */

DROP TABLE IF EXISTS `t_surat_jalan_contoh`;

CREATE TABLE `t_surat_jalan_contoh` (
  `surat_jalan_contoh_id` int(11) NOT NULL AUTO_INCREMENT,
  `surat_jalan_contoh_nomor` varchar(255) DEFAULT NULL,
  `m_cabang_id` int(11) DEFAULT NULL,
  `surat_jalan_contoh_tanggal` datetime DEFAULT NULL,
  `surat_jalan_contoh_tanggal_kirim` datetime DEFAULT NULL,
  `surat_jalan_contoh_ekspedisi` varchar(255) DEFAULT NULL,
  `m_partner_id` int(11) DEFAULT NULL,
  `surat_jalan_contoh_status` int(11) DEFAULT NULL,
  `surat_jalan_contoh_status_date` datetime DEFAULT NULL,
  `surat_jalan_contoh_created_date` datetime DEFAULT NULL,
  `surat_jalan_contoh_created_by` varchar(255) DEFAULT NULL,
  `surat_jalan_contoh_update_date` datetime DEFAULT NULL,
  `surat_jalan_contoh_update_by` varchar(255) DEFAULT NULL,
  `surat_jalan_contoh_revised` int(11) DEFAULT NULL,
  PRIMARY KEY (`surat_jalan_contoh_id`)
) ENGINE=InnoDB DEFAULT CHARSET=latin1;

/*Data for the table `t_surat_jalan_contoh` */

/*Table structure for table `t_surat_jalan_contohdet` */

DROP TABLE IF EXISTS `t_surat_jalan_contohdet`;

CREATE TABLE `t_surat_jalan_contohdet` (
  `surat_jalan_contohdet_id` int(11) NOT NULL AUTO_INCREMENT,
  `t_surat_jalan_contoh_id` int(11) DEFAULT NULL,
  `m_barang_id` int(11) DEFAULT NULL,
  `surat_jalan_contohdet_qty_kirim` decimal(20,2) DEFAULT '0.00',
  `surat_jalan_contohdet_created_date` datetime DEFAULT NULL,
  `surat_jalan_contohdet_created_by` varchar(255) DEFAULT NULL,
  `surat_jalan_contohdet_update_date` datetime DEFAULT NULL,
  `surat_jalan_contohdet_update_by` varchar(255) DEFAULT NULL,
  `surat_jalan_contohdet_revised` int(11) DEFAULT NULL,
  PRIMARY KEY (`surat_jalan_contohdet_id`)
) ENGINE=MyISAM DEFAULT CHARSET=latin1;

/*Data for the table `t_surat_jalan_contohdet` */

/*Table structure for table `t_surat_jalandet` */

DROP TABLE IF EXISTS `t_surat_jalandet`;

CREATE TABLE `t_surat_jalandet` (
  `surat_jalandet_id` int(11) NOT NULL AUTO_INCREMENT,
  `t_surat_jalan_id` int(11) DEFAULT NULL,
  `t_po_customerdet_id` int(11) DEFAULT NULL,
  `surat_jalandet_qty_kirim` decimal(20,2) DEFAULT '0.00',
  `surat_jalandet_created_date` datetime DEFAULT NULL,
  `surat_jalandet_created_by` varchar(255) DEFAULT NULL,
  `surat_jalandet_update_date` datetime DEFAULT NULL,
  `surat_jalandet_update_by` varchar(255) DEFAULT NULL,
  `surat_jalandet_revised` int(11) DEFAULT NULL,
  PRIMARY KEY (`surat_jalandet_id`)
) ENGINE=MyISAM AUTO_INCREMENT=5 DEFAULT CHARSET=latin1;

/*Data for the table `t_surat_jalandet` */

insert  into `t_surat_jalandet`(`surat_jalandet_id`,`t_surat_jalan_id`,`t_po_customerdet_id`,`surat_jalandet_qty_kirim`,`surat_jalandet_created_date`,`surat_jalandet_created_by`,`surat_jalandet_update_date`,`surat_jalandet_update_by`,`surat_jalandet_revised`) values (1,17,13,20.00,'2017-04-05 10:58:41','developer',NULL,NULL,0),(2,18,13,20.00,'2017-04-05 11:03:15','developer',NULL,NULL,0),(3,19,24,100.00,'2017-04-12 11:09:06','developer',NULL,NULL,0),(4,20,25,20.00,'2017-04-12 11:52:06','developer',NULL,NULL,0);

/*Table structure for table `t_tanda_terima` */

DROP TABLE IF EXISTS `t_tanda_terima`;

CREATE TABLE `t_tanda_terima` (
  `tanda_terima_id` int(11) NOT NULL,
  `tanda_terima_nomor` varchar(255) DEFAULT NULL,
  `tanda_terimat_tanggal` datetime DEFAULT NULL,
  `tanda_terima_pengirim` varchar(255) DEFAULT NULL,
  `tanda_terima_keterangan` varchar(255) DEFAULT NULL,
  `tanda_terima_tanggal_kembali` datetime DEFAULT NULL,
  `tanda_terima_metode` varchar(255) DEFAULT NULL,
  `tanda_terima_nota` varchar(255) DEFAULT NULL,
  `tanda_terima_hari_penukaran` varchar(255) DEFAULT NULL,
  `tanda_terima_jam_penukaran` varchar(255) DEFAULT NULL,
  `tanda_terima_catatan` varchar(255) DEFAULT NULL,
  `tanda_terima_penerima` varchar(255) DEFAULT NULL,
  `tanda_terima_status` int(255) NOT NULL,
  `tanda_terima_status_date` datetime DEFAULT NULL ON UPDATE CURRENT_TIMESTAMP,
  `tanda_terima_printed` int(255) DEFAULT NULL,
  `tanda_terima_created_date` datetime NOT NULL,
  `tanda_terima_created_by` varchar(255) NOT NULL,
  `tanda_terima_update_date` datetime DEFAULT NULL ON UPDATE CURRENT_TIMESTAMP,
  `tanda_terima_update_by` varchar(0) DEFAULT NULL,
  `tanda_terima_revised` int(255) DEFAULT NULL,
  PRIMARY KEY (`tanda_terima_id`)
) ENGINE=MyISAM DEFAULT CHARSET=latin1;

/*Data for the table `t_tanda_terima` */

/*Table structure for table `t_tanda_terimadet` */

DROP TABLE IF EXISTS `t_tanda_terimadet`;

CREATE TABLE `t_tanda_terimadet` (
  `tanda_terimadet_id` int(11) NOT NULL AUTO_INCREMENT,
  `t_tanda_terima_id` int(11) DEFAULT NULL,
  `tanda_terimadet_no_kuitansi` varchar(255) DEFAULT NULL,
  `tanda_terimadet_no_invoice` varchar(255) DEFAULT NULL,
  `tanda_terimadet_no_faktur_pajak` varchar(255) DEFAULT NULL,
  `tanda_terimadet_nominal` int(11) DEFAULT NULL,
  `tanda_terimadet_create_date` datetime DEFAULT NULL,
  `tanda_terimadet_created_date` datetime NOT NULL,
  `tanda_terimadet_created_by` varchar(255) NOT NULL,
  `tanda_terimadet_update_date` datetime DEFAULT NULL ON UPDATE CURRENT_TIMESTAMP,
  `tanda_terimadet_update_by` varchar(0) DEFAULT NULL,
  `tanda_terimadet_revised` int(255) DEFAULT NULL,
  PRIMARY KEY (`tanda_terimadet_id`)
) ENGINE=MyISAM DEFAULT CHARSET=latin1;

/*Data for the table `t_tanda_terimadet` */

/*Table structure for table `t_transfer_gudang` */

DROP TABLE IF EXISTS `t_transfer_gudang`;

CREATE TABLE `t_transfer_gudang` (
  `transfer_gudang_id` int(11) NOT NULL AUTO_INCREMENT,
  `transfer_gudang_nomor` varchar(255) DEFAULT NULL,
  `m_gudang_id_awal` int(11) DEFAULT NULL,
  `m_gudang_id_akhir` int(11) DEFAULT NULL,
  `m_cabang_id_awal` int(11) DEFAULT NULL,
  `m_cabang_id_akhir` int(11) DEFAULT NULL,
  `transfer_gudang_status` int(11) DEFAULT NULL,
  `transfer_gudang_created_date` datetime DEFAULT NULL,
  `transfer_gudang_created_by` varchar(255) DEFAULT NULL,
  `transfer_gudang_approved_by` int(11) DEFAULT NULL,
  `transfer_gudang_update_date` datetime DEFAULT NULL,
  `transfer_gudang_update_by` varchar(255) DEFAULT NULL,
  `transfer_gudang_revised` int(11) DEFAULT NULL,
  `transfer_gudang_tanggal` datetime DEFAULT NULL,
  `transfer_gudang_tanggal_terima` datetime DEFAULT NULL,
  PRIMARY KEY (`transfer_gudang_id`)
) ENGINE=MyISAM AUTO_INCREMENT=2 DEFAULT CHARSET=latin1;

/*Data for the table `t_transfer_gudang` */

insert  into `t_transfer_gudang`(`transfer_gudang_id`,`transfer_gudang_nomor`,`m_gudang_id_awal`,`m_gudang_id_akhir`,`m_cabang_id_awal`,`m_cabang_id_akhir`,`transfer_gudang_status`,`transfer_gudang_created_date`,`transfer_gudang_created_by`,`transfer_gudang_approved_by`,`transfer_gudang_update_date`,`transfer_gudang_update_by`,`transfer_gudang_revised`,`transfer_gudang_tanggal`,`transfer_gudang_tanggal_terima`) values (1,'SJT20170400001',4,2,1,2,1,'2017-04-11 15:06:57','developer',NULL,'2017-04-11 15:06:57',NULL,0,'2017-04-11 15:14:32',NULL);

/*Table structure for table `t_transfer_gudangdet` */

DROP TABLE IF EXISTS `t_transfer_gudangdet`;

CREATE TABLE `t_transfer_gudangdet` (
  `transfer_gudangdet_id` int(11) NOT NULL AUTO_INCREMENT,
  `t_transfer_gudang_id` int(11) DEFAULT NULL,
  `m_barang_id` int(11) DEFAULT NULL,
  `transfer_gudangdet_qty` double(20,2) DEFAULT '0.00',
  `transfer_gudangdet_status` int(11) DEFAULT NULL,
  `transfer_gudangdet_created_date` datetime DEFAULT NULL,
  `transfer_gudangdet_created_by` varchar(255) DEFAULT NULL,
  `transfer_gudangdet_update_date` datetime DEFAULT NULL,
  `transfer_gudangdet_update_by` varchar(255) DEFAULT NULL,
  `transfer_gudangdet_revised` int(11) DEFAULT NULL,
  `transfer_gudangdet_qty_gudang_awal` double(20,2) DEFAULT '0.00',
  PRIMARY KEY (`transfer_gudangdet_id`)
) ENGINE=MyISAM AUTO_INCREMENT=2 DEFAULT CHARSET=latin1;

/*Data for the table `t_transfer_gudangdet` */

insert  into `t_transfer_gudangdet`(`transfer_gudangdet_id`,`t_transfer_gudang_id`,`m_barang_id`,`transfer_gudangdet_qty`,`transfer_gudangdet_status`,`transfer_gudangdet_created_date`,`transfer_gudangdet_created_by`,`transfer_gudangdet_update_date`,`transfer_gudangdet_update_by`,`transfer_gudangdet_revised`,`transfer_gudangdet_qty_gudang_awal`) values (1,1,5,10.00,1,'2017-04-11 15:06:57','developer','2017-04-11 15:06:57',NULL,0,0.00);

/*Table structure for table `tb_booking` */

DROP TABLE IF EXISTS `tb_booking`;

CREATE TABLE `tb_booking` (
  `booking_id` int(11) NOT NULL AUTO_INCREMENT,
  `penjualan_id` int(11) NOT NULL,
  `penjualan_code` varchar(200) NOT NULL,
  `booking_done_date` datetime DEFAULT NULL,
  `booking_status` int(11) DEFAULT NULL,
  PRIMARY KEY (`booking_id`)
) ENGINE=InnoDB AUTO_INCREMENT=5 DEFAULT CHARSET=latin1;

/*Data for the table `tb_booking` */

insert  into `tb_booking`(`booking_id`,`penjualan_id`,`penjualan_code`,`booking_done_date`,`booking_status`) values (0,1,'INV_1494365158',NULL,0),(1,1,'INV_1493964072',NULL,0),(2,2,'INV_1493964140',NULL,0),(3,3,'INV_1493964215',NULL,0),(4,4,'INV_1493964292',NULL,0);

/*Table structure for table `tb_booking_details` */

DROP TABLE IF EXISTS `tb_booking_details`;

CREATE TABLE `tb_booking_details` (
  `booking_detail_id` int(11) NOT NULL AUTO_INCREMENT,
  `penjualan` int(11) DEFAULT NULL,
  `penjualan_detail` int(11) DEFAULT NULL,
  `booking` int(11) DEFAULT NULL,
  `booking_item` int(11) DEFAULT NULL,
  `booking_item_qty` int(11) DEFAULT NULL,
  `booking_status` int(11) DEFAULT NULL,
  PRIMARY KEY (`booking_detail_id`)
) ENGINE=InnoDB AUTO_INCREMENT=5 DEFAULT CHARSET=latin1;

/*Data for the table `tb_booking_details` */

insert  into `tb_booking_details`(`booking_detail_id`,`penjualan`,`penjualan_detail`,`booking`,`booking_item`,`booking_item_qty`,`booking_status`) values (0,5,5,NULL,2,1,0),(1,1,1,1,3,1,0),(2,2,2,2,3,1,0),(3,3,3,3,3,1,0),(4,4,4,4,3,1,0);

/*Table structure for table `tb_kredit` */

DROP TABLE IF EXISTS `tb_kredit`;

CREATE TABLE `tb_kredit` (
  `kredit_id` int(11) NOT NULL AUTO_INCREMENT,
  `penjualan_id` int(11) NOT NULL,
  `penjualan_code` varchar(200) NOT NULL,
  `tanggal_batas` date DEFAULT NULL,
  `customer` int(11) DEFAULT NULL,
  `user` int(11) DEFAULT NULL,
  PRIMARY KEY (`kredit_id`)
) ENGINE=InnoDB DEFAULT CHARSET=latin1;

/*Data for the table `tb_kredit` */

/*Table structure for table `tb_pengiriman` */

DROP TABLE IF EXISTS `tb_pengiriman`;

CREATE TABLE `tb_pengiriman` (
  `pengiriman_id` int(11) NOT NULL AUTO_INCREMENT,
  `penjualan_id` int(11) NOT NULL,
  `penjualan_code` varchar(200) DEFAULT NULL,
  `penjualan_tanggal` datetime DEFAULT NULL,
  `pengiriman_date` datetime DEFAULT NULL,
  `pengiriman_tujuan` varchar(200) DEFAULT NULL,
  `pengiriman_jarak` int(11) DEFAULT NULL,
  `pengiriman_biaya` int(11) DEFAULT NULL,
  `pengiriman_tanggal` datetime DEFAULT NULL,
  `pengiriman_tanggal_sampai` datetime DEFAULT NULL,
  `status` int(11) DEFAULT NULL,
  PRIMARY KEY (`pengiriman_id`)
) ENGINE=InnoDB DEFAULT CHARSET=latin1;

/*Data for the table `tb_pengiriman` */

/*Table structure for table `tb_penjualan` */

DROP TABLE IF EXISTS `tb_penjualan`;

CREATE TABLE `tb_penjualan` (
  `penjualan_id` int(11) NOT NULL AUTO_INCREMENT,
  `penjualan_code` varchar(200) NOT NULL,
  `penjualan_date` datetime NOT NULL,
  `customer` int(11) DEFAULT NULL,
  `branch` int(11) DEFAULT NULL,
  `penjualan_all_discount` float DEFAULT NULL,
  `penjualan_total` bigint(20) DEFAULT NULL,
  `penjualan_pajak` bigint(20) DEFAULT NULL,
  `penjualan_all_discount_percent` float DEFAULT NULL,
  `penjualan_all_discount_nominal` int(11) DEFAULT NULL,
  `penjualan_biaya_pengiriman` int(11) DEFAULT NULL,
  `penjualan_grand_total` bigint(20) DEFAULT NULL,
  `penjualan_payment` bigint(20) DEFAULT NULL,
  `penjualan_change` int(11) DEFAULT NULL,
  `penjualan_payment_method` int(11) DEFAULT NULL,
  `bank_atas_name` varchar(200) DEFAULT NULL,
  `bank` int(11) DEFAULT NULL,
  `bank_number` varchar(200) DEFAULT NULL,
  `user` int(11) DEFAULT NULL,
  `booking_status` int(11) DEFAULT NULL,
  `status` int(11) DEFAULT NULL,
  PRIMARY KEY (`penjualan_id`)
) ENGINE=InnoDB AUTO_INCREMENT=8 DEFAULT CHARSET=latin1;

/*Data for the table `tb_penjualan` */

insert  into `tb_penjualan`(`penjualan_id`,`penjualan_code`,`penjualan_date`,`customer`,`branch`,`penjualan_all_discount`,`penjualan_total`,`penjualan_pajak`,`penjualan_all_discount_percent`,`penjualan_all_discount_nominal`,`penjualan_biaya_pengiriman`,`penjualan_grand_total`,`penjualan_payment`,`penjualan_change`,`penjualan_payment_method`,`bank_atas_name`,`bank`,`bank_number`,`user`,`booking_status`,`status`) values (1,'INV_1494389349','2017-05-10 11:05:09',1,1,0,3960000,0,0,0,NULL,3960000,4000000,40000,1,'',0,'',1,1,0),(2,'INV_1494389425','2017-05-10 11:05:25',1,1,0,4620000,0,0,0,NULL,4620000,4700000,80000,1,'',0,'',1,1,0),(3,'INV_1494389520','2017-05-10 11:05:00',1,1,0,3300000,0,0,0,NULL,3300000,3400000,100000,1,'',0,'',1,1,0),(4,'INV_1494389601','2017-05-10 11:05:21',1,1,0,660000,0,0,0,NULL,660000,700000,40000,1,'',0,'',1,1,0),(5,'INV_1494389707','2017-05-10 11:05:07',1,1,0,660000,0,0,0,NULL,660000,700000,40000,1,'',0,'',1,1,0),(6,'INV_1494389778','2017-05-10 11:05:18',1,1,0,3960000,0,0,0,NULL,3960000,4000000,40000,1,'',0,'',1,1,0),(7,'INV_1494389823','2017-05-10 11:05:03',1,1,0,4087000,0,0,0,NULL,4087000,4100000,13000,1,'',0,'',1,1,0);

/*Table structure for table `tb_penjualan_details` */

DROP TABLE IF EXISTS `tb_penjualan_details`;

CREATE TABLE `tb_penjualan_details` (
  `penjualan_detail_id` int(11) NOT NULL AUTO_INCREMENT,
  `penjualan` int(11) NOT NULL,
  `barang` int(11) NOT NULL,
  `barang_qty` int(11) NOT NULL,
  `barang_price` int(11) NOT NULL,
  `barang_total` int(11) NOT NULL,
  `barang_discount_percent` int(11) NOT NULL,
  `barang_discount_nominal` int(11) NOT NULL,
  `barang_grand_total` bigint(20) NOT NULL,
  `booking_status` int(11) DEFAULT NULL,
  PRIMARY KEY (`penjualan_detail_id`)
) ENGINE=InnoDB AUTO_INCREMENT=13 DEFAULT CHARSET=latin1;

/*Data for the table `tb_penjualan_details` */

insert  into `tb_penjualan_details`(`penjualan_detail_id`,`penjualan`,`barang`,`barang_qty`,`barang_price`,`barang_total`,`barang_discount_percent`,`barang_discount_nominal`,`barang_grand_total`,`booking_status`) values (1,1,2,2,660000,1320000,0,0,1320000,1),(2,1,2,4,660000,2640000,0,0,2640000,0),(3,2,2,3,660000,1980000,0,0,1980000,1),(4,2,2,4,660000,2640000,0,0,2640000,0),(5,3,2,1,660000,660000,0,0,660000,1),(6,3,2,4,660000,2640000,0,0,2640000,0),(7,4,2,1,660000,660000,0,0,660000,0),(8,5,2,1,660000,660000,0,0,660000,0),(9,6,2,2,660000,1320000,0,0,1320000,1),(10,6,2,4,660000,2640000,0,0,2640000,0),(11,7,5,1,475000,475000,0,0,475000,1),(12,7,3,1,3612000,3612000,0,0,3612000,0);

/*Table structure for table `villages` */

DROP TABLE IF EXISTS `villages`;

CREATE TABLE `villages` (
  `id` char(10) COLLATE utf8_unicode_ci NOT NULL,
  `district_id` char(7) COLLATE utf8_unicode_ci NOT NULL,
  `name` varchar(255) COLLATE utf8_unicode_ci NOT NULL,
  PRIMARY KEY (`id`),
  KEY `villages_district_id_index` (`district_id`),
  CONSTRAINT `villages_district_id_foreign` FOREIGN KEY (`district_id`) REFERENCES `districts` (`id`)
) ENGINE=InnoDB DEFAULT CHARSET=utf8 COLLATE=utf8_unicode_ci;

/*Data for the table `villages` */

/*Table structure for table `v_atribut` */

DROP TABLE IF EXISTS `v_atribut`;

/*!50001 DROP VIEW IF EXISTS `v_atribut` */;
/*!50001 DROP TABLE IF EXISTS `v_atribut` */;

/*!50001 CREATE TABLE  `v_atribut`(
 `atribut_id` int(11) ,
 `m_barang_id` int(11) ,
 `atribut_jenis` varchar(255) ,
 `atribut_nama` varchar(255) ,
 `atribut_satuan` varchar(255) ,
 `atribut_default_value` varchar(255) ,
 `atribut_status_aktif` varchar(255) ,
 `atribut_create_date` datetime ,
 `atribut_create_by` varchar(255) ,
 `atribut_update_date` datetime ,
 `atribut_update_by` varchar(255) ,
 `atribut_revised` int(11) ,
 `barang_nama` varchar(255) ,
 `satuan_nama` varchar(255) 
)*/;

/*Table structure for table `v_bank` */

DROP TABLE IF EXISTS `v_bank`;

/*!50001 DROP VIEW IF EXISTS `v_bank` */;
/*!50001 DROP TABLE IF EXISTS `v_bank` */;

/*!50001 CREATE TABLE  `v_bank`(
 `bank_id` int(11) ,
 `cabang_id` int(11) ,
 `cabang_nama` varchar(255) ,
 `bank_cabang` varchar(255) ,
 `bank_nama` varchar(255) ,
 `bank_atas_nama` varchar(255) ,
 `bank_no_rek` varchar(255) ,
 `bank_status_aktif` char(1) ,
 `bank_created_date` datetime ,
 `bank_created_by` varchar(255) ,
 `bank_update_date` datetime ,
 `bank_update_by` varchar(255) ,
 `bank_revised` int(11) 
)*/;

/*Table structure for table `v_barang` */

DROP TABLE IF EXISTS `v_barang`;

/*!50001 DROP VIEW IF EXISTS `v_barang` */;
/*!50001 DROP TABLE IF EXISTS `v_barang` */;

/*!50001 CREATE TABLE  `v_barang`(
 `barang_id` int(11) ,
 `m_jenis_barang_id` int(11) ,
 `barang_kode` varchar(255) ,
 `barang_nomor` varchar(255) ,
 `barang_nama` varchar(255) ,
 `stok` int(11) ,
 `barang_minimum_stok` int(11) ,
 `stok_maks` int(11) ,
 `barang_status_aktif` char(1) ,
 `barang_create_date` datetime ,
 `barang_create_by` varchar(255) ,
 `barang_update_date` datetime ,
 `barang_update_by` varchar(255) ,
 `barang_revised` int(11) ,
 `jenis_barang_nama` varchar(255) ,
 `satuan_nama` varchar(255) 
)*/;

/*Table structure for table `v_bkb` */

DROP TABLE IF EXISTS `v_bkb`;

/*!50001 DROP VIEW IF EXISTS `v_bkb` */;
/*!50001 DROP TABLE IF EXISTS `v_bkb` */;

/*!50001 CREATE TABLE  `v_bkb`(
 `keluar_barang_id` int(11) ,
 `keluar_barang_nomor` varchar(255) ,
 `keluar_barang_jenis` varchar(14) ,
 `keluar_barang_tanggal` datetime ,
 `cabang_id` int(11) ,
 `cabang_nama` varchar(255) ,
 `departemen_id` int(11) ,
 `departemen_nama` varchar(255) ,
 `keluar_barang_status` varchar(12) 
)*/;

/*Table structure for table `v_bukti_bank` */

DROP TABLE IF EXISTS `v_bukti_bank`;

/*!50001 DROP VIEW IF EXISTS `v_bukti_bank` */;
/*!50001 DROP TABLE IF EXISTS `v_bukti_bank` */;

/*!50001 CREATE TABLE  `v_bukti_bank`(
 `bukti_bank_id` int(11) ,
 `cabang_id` int(11) ,
 `cabang_nama` varchar(255) ,
 `bukti_bank_nomor` varchar(255) ,
 `bukti_bank_tanggal` datetime ,
 `bukti_bank_lampiran` int(11) ,
 `partner_id` int(11) ,
 `partner_nama` varchar(255) ,
 `bukti_bank_catatan` varchar(255) ,
 `bukti_bank_jumlah_bayar` decimal(20,2) ,
 `bukti_bank_tipe` int(11) ,
 `bukti_bank_tipe_nama` varchar(17) ,
 `bukti_bank_status` int(11) ,
 `bukti_bank_created_date` datetime ,
 `bukti_bank_created_by` varchar(255) ,
 `bukti_bank_updated_date` datetime ,
 `bukti_bank_updated_by` varchar(255) ,
 `bukti_bank_revised` int(11) 
)*/;

/*Table structure for table `v_bukti_bgcek` */

DROP TABLE IF EXISTS `v_bukti_bgcek`;

/*!50001 DROP VIEW IF EXISTS `v_bukti_bgcek` */;
/*!50001 DROP TABLE IF EXISTS `v_bukti_bgcek` */;

/*!50001 CREATE TABLE  `v_bukti_bgcek`(
 `bukti_bgcek_id` int(11) ,
 `cabang_id` int(11) ,
 `cabang_nama` varchar(255) ,
 `bukti_bgcek_nomor` varchar(255) ,
 `bukti_bgcek_tanggal` datetime ,
 `partner_id` int(11) ,
 `partner_nama` varchar(255) ,
 `bukti_bgcek_catatan` varchar(255) ,
 `bukti_bgcek_jumlah_bayar` decimal(20,2) ,
 `bukti_bgcek_tipe` int(11) ,
 `bukti_bgcek_tipe_nama` varchar(17) ,
 `bukti_bgcek_status` int(11) ,
 `bukti_bgcek_created_date` datetime ,
 `bukti_bgcek_created_by` varchar(255) ,
 `bukti_bgcek_updated_date` datetime ,
 `bukti_bgcek_updated_by` varchar(255) ,
 `bukti_bgcek_revised` int(11) 
)*/;

/*Table structure for table `v_bukti_kas` */

DROP TABLE IF EXISTS `v_bukti_kas`;

/*!50001 DROP VIEW IF EXISTS `v_bukti_kas` */;
/*!50001 DROP TABLE IF EXISTS `v_bukti_kas` */;

/*!50001 CREATE TABLE  `v_bukti_kas`(
 `bukti_kas_id` int(11) ,
 `cabang_id` int(11) ,
 `cabang_nama` varchar(255) ,
 `bukti_kas_nomor` varchar(255) ,
 `bukti_kas_tanggal` datetime ,
 `bukti_kas_lampiran` int(11) ,
 `partner_id` int(11) ,
 `partner_nama` varchar(255) ,
 `bukti_kas_catatan` varchar(255) ,
 `bukti_kas_jumlah_bayar` decimal(20,2) ,
 `bukti_kas_tipe` int(11) ,
 `bukti_kas_tipe_nama` varchar(17) ,
 `bukti_kas_status` int(11) ,
 `bukti_kas_created_date` datetime ,
 `bukti_kas_created_by` varchar(255) ,
 `bukti_kas_updated_date` datetime ,
 `bukti_kas_updated_by` varchar(255) ,
 `bukti_kas_revised` int(11) 
)*/;

/*Table structure for table `v_category_2` */

DROP TABLE IF EXISTS `v_category_2`;

/*!50001 DROP VIEW IF EXISTS `v_category_2` */;
/*!50001 DROP TABLE IF EXISTS `v_category_2` */;

/*!50001 CREATE TABLE  `v_category_2`(
 `category_2_id` int(11) ,
 `m_jenis_barang_id` int(11) ,
 `jenis_barang_nama` varchar(255) ,
 `category_2_nama` varchar(255) ,
 `category_2_status_aktif` char(1) ,
 `category_2_create_date` datetime ,
 `category_2_create_by` varchar(255) ,
 `category_2_update_date` datetime ,
 `category_2_update_by` varchar(255) ,
 `category_2_revised` int(11) 
)*/;

/*Table structure for table `v_category_konsinyasi` */

DROP TABLE IF EXISTS `v_category_konsinyasi`;

/*!50001 DROP VIEW IF EXISTS `v_category_konsinyasi` */;
/*!50001 DROP TABLE IF EXISTS `v_category_konsinyasi` */;

/*!50001 CREATE TABLE  `v_category_konsinyasi`(
 `barang_id` int(11) ,
 `jenis_barang_id` int(11) ,
 `category_2_id` int(11) ,
 `barang_kode` varchar(255) ,
 `barang_nomor` varchar(255) ,
 `barang_nama` varchar(255) ,
 `m_satuan_id` int(11) ,
 `m_brand_id` int(11) ,
 `harga_beli` int(11) 
)*/;

/*Table structure for table `v_coa` */

DROP TABLE IF EXISTS `v_coa`;

/*!50001 DROP VIEW IF EXISTS `v_coa` */;
/*!50001 DROP TABLE IF EXISTS `v_coa` */;

/*!50001 CREATE TABLE  `v_coa`(
 `coa_id` int(11) ,
 `coa_kode` int(255) ,
 `coa_header` int(11) ,
 `coa_subheader` int(11) ,
 `coa_tipe` int(11) ,
 `coa_tipe_nama` varchar(14) ,
 `coa_nama` varchar(255) ,
 `coa_keterangan` varchar(255) 
)*/;

/*Table structure for table `v_estimasi_penjualan` */

DROP TABLE IF EXISTS `v_estimasi_penjualan`;

/*!50001 DROP VIEW IF EXISTS `v_estimasi_penjualan` */;
/*!50001 DROP TABLE IF EXISTS `v_estimasi_penjualan` */;

/*!50001 CREATE TABLE  `v_estimasi_penjualan`(
 `estimasi_penjualan_id` int(11) ,
 `estimasi_penjualan_nomor` varchar(255) ,
 `cabang_id` int(11) ,
 `cabang_nama` varchar(255) ,
 `estimasi_penjualan_periode` varchar(255) ,
 `estimasi_penjualan_status` varchar(255) ,
 `estimasi_penjualan_status_nama` varchar(25) ,
 `estimasi_penjualan_created_date` datetime ,
 `estimasi_penjualan_created_by` varchar(255) ,
 `estimasi_penjualan_update_date` datetime ,
 `estimasi_penjualan_update_by` varchar(255) ,
 `estimasi_penjualan_revised` int(11) 
)*/;

/*Table structure for table `v_faktur_penjualan` */

DROP TABLE IF EXISTS `v_faktur_penjualan`;

/*!50001 DROP VIEW IF EXISTS `v_faktur_penjualan` */;
/*!50001 DROP TABLE IF EXISTS `v_faktur_penjualan` */;

/*!50001 CREATE TABLE  `v_faktur_penjualan`(
 `faktur_penjualan_id` int(11) ,
 `faktur_penjualan_nomor` varchar(255) ,
 `cabang_id` int(11) ,
 `cabang_nama` varchar(255) ,
 `faktur_penjualan_tanggal` datetime ,
 `faktur_penjualan_jatuh_tempo` datetime ,
 `surat_jalan_id` int(11) ,
 `surat_jalan_nomor` varchar(255) ,
 `faktur_penjualan_tujuan_transfer` text 
)*/;

/*Table structure for table `v_gudang` */

DROP TABLE IF EXISTS `v_gudang`;

/*!50001 DROP VIEW IF EXISTS `v_gudang` */;
/*!50001 DROP TABLE IF EXISTS `v_gudang` */;

/*!50001 CREATE TABLE  `v_gudang`(
 `gudang_id` int(255) ,
 `gudang_nama` varchar(255) ,
 `gudang_alamat` varchar(255) ,
 `gudang_kota` varchar(255) ,
 `gudang_telepon` varchar(255) ,
 `gudang_fax` varchar(255) ,
 `gudang_email` varchar(255) ,
 `m_cabang_id` int(11) ,
 `m_jenis_gudang_id` int(11) ,
 `gudang_status_aktif` char(1) ,
 `gudang_create_date` datetime ,
 `gudang_create_by` varchar(255) ,
 `gudang_update_date` datetime ,
 `gudang_update_by` varchar(255) ,
 `gudang_revised` int(11) ,
 `jenis_gudang_nama` varchar(255) ,
 `cabang_nama` varchar(255) 
)*/;

/*Table structure for table `v_jadwal_produksi` */

DROP TABLE IF EXISTS `v_jadwal_produksi`;

/*!50001 DROP VIEW IF EXISTS `v_jadwal_produksi` */;
/*!50001 DROP TABLE IF EXISTS `v_jadwal_produksi` */;

/*!50001 CREATE TABLE  `v_jadwal_produksi`(
 `jadwal_produksi_id` int(11) ,
 `jadwal_produksi_nomor` varchar(255) ,
 `jadwal_produksi_periode` varchar(255) ,
 `cabang_id` int(11) ,
 `cabang_nama` varchar(255) ,
 `jadwal_produksi_shift` varchar(255) ,
 `jadwal_produksi_jenis` varchar(255) ,
 `jadwal_produksi_kebutuhan` int(11) ,
 `estimasi_penjualan_id` int(11) ,
 `estimasi_penjualan_nomor` varchar(255) ,
 `so_customer_id` int(11) ,
 `so_customer_nomor` varchar(255) ,
 `jadwal_produksi_status` varchar(255) ,
 `jadwal_produksi_status_nama` varchar(27) ,
 `jadwal_produksi_status_date` datetime ,
 `jadwal_produksi_created_date` datetime ,
 `jadwal_produksi_created_by` varchar(255) ,
 `jadwal_produksi_update_date` datetime ,
 `jadwal_produksi_update_by` varchar(255) ,
 `jadwal_produksi_revised` int(11) 
)*/;

/*Table structure for table `v_jurnal` */

DROP TABLE IF EXISTS `v_jurnal`;

/*!50001 DROP VIEW IF EXISTS `v_jurnal` */;
/*!50001 DROP TABLE IF EXISTS `v_jurnal` */;

/*!50001 CREATE TABLE  `v_jurnal`(
 `jurnal_id` int(11) ,
 `jurnal_tanggal` datetime ,
 `cabang_id` int(11) ,
 `cabang_nama` varchar(255) ,
 `coa_id` int(11) ,
 `coa_nama` varchar(255) ,
 `jurnal_refrensi_nomor` varchar(50) ,
 `jurnal_keterangan` text ,
 `jurnal_debit` decimal(20,2) ,
 `jurnal_kredit` decimal(20,2) 
)*/;

/*Table structure for table `v_kartu_stok` */

DROP TABLE IF EXISTS `v_kartu_stok`;

/*!50001 DROP VIEW IF EXISTS `v_kartu_stok` */;
/*!50001 DROP TABLE IF EXISTS `v_kartu_stok` */;

/*!50001 CREATE TABLE  `v_kartu_stok`(
 `barang_id` int(11) ,
 `jenis_barang_id` int(11) ,
 `jenis_barang_nama` varchar(255) ,
 `barang_kode` varchar(255) ,
 `barang_nama` varchar(255) ,
 `satuan_id` int(11) ,
 `satuan_nama` varchar(255) ,
 `stok_minimum` int(11) ,
 `stok_gudang` int(20) ,
 `gudang_id` int(255) ,
 `gudang_nama` varchar(255) ,
 `cabang_id` int(11) ,
 `cabang_nama` varchar(255) ,
 `kartu_stok_tanggal` datetime ,
 `kartu_stok_id` int(11) ,
 `kartu_stok_referensi` varchar(255) ,
 `kartu_stok_saldo` int(255) ,
 `kartu_stok_masuk` bigint(255) ,
 `kartu_stok_keluar` int(255) ,
 `kartu_stok_sisa` bigint(67) ,
 `kartu_stok_penyesuaian` int(11) ,
 `kartu_stok_keterangan` text 
)*/;

/*Table structure for table `v_karyawan` */

DROP TABLE IF EXISTS `v_karyawan`;

/*!50001 DROP VIEW IF EXISTS `v_karyawan` */;
/*!50001 DROP TABLE IF EXISTS `v_karyawan` */;

/*!50001 CREATE TABLE  `v_karyawan`(
 `karyawan_id` int(11) ,
 `karyawan_nip` varchar(255) ,
 `karyawan_nama` varchar(255) ,
 `karyawan_alamat` varchar(255) ,
 `karyawan_telepon` varchar(255) ,
 `m_type_karyawan_id` int(11) ,
 `m_cabang_id` int(11) ,
 `m_departemen_id` int(11) ,
 `karyawan_status_aktif` char(255) ,
 `karyawan_create_date` datetime ,
 `karyawan_create_by` varchar(255) ,
 `karyawan_update_date` datetime ,
 `karyawan_update_by` varchar(255) ,
 `karyawan_revised` int(11) ,
 `type_karyawan_nama` varchar(255) ,
 `cabang_nama` varchar(255) 
)*/;

/*Table structure for table `v_kas` */

DROP TABLE IF EXISTS `v_kas`;

/*!50001 DROP VIEW IF EXISTS `v_kas` */;
/*!50001 DROP TABLE IF EXISTS `v_kas` */;

/*!50001 CREATE TABLE  `v_kas`(
 `kas_id` int(11) ,
 `cabang_id` int(11) ,
 `cabang_nama` varchar(255) ,
 `kas_nama` varchar(255) ,
 `kas_status_aktif` char(1) ,
 `kas_created_date` datetime ,
 `kas_created_by` varchar(255) ,
 `kas_update_date` datetime ,
 `kas_update_by` varchar(255) ,
 `kas_revised` int(11) 
)*/;

/*Table structure for table `v_keluar_barang` */

DROP TABLE IF EXISTS `v_keluar_barang`;

/*!50001 DROP VIEW IF EXISTS `v_keluar_barang` */;
/*!50001 DROP TABLE IF EXISTS `v_keluar_barang` */;

/*!50001 CREATE TABLE  `v_keluar_barang`(
 `keluar_barang_id` int(11) ,
 `cabang_id` int(11) ,
 `cabang_nama` varchar(255) ,
 `keluar_barang_nomor` varchar(255) ,
 `keluar_barang_tanggal` datetime ,
 `keluar_barang_jenis` int(255) ,
 `keluar_barang_jenis_nama` varchar(14) ,
 `gudang_id_permintaan` int(255) ,
 `gudang_nama_permintaan` varchar(255) ,
 `gudang_id_tujuan` int(255) ,
 `gudang_nama_tujuan` varchar(255) ,
 `departemen_id` int(11) ,
 `departemen_nama` varchar(255) ,
 `keluar_barang_status` int(255) ,
 `keluar_barang_status_nama` varchar(255) ,
 `keluar_barang_status_date` datetime ,
 `keluar_barang_penerima` varchar(255) ,
 `keluar_barang_penyerah` varchar(255) ,
 `keluar_barang_pembuat` varchar(255) ,
 `keluar_barang_printed` int(255) ,
 `keluar_barang_created_date` datetime ,
 `keluar_barang_created_by` varchar(255) ,
 `keluar_barang_update_date` datetime ,
 `keluar_barang_update_by` varchar(0) ,
 `keluar_barang_revised` int(255) 
)*/;

/*Table structure for table `v_ketidaksesuaian_spesifikasi` */

DROP TABLE IF EXISTS `v_ketidaksesuaian_spesifikasi`;

/*!50001 DROP VIEW IF EXISTS `v_ketidaksesuaian_spesifikasi` */;
/*!50001 DROP TABLE IF EXISTS `v_ketidaksesuaian_spesifikasi` */;

/*!50001 CREATE TABLE  `v_ketidaksesuaian_spesifikasi`(
 `ketidaksesuaian_spesifikasi_id` int(11) ,
 `ketidaksesuaian_spesifikasi_nomor` varchar(255) ,
 `ketidaksesuaian_spesifikasi_tanggal` datetime ,
 `cabang_id` int(11) ,
 `cabang_nama` varchar(255) ,
 `perolehan_produksi_id` int(11) ,
 `perolehan_produksi_nomor` varchar(255) ,
 `ketidaksesuaian_spesifikasi_created_date` datetime ,
 `ketidaksesuaian_spesifikasi_created_by` varchar(255) ,
 `ketidaksesuaian_spesifikasi_update_date` datetime ,
 `ketidaksesuaian_spesifikasi_update_by` varchar(255) ,
 `ketidaksesuaian_spesifikasi_revised` varchar(255) 
)*/;

/*Table structure for table `v_konsinyasi` */

DROP TABLE IF EXISTS `v_konsinyasi`;

/*!50001 DROP VIEW IF EXISTS `v_konsinyasi` */;
/*!50001 DROP TABLE IF EXISTS `v_konsinyasi` */;

/*!50001 CREATE TABLE  `v_konsinyasi`(
 `konsinyasi_id` int(11) ,
 `m_jenis_barang_id` int(11) ,
 `jenis_barang_nama` varchar(255) ,
 `m_category_2_id` int(11) ,
 `category_2_nama` varchar(255) ,
 `m_barang_id` varchar(255) ,
 `barang_nama` varchar(255) ,
 `konsinyasi_status_aktif` char(1) ,
 `konsinyasi_create_date` datetime ,
 `konsinyasi_create_by` varchar(255) ,
 `konsinyasi_update_date` datetime ,
 `konsinyasi_update_by` varchar(255) ,
 `konsinyasi_revised` int(11) 
)*/;

/*Table structure for table `v_laporan_spp_belum_realisasi` */

DROP TABLE IF EXISTS `v_laporan_spp_belum_realisasi`;

/*!50001 DROP VIEW IF EXISTS `v_laporan_spp_belum_realisasi` */;
/*!50001 DROP TABLE IF EXISTS `v_laporan_spp_belum_realisasi` */;

/*!50001 CREATE TABLE  `v_laporan_spp_belum_realisasi`(
 `cabang_id` int(11) ,
 `cabang_nama` varchar(255) ,
 `gudang_id` int(255) ,
 `gudang_nama` varchar(255) ,
 `permintaan_pembelian_nomor` varchar(255) ,
 `permintaan_pembelian_tanggal` datetime ,
 `barang_kode` varchar(255) ,
 `barang_nama` varchar(255) ,
 `permintaan_pembelian_qty` int(11) ,
 `satuan_nama` varchar(255) ,
 `permintaan_pembelian_alasan` text 
)*/;

/*Table structure for table `v_mutasi_bankkas` */

DROP TABLE IF EXISTS `v_mutasi_bankkas`;

/*!50001 DROP VIEW IF EXISTS `v_mutasi_bankkas` */;
/*!50001 DROP TABLE IF EXISTS `v_mutasi_bankkas` */;

/*!50001 CREATE TABLE  `v_mutasi_bankkas`(
 `mutasi_bankkas_id` int(11) ,
 `mutasi_bankkas_nomor` varchar(50) ,
 `mutasi_bankkas_tanggal` datetime ,
 `mutasi_bankkas_tipe` int(11) ,
 `mutasi_bankkas_tipe_nama` varchar(19) ,
 `mutasi_bankkas_dari` varchar(255) ,
 `mutasi_bankkas_ke` varchar(255) ,
 `cabang_id` bigint(11) ,
 `cabang_nama` varchar(255) ,
 `mutasi_bankkas_nominal` decimal(20,2) 
)*/;

/*Table structure for table `v_nota_debet` */

DROP TABLE IF EXISTS `v_nota_debet`;

/*!50001 DROP VIEW IF EXISTS `v_nota_debet` */;
/*!50001 DROP TABLE IF EXISTS `v_nota_debet` */;

/*!50001 CREATE TABLE  `v_nota_debet`(
 `nota_debet_id` int(11) ,
 `nota_debet_nomor` varchar(255) ,
 `nota_debet_tanggal` varchar(255) ,
 `retur_pembelian_id` int(11) ,
 `retur_pembelian_nomor` varchar(255) ,
 `retur_pembelian_tanggal` varchar(255) ,
 `cabang_id` int(11) ,
 `cabang_nama` varchar(255) ,
 `partner_id` int(11) ,
 `partner_nama` varchar(255) ,
 `gudang_id` int(255) ,
 `gudang_nama` varchar(255) ,
 `nota_debet_subtotal` decimal(10,0) ,
 `nota_debet_ppn` decimal(10,0) ,
 `nota_debet_total` decimal(10,0) ,
 `nota_debet_catatan` varchar(255) ,
 `nota_debet_metode_pembayaran` int(11) ,
 `nota_debet_status` int(255) ,
 `nota_debet_status_nama` varchar(20) ,
 `nota_debet_status_date` datetime ,
 `nota_debet_printed` int(255) ,
 `nota_debet_created_date` datetime ,
 `nota_debet_created_by` varchar(255) ,
 `nota_debet_update_date` datetime ,
 `nota_debet_update_by` varchar(0) ,
 `nota_debet_revised` int(255) 
)*/;

/*Table structure for table `v_nota_kredit` */

DROP TABLE IF EXISTS `v_nota_kredit`;

/*!50001 DROP VIEW IF EXISTS `v_nota_kredit` */;
/*!50001 DROP TABLE IF EXISTS `v_nota_kredit` */;

/*!50001 CREATE TABLE  `v_nota_kredit`(
 `nota_kredit_id` int(11) ,
 `nota_kredit_nomor` varchar(255) ,
 `cabang_id` int(11) ,
 `cabang_nama` varchar(255) ,
 `nota_kredit_tanggal` datetime ,
 `nota_kredit_jenis` int(11) ,
 `nomor_refrensi` varchar(255) ,
 `sj_retur_id` int(11) ,
 `sj_retur_nomor` varchar(255) ,
 `nota_kredit_netto` float(255,0) ,
 `nota_kredit_potongan_harga` float(255,0) ,
 `nota_kredit_uang_muka` float(255,0) ,
 `nota_kredit_ppn` float(255,0) ,
 `nota_kredit_total` float(255,0) ,
 `nota_kredit_catatan` text 
)*/;

/*Table structure for table `v_order` */

DROP TABLE IF EXISTS `v_order`;

/*!50001 DROP VIEW IF EXISTS `v_order` */;
/*!50001 DROP TABLE IF EXISTS `v_order` */;

/*!50001 CREATE TABLE  `v_order`(
 `order_id` int(11) ,
 `order_nomor` varchar(255) ,
 `order_type` char(1) ,
 `order_jenis_nama` varchar(2) ,
 `order_tanggal` datetime ,
 `cabang_id` int(11) ,
 `cabang_nama` varchar(255) ,
 `penawaran_id` int(11) ,
 `penawaran_nomor` varchar(255) ,
 `partner_id` int(11) ,
 `partner_nama` varchar(255) ,
 `order_nama_dikirim` varchar(255) ,
 `order_alamat_dikirim` varchar(255) ,
 `order_hp_fax` varchar(255) ,
 `order_subtotal` int(255) ,
 `order_ppn` int(11) ,
 `order_total` int(255) ,
 `order_tanggal_kirim` datetime ,
 `order_pembayaran` int(255) ,
 `order_pembayaran_nama` varchar(6) ,
 `order_status` int(255) ,
 `order_status_nama` varchar(18) ,
 `order_status_date` datetime ,
 `order_printed` int(255) ,
 `order_created_date` datetime ,
 `order_created_by` varchar(255) ,
 `order_update_date` datetime ,
 `order_update_by` varchar(0) ,
 `order_revised` int(255) 
)*/;

/*Table structure for table `v_payment_request` */

DROP TABLE IF EXISTS `v_payment_request`;

/*!50001 DROP VIEW IF EXISTS `v_payment_request` */;
/*!50001 DROP TABLE IF EXISTS `v_payment_request` */;

/*!50001 CREATE TABLE  `v_payment_request`(
 `payment_request_id` int(11) ,
 `cabang_id` int(11) ,
 `cabang_nama` varchar(255) ,
 `payment_request_nomor` varchar(255) ,
 `payment_request_tanggal` datetime ,
 `payment_request_lampiran` int(11) ,
 `partner_id` int(11) ,
 `partner_nama` varchar(255) ,
 `payment_request_keperluan` varchar(255) ,
 `payment_request_voucher` decimal(20,2) ,
 `payment_request_discount` decimal(20,2) ,
 `payment_request_jumlah_bayar` decimal(20,2) ,
 `payment_request_tipe_pengeluaran` int(11) ,
 `payment_request_tipe_pengeluaran_nama` varchar(4) ,
 `pengeluaran_id` int(11) ,
 `payment_request_pengeluaran_nama` varchar(255) ,
 `payment_request_status` int(11) ,
 `payment_request_status_nama` varchar(31) ,
 `payment_request_created_date` datetime ,
 `payment_request_created_by` varchar(255) ,
 `payment_request_updated_date` datetime ,
 `payment_request_updated_by` varchar(255) ,
 `payment_request_revised` int(11) 
)*/;

/*Table structure for table `v_payment_request_piutang` */

DROP TABLE IF EXISTS `v_payment_request_piutang`;

/*!50001 DROP VIEW IF EXISTS `v_payment_request_piutang` */;
/*!50001 DROP TABLE IF EXISTS `v_payment_request_piutang` */;

/*!50001 CREATE TABLE  `v_payment_request_piutang`(
 `payment_request_piutang_id` int(11) ,
 `cabang_id` int(11) ,
 `cabang_nama` varchar(255) ,
 `payment_request_piutang_nomor` varchar(255) ,
 `payment_request_piutang_tanggal` datetime ,
 `payment_request_piutang_lampiran` int(11) ,
 `partner_id` int(11) ,
 `partner_nama` varchar(255) ,
 `payment_request_piutang_keperluan` varchar(255) ,
 `payment_request_piutang_voucher` decimal(20,2) ,
 `payment_request_piutang_discount` decimal(20,2) ,
 `payment_request_piutang_jumlah_bayar` decimal(20,2) ,
 `payment_request_piutang_tipe_pemasukkan` int(11) ,
 `payment_request_piutang_tipe_pemasukkan_nama` varchar(4) ,
 `pemasukkan_id` int(11) ,
 `payment_request_piutang_pemasukkan_nama` varchar(255) ,
 `payment_request_piutang_status` int(11) ,
 `payment_request_piutang_status_nama` varchar(33) ,
 `payment_request_piutang_created_date` datetime ,
 `payment_request_piutang_created_by` varchar(255) ,
 `payment_request_piutang_updated_date` datetime ,
 `payment_request_piutang_updated_by` varchar(255) ,
 `payment_request_piutang_revised` int(11) 
)*/;

/*Table structure for table `v_penawaran` */

DROP TABLE IF EXISTS `v_penawaran`;

/*!50001 DROP VIEW IF EXISTS `v_penawaran` */;
/*!50001 DROP TABLE IF EXISTS `v_penawaran` */;

/*!50001 CREATE TABLE  `v_penawaran`(
 `penawaran_id` int(11) ,
 `penawaran_nomor` varchar(255) ,
 `penawaran_jenis` char(1) ,
 `penawaran_jenis_nama` varchar(9) ,
 `penawaran_tanggal` datetime ,
 `cabang_id` int(11) ,
 `cabang_nama` varchar(255) ,
 `penawaran_step` int(11) ,
 `penawaran_status` varchar(255) ,
 `penawaran_status_nama` varchar(20) ,
 `penawaran_status_date` datetime ,
 `penawaran_printed` int(11) ,
 `penawaran_create_date` datetime ,
 `penawaran_create_by` varchar(255) ,
 `penawaran_update_date` datetime ,
 `penawaran_update_by` varchar(255) ,
 `penawaran_revised` int(255) 
)*/;

/*Table structure for table `v_penerimaan_barang` */

DROP TABLE IF EXISTS `v_penerimaan_barang`;

/*!50001 DROP VIEW IF EXISTS `v_penerimaan_barang` */;
/*!50001 DROP TABLE IF EXISTS `v_penerimaan_barang` */;

/*!50001 CREATE TABLE  `v_penerimaan_barang`(
 `penerimaan_barang_id` int(11) ,
 `penerimaan_barang_nomor` varchar(255) ,
 `penerimaan_barang_tanggal` datetime ,
 `cabang_id` int(11) ,
 `cabang_nama` varchar(255) ,
 `order_id` int(11) ,
 `order_nomor` varchar(255) ,
 `penerimaan_barang_tanggal_terima` varchar(255) ,
 `penerimaan_barang_status` varchar(255) ,
 `penerimaan_barang_status_nama` varchar(12) ,
 `penerimaan_barang_status_date` datetime ,
 `penerimaan_barang_printed` varchar(255) ,
 `penerimaan_barang_created_date` datetime ,
 `penerimaan_barang_created_by` varchar(255) ,
 `penerimaan_barang_update_date` datetime ,
 `penerimaan_barang_update_by` varchar(0) ,
 `penerimaan_barang_revised` int(255) 
)*/;

/*Table structure for table `v_penerimaan_barang_retur` */

DROP TABLE IF EXISTS `v_penerimaan_barang_retur`;

/*!50001 DROP VIEW IF EXISTS `v_penerimaan_barang_retur` */;
/*!50001 DROP TABLE IF EXISTS `v_penerimaan_barang_retur` */;

/*!50001 CREATE TABLE  `v_penerimaan_barang_retur`(
 `bpbr_id` int(11) ,
 `bpbr_nomor` varchar(255) ,
 `cabang_id` int(11) ,
 `cabang_nama` varchar(255) ,
 `bpbr_tanggal` datetime ,
 `retur_penjualan_id` int(11) ,
 `retur_penjualan_nomor` varchar(255) ,
 `bpbr_pengecekan` datetime ,
 `bpbr_catatan` text 
)*/;

/*Table structure for table `v_pengeluaran_kaskecil` */

DROP TABLE IF EXISTS `v_pengeluaran_kaskecil`;

/*!50001 DROP VIEW IF EXISTS `v_pengeluaran_kaskecil` */;
/*!50001 DROP TABLE IF EXISTS `v_pengeluaran_kaskecil` */;

/*!50001 CREATE TABLE  `v_pengeluaran_kaskecil`(
 `pengeluaran_kaskecil_id` int(11) ,
 `pengeluaran_kaskecil_nomor` varchar(50) ,
 `pengeluaran_kaskecil_tanggal` datetime ,
 `kas_id` int(11) ,
 `kas_nama` varchar(255) ,
 `pengeluaran_kaskecil_total` decimal(20,2) 
)*/;

/*Table structure for table `v_pengembalian_barang` */

DROP TABLE IF EXISTS `v_pengembalian_barang`;

/*!50001 DROP VIEW IF EXISTS `v_pengembalian_barang` */;
/*!50001 DROP TABLE IF EXISTS `v_pengembalian_barang` */;

/*!50001 CREATE TABLE  `v_pengembalian_barang`(
 `pengembalian_barang_id` int(11) ,
 `pengembalian_barang_nomor` varchar(255) ,
 `pengembalian_barang_awal` varchar(255) ,
 `pengembalian_barang_tujuan` varchar(255) ,
 `pengembalian_barang_status` int(11) ,
 `pengembalian_barang_status_nama` varchar(28) ,
 `pengembalian_barang_created_date` datetime ,
 `pengembalian_barang_created_by` varchar(255) ,
 `pengembalian_barang_update_date` datetime ,
 `pengembalian_barang_update_by` varchar(255) ,
 `pengembalian_barang_revised` int(255) ,
 `cabang_id` int(11) ,
 `cabang_nama` varchar(255) 
)*/;

/*Table structure for table `v_pengubahan_bahan` */

DROP TABLE IF EXISTS `v_pengubahan_bahan`;

/*!50001 DROP VIEW IF EXISTS `v_pengubahan_bahan` */;
/*!50001 DROP TABLE IF EXISTS `v_pengubahan_bahan` */;

/*!50001 CREATE TABLE  `v_pengubahan_bahan`(
 `pengubahan_bahan_id` int(11) ,
 `pengubahan_bahan_nomor` varchar(255) ,
 `pengubahan_bahan_tanggal` datetime ,
 `pengubahan_bahan_status` varchar(255) ,
 `pengubahan_bahan_status_nama` varchar(29) ,
 `pengubahan_bahan_created_date` datetime ,
 `pengubahan_bahan_created_by` varchar(255) ,
 `pengubahan_bahan_update_date` datetime ,
 `pengubahan_bahan_update_by` varchar(255) ,
 `pengubahan_bahan_revised` int(255) ,
 `cabang_id` int(11) ,
 `cabang_nama` varchar(255) 
)*/;

/*Table structure for table `v_perhitungan_kebutuhan` */

DROP TABLE IF EXISTS `v_perhitungan_kebutuhan`;

/*!50001 DROP VIEW IF EXISTS `v_perhitungan_kebutuhan` */;
/*!50001 DROP TABLE IF EXISTS `v_perhitungan_kebutuhan` */;

/*!50001 CREATE TABLE  `v_perhitungan_kebutuhan`(
 `perhitungan_kebutuhan_id` int(11) ,
 `perhitungan_kebutuhan_nomor` varchar(255) ,
 `perhitungan_kebutuhan_tanggal` datetime ,
 `cabang_id` int(11) ,
 `cabang_nama` varchar(255) ,
 `jadwal_produksi_id` int(11) ,
 `jadwal_produksi_nomor` varchar(255) ,
 `perhitungan_kebutuhan_status` varchar(255) ,
 `perhitungan_kebutuhan_status_nama` varchar(33) ,
 `perhitungan_kebutuhan_status_date` datetime ,
 `perhitungan_kebutuhan_created_date` datetime ,
 `perhitungan_kebutuhan_created_by` varchar(255) ,
 `perhitungan_kebutuhan_update_date` datetime ,
 `perhitungan_kebutuhan_update_by` varchar(255) ,
 `perhitungan_kebutuhan_revised` int(11) 
)*/;

/*Table structure for table `v_permintaan_jasa` */

DROP TABLE IF EXISTS `v_permintaan_jasa`;

/*!50001 DROP VIEW IF EXISTS `v_permintaan_jasa` */;
/*!50001 DROP TABLE IF EXISTS `v_permintaan_jasa` */;

/*!50001 CREATE TABLE  `v_permintaan_jasa`(
 `permintaan_jasa_id` int(11) ,
 `cabang_id` int(11) ,
 `cabang_nama` varchar(255) ,
 `permintaan_jasa_nomor` varchar(255) ,
 `departemen_id` int(11) ,
 `departemen_nama` varchar(255) ,
 `permintaan_jasa_tanggal` datetime ,
 `permintaan_jasa_tanggal_dibutuhkan` datetime ,
 `permintaan_jasa_status` int(255) ,
 `permintaan_jasa_status_nama` varchar(13) ,
 `permintaan_jasa_status_date` datetime ,
 `permintaan_jasa_printed` int(255) ,
 `permintaan_jasa_created_date` datetime ,
 `permintaan_jasa_created_by` varchar(255) ,
 `permintaan_jasa_update_date` datetime ,
 `permintaan_jasa_update_by` varchar(0) ,
 `permintaan_jasa_revised` int(255) 
)*/;

/*Table structure for table `v_permintaan_pembelian` */

DROP TABLE IF EXISTS `v_permintaan_pembelian`;

/*!50001 DROP VIEW IF EXISTS `v_permintaan_pembelian` */;
/*!50001 DROP TABLE IF EXISTS `v_permintaan_pembelian` */;

/*!50001 CREATE TABLE  `v_permintaan_pembelian`(
 `permintaan_pembelian_id` int(11) ,
 `cabang_id` int(11) ,
 `cabang_nama` varchar(255) ,
 `permintaan_pembelian_nomor` varchar(255) ,
 `permintaan_pembelian_tanggal` datetime ,
 `permintaan_pembelian_tanggal_dibutuhkan` datetime ,
 `permintaan_pembelian_jenis` int(255) ,
 `permintaan_pembelian_jenis_nama` varchar(7) ,
 `gudang_id_permintaan` int(255) ,
 `gudang_nama_permintaan` varchar(255) ,
 `permintaan_pembelian_status` int(255) ,
 `permintaan_pembelian_status_nama` varchar(14) ,
 `permintaan_pembelian_status_date` datetime ,
 `permintaan_pembelian_penerima` varchar(255) ,
 `permintaan_pembelian_penyetuju` varchar(255) ,
 `permintaan_pembelian_pembuat` varchar(255) ,
 `permintaan_pembelian_printed` int(255) ,
 `permintaan_pembelian_created_date` datetime ,
 `permintaan_pembelian_created_by` varchar(255) ,
 `permintaan_pembelian_update_date` datetime ,
 `permintaan_pembelian_update_by` varchar(0) ,
 `permintaan_pembelian_revised` int(255) 
)*/;

/*Table structure for table `v_perolehan_produksi` */

DROP TABLE IF EXISTS `v_perolehan_produksi`;

/*!50001 DROP VIEW IF EXISTS `v_perolehan_produksi` */;
/*!50001 DROP TABLE IF EXISTS `v_perolehan_produksi` */;

/*!50001 CREATE TABLE  `v_perolehan_produksi`(
 `perolehan_produksi_id` int(11) ,
 `perolehan_produksi_nomor` varchar(255) ,
 `perolehan_produksi_total` int(11) ,
 `perolehan_produksi_afalan` int(11) ,
 `perolehan_produksi_created_date` datetime ,
 `perolehan_produksi_created_by` varchar(255) ,
 `perolehan_produksi_update_date` datetime ,
 `perolehan_produksi_update_by` varchar(255) ,
 `perolehan_produksi_revised` int(255) ,
 `cabang_id` int(11) ,
 `cabang_nama` varchar(255) ,
 `gudang_id` int(255) ,
 `gudang_nama` varchar(255) 
)*/;

/*Table structure for table `v_po_customer` */

DROP TABLE IF EXISTS `v_po_customer`;

/*!50001 DROP VIEW IF EXISTS `v_po_customer` */;
/*!50001 DROP TABLE IF EXISTS `v_po_customer` */;

/*!50001 CREATE TABLE  `v_po_customer`(
 `po_customer_id` int(11) ,
 `cabang_id` int(11) ,
 `cabang_nama` varchar(255) ,
 `po_customer_nomor` varchar(255) ,
 `po_customer_tanggal` datetime ,
 `partner_id` int(11) ,
 `partner_nama` varchar(255) ,
 `po_customer_kontak_person` varchar(255) ,
 `po_customer_nama_pelanggan` varchar(255) ,
 `po_customer_perjanjian_bayar` int(255) ,
 `po_customer_jasaangkut_jenis` int(255) ,
 `po_customer_jasaangkut_jenis_nama` varchar(13) ,
 `po_customer_ekspedisi` varchar(255) ,
 `po_customer_jasaangkut_bayar` int(255) ,
 `po_customer_jasaangkut_bayar_nama` varchar(12) ,
 `po_customer_catatan` text ,
 `po_customer_step` int(11) ,
 `po_customer_status` int(255) ,
 `po_customer_status_nama_old` varchar(20) ,
 `po_customer_status_nama_lama` varchar(22) ,
 `po_customer_status_nama` varchar(22) 
)*/;

/*Table structure for table `v_retur_pembelian` */

DROP TABLE IF EXISTS `v_retur_pembelian`;

/*!50001 DROP VIEW IF EXISTS `v_retur_pembelian` */;
/*!50001 DROP TABLE IF EXISTS `v_retur_pembelian` */;

/*!50001 CREATE TABLE  `v_retur_pembelian`(
 `retur_pembelian_id` int(11) ,
 `retur_pembelian_nomor` varchar(255) ,
 `retur_pembelian_tanggal` varchar(255) ,
 `cabang_id` int(11) ,
 `cabang_nama` varchar(255) ,
 `penerimaan_barang_id` int(11) ,
 `penerimaan_barang_nomor` varchar(255) ,
 `order_ppn` int(11) ,
 `retur_pembelian_status` int(255) ,
 `retur_pembelian_status_nama` varchar(25) ,
 `retur_pembelian_status_date` datetime ,
 `retur_pembelian_printed` int(255) ,
 `retur_pembelian_created_date` datetime ,
 `retur_pembelian_created_by` varchar(255) ,
 `retur_pembelian_update_date` datetime ,
 `retur_pembelian_update_by` varchar(0) ,
 `retur_pembelian_revised` int(255) 
)*/;

/*Table structure for table `v_retur_penjualan` */

DROP TABLE IF EXISTS `v_retur_penjualan`;

/*!50001 DROP VIEW IF EXISTS `v_retur_penjualan` */;
/*!50001 DROP TABLE IF EXISTS `v_retur_penjualan` */;

/*!50001 CREATE TABLE  `v_retur_penjualan`(
 `retur_penjualan_id` int(11) ,
 `retur_penjualan_nomor` varchar(255) ,
 `cabang_id` int(11) ,
 `cabang_nama` varchar(255) ,
 `retur_penjualan_tanggal` datetime ,
 `retur_penjualan_status_pengembalianbarang` int(11) ,
 `sj_retur_id` int(11) ,
 `sj_retur_nomor` varchar(255) ,
 `retur_penjualan_aksi_bayar` varchar(255) ,
 `retur_penjualan_alasan` text ,
 `retur_penjualan_status` int(255) ,
 `retur_penjualan_status_nama` varchar(22) 
)*/;

/*Table structure for table `v_saldo_bankkas` */

DROP TABLE IF EXISTS `v_saldo_bankkas`;

/*!50001 DROP VIEW IF EXISTS `v_saldo_bankkas` */;
/*!50001 DROP TABLE IF EXISTS `v_saldo_bankkas` */;

/*!50001 CREATE TABLE  `v_saldo_bankkas`(
 `saldo_bankkas_id` int(11) ,
 `saldo_bankkas_tipe` int(11) ,
 `saldo_bankkas_tipe_nama` varchar(10) ,
 `bankkas_id` bigint(11) ,
 `bankkas_nama` varchar(255) ,
 `cabang_id` bigint(11) ,
 `cabang_nama` varchar(255) ,
 `bankkas_status_aktif` varchar(1) ,
 `saldo_bankkas_nominal` decimal(20,2) 
)*/;

/*Table structure for table `v_serah_terima` */

DROP TABLE IF EXISTS `v_serah_terima`;

/*!50001 DROP VIEW IF EXISTS `v_serah_terima` */;
/*!50001 DROP TABLE IF EXISTS `v_serah_terima` */;

/*!50001 CREATE TABLE  `v_serah_terima`(
 `serah_terima_id` int(11) ,
 `serah_terima_nomor` varchar(255) ,
 `serah_terima_daribagian` varchar(255) ,
 `serah_terima_darishift` varchar(255) ,
 `serah_terima_kebagian` varchar(255) ,
 `serah_terima_keshift` varchar(255) ,
 `serah_terima_status` int(255) ,
 `serah_terima_status_nama` varchar(21) ,
 `serah_terima_created_date` datetime ,
 `serah_terima_created_by` varchar(255) ,
 `serah_terima_update_date` datetime ,
 `serah_terima_update_by` varchar(255) ,
 `serah_terima_revised` int(255) ,
 `cabang_id` int(11) ,
 `cabang_nama` varchar(255) 
)*/;

/*Table structure for table `v_so_customer` */

DROP TABLE IF EXISTS `v_so_customer`;

/*!50001 DROP VIEW IF EXISTS `v_so_customer` */;
/*!50001 DROP TABLE IF EXISTS `v_so_customer` */;

/*!50001 CREATE TABLE  `v_so_customer`(
 `so_customer_id` int(11) ,
 `cabang_id` int(11) ,
 `cabang_nama` varchar(255) ,
 `so_customer_nomor` varchar(255) ,
 `so_customer_tanggal` datetime ,
 `po_customer_id` int(11) ,
 `po_customer_nomor` varchar(255) ,
 `so_customer_status` int(255) ,
 `so_customer_status_nama` varchar(18) 
)*/;

/*Table structure for table `v_stok_gudang` */

DROP TABLE IF EXISTS `v_stok_gudang`;

/*!50001 DROP VIEW IF EXISTS `v_stok_gudang` */;
/*!50001 DROP TABLE IF EXISTS `v_stok_gudang` */;

/*!50001 CREATE TABLE  `v_stok_gudang`(
 `barang_id` int(11) ,
 `jenis_barang_id` int(11) ,
 `jenis_barang_nama` varchar(255) ,
 `barang_nomor` varchar(255) ,
 `barang_nama` varchar(255) ,
 `barang_status_aktif` char(1) ,
 `satuan_id` int(11) ,
 `satuan_nama` varchar(255) ,
 `stok_minimum` int(11) ,
 `stok_gudang` int(20) ,
 `gudang_id` int(255) ,
 `gudang_nama` varchar(255) ,
 `id_cabang` int(11) ,
 `cabang_nama` varchar(255) 
)*/;

/*Table structure for table `v_sub_atribut` */

DROP TABLE IF EXISTS `v_sub_atribut`;

/*!50001 DROP VIEW IF EXISTS `v_sub_atribut` */;
/*!50001 DROP TABLE IF EXISTS `v_sub_atribut` */;

/*!50001 CREATE TABLE  `v_sub_atribut`(
 `sub_atribut_id` int(11) ,
 `m_atribut_id` int(11) ,
 `sub_atribut_jenis` varchar(255) ,
 `sub_atribut_nama` varchar(255) ,
 `sub_atribut_satuan` varchar(255) ,
 `sub_atribut_default_value` varchar(255) ,
 `sub_atribut_status_aktif` varchar(255) ,
 `sub_atribut_create_date` datetime ,
 `sub_atribut_create_by` varchar(255) ,
 `sub_atribut_update_date` datetime ,
 `sub_atribut_update_by` varchar(255) ,
 `sub_atribut_revised` int(11) ,
 `atribut_nama` varchar(255) ,
 `m_barang_id` int(11) ,
 `barang_nama` varchar(255) ,
 `satuan_nama` varchar(255) 
)*/;

/*Table structure for table `v_surat_jalan` */

DROP TABLE IF EXISTS `v_surat_jalan`;

/*!50001 DROP VIEW IF EXISTS `v_surat_jalan` */;
/*!50001 DROP TABLE IF EXISTS `v_surat_jalan` */;

/*!50001 CREATE TABLE  `v_surat_jalan`(
 `surat_jalan_id` int(11) ,
 `surat_jalan_nomor` varchar(255) ,
 `cabang_id` int(11) ,
 `cabang_nama` varchar(255) ,
 `surat_jalan_jenis` tinyint(1) ,
 `surat_jalan_jenis_nama` varchar(23) ,
 `nomor_referensi` varchar(255) ,
 `surat_jalan_tanggal` datetime ,
 `surat_jalan_tanggal_kirim` datetime ,
 `surat_jalan_ekspedisi` varchar(255) ,
 `so_customer_id` varchar(255) ,
 `nota_debet_id` int(11) ,
 `nota_debet_nomor` varchar(255) ,
 `partner_id` int(11) ,
 `partner_nama` varchar(255) ,
 `order_id` int(11) ,
 `order_nomor` varchar(255) ,
 `surat_jalan_status` int(11) ,
 `surat_jalan_status_date` datetime ,
 `surat_jalan_created_date` datetime ,
 `surat_jalan_created_by` varchar(255) ,
 `surat_jalan_update_date` datetime ,
 `surat_jalan_update_by` varchar(255) ,
 `surat_jalan_revised` int(11) 
)*/;

/*Table structure for table `v_transfer_gudang` */

DROP TABLE IF EXISTS `v_transfer_gudang`;

/*!50001 DROP VIEW IF EXISTS `v_transfer_gudang` */;
/*!50001 DROP TABLE IF EXISTS `v_transfer_gudang` */;

/*!50001 CREATE TABLE  `v_transfer_gudang`(
 `transfer_gudang_id` int(11) ,
 `transfer_gudang_nomor` varchar(255) ,
 `transfer_gudang_tanggal` datetime ,
 `gudang_id_awal` int(255) ,
 `gudang_nama_awal` varchar(255) ,
 `cabang_id_awal` int(11) ,
 `cabang_nama_awal` varchar(255) ,
 `transfer_gudang_tanggal_terima` datetime ,
 `gudang_id_akhir` int(255) ,
 `gudang_nama_akhir` varchar(255) ,
 `cabang_id_akhir` int(11) ,
 `cabang_nama_akhir` varchar(255) ,
 `transfer_gudang_status` int(11) ,
 `transfer_gudang_status_nama` varchar(24) ,
 `transfer_gudang_created_date` datetime ,
 `transfer_gudang_created_by` varchar(255) ,
 `transfer_gudang_update_date` datetime ,
 `transfer_gudang_update_by` varchar(255) ,
 `transfer_gudang_revised` int(11) 
)*/;

/*Table structure for table `v_user` */

DROP TABLE IF EXISTS `v_user`;

/*!50001 DROP VIEW IF EXISTS `v_user` */;
/*!50001 DROP TABLE IF EXISTS `v_user` */;

/*!50001 CREATE TABLE  `v_user`(
 `user_id` int(11) ,
 `user_username` varchar(255) ,
 `karyawan_id` int(11) ,
 `karyawan_nama` varchar(255) ,
 `user_status_aktif` char(1) ,
 `user_status_nama` varchar(9) 
)*/;

/*View structure for view v_atribut */

/*!50001 DROP TABLE IF EXISTS `v_atribut` */;
/*!50001 DROP VIEW IF EXISTS `v_atribut` */;

/*!50001 CREATE VIEW `v_atribut` AS select `a`.`atribut_id` AS `atribut_id`,`a`.`m_barang_id` AS `m_barang_id`,`a`.`atribut_jenis` AS `atribut_jenis`,`a`.`atribut_nama` AS `atribut_nama`,`a`.`atribut_satuan` AS `atribut_satuan`,`a`.`atribut_default_value` AS `atribut_default_value`,`a`.`atribut_status_aktif` AS `atribut_status_aktif`,`a`.`atribut_create_date` AS `atribut_create_date`,`a`.`atribut_create_by` AS `atribut_create_by`,`a`.`atribut_update_date` AS `atribut_update_date`,`a`.`atribut_update_by` AS `atribut_update_by`,`a`.`atribut_revised` AS `atribut_revised`,`b`.`barang_nama` AS `barang_nama`,`c`.`satuan_nama` AS `satuan_nama` from ((`m_atribut_barang` `a` left join `m_barang` `b` on((`a`.`m_barang_id` = `b`.`barang_id`))) left join `m_satuan` `c` on((`a`.`atribut_satuan` = `c`.`satuan_id`))) */;

/*View structure for view v_bank */

/*!50001 DROP TABLE IF EXISTS `v_bank` */;
/*!50001 DROP VIEW IF EXISTS `v_bank` */;

/*!50001 CREATE VIEW `v_bank` AS select `a`.`bank_id` AS `bank_id`,`b`.`cabang_id` AS `cabang_id`,`b`.`cabang_nama` AS `cabang_nama`,`a`.`bank_cabang` AS `bank_cabang`,`a`.`bank_nama` AS `bank_nama`,`a`.`bank_atas_nama` AS `bank_atas_nama`,`a`.`bank_no_rek` AS `bank_no_rek`,`a`.`bank_status_aktif` AS `bank_status_aktif`,`a`.`bank_created_date` AS `bank_created_date`,`a`.`bank_created_by` AS `bank_created_by`,`a`.`bank_update_date` AS `bank_update_date`,`a`.`bank_update_by` AS `bank_update_by`,`a`.`bank_revised` AS `bank_revised` from (`m_bank` `a` join `m_cabang` `b` on((`b`.`cabang_id` = `a`.`m_cabang_id`))) */;

/*View structure for view v_barang */

/*!50001 DROP TABLE IF EXISTS `v_barang` */;
/*!50001 DROP VIEW IF EXISTS `v_barang` */;

/*!50001 CREATE VIEW `v_barang` AS (select `a`.`barang_id` AS `barang_id`,`a`.`m_jenis_barang_id` AS `m_jenis_barang_id`,`a`.`barang_kode` AS `barang_kode`,`a`.`barang_nomor` AS `barang_nomor`,`a`.`barang_nama` AS `barang_nama`,`a`.`stok` AS `stok`,`a`.`barang_minimum_stok` AS `barang_minimum_stok`,`a`.`stok_maks` AS `stok_maks`,`a`.`barang_status_aktif` AS `barang_status_aktif`,`a`.`barang_create_date` AS `barang_create_date`,`a`.`barang_create_by` AS `barang_create_by`,`a`.`barang_update_date` AS `barang_update_date`,`a`.`barang_update_by` AS `barang_update_by`,`a`.`barang_revised` AS `barang_revised`,`b`.`jenis_barang_nama` AS `jenis_barang_nama`,`c`.`satuan_nama` AS `satuan_nama` from ((`m_barang` `a` left join `m_jenis_barang` `b` on((`a`.`m_jenis_barang_id` = `b`.`jenis_barang_id`))) left join `m_satuan` `c` on((`a`.`m_satuan_id` = `c`.`satuan_id`)))) */;

/*View structure for view v_bkb */

/*!50001 DROP TABLE IF EXISTS `v_bkb` */;
/*!50001 DROP VIEW IF EXISTS `v_bkb` */;

/*!50001 CREATE VIEW `v_bkb` AS (select `a`.`keluar_barang_id` AS `keluar_barang_id`,`a`.`keluar_barang_nomor` AS `keluar_barang_nomor`,if((`a`.`keluar_barang_jenis` = 1),'Bahan Baku',if((`a`.`keluar_barang_jenis` = 2),'Bahan Penolong','Lain Lain')) AS `keluar_barang_jenis`,`a`.`keluar_barang_tanggal` AS `keluar_barang_tanggal`,`b`.`cabang_id` AS `cabang_id`,`b`.`cabang_nama` AS `cabang_nama`,`c`.`departemen_id` AS `departemen_id`,`c`.`departemen_nama` AS `departemen_nama`,if((`a`.`keluar_barang_status` = 1),'BKB Baru',if((`a`.`keluar_barang_status` = 2),'BKB Diterima',if((`a`.`keluar_barang_status` = 3),'BKB Pending','BKB Terkirim'))) AS `keluar_barang_status` from ((`t_keluar_barang` `a` join `m_cabang` `b` on((`b`.`cabang_id` = `a`.`m_cabang_id`))) join `m_departemen` `c` on((`c`.`departemen_id` = `a`.`m_departemen_id`)))) */;

/*View structure for view v_bukti_bank */

/*!50001 DROP TABLE IF EXISTS `v_bukti_bank` */;
/*!50001 DROP VIEW IF EXISTS `v_bukti_bank` */;

/*!50001 CREATE VIEW `v_bukti_bank` AS (select `a`.`bukti_bank_id` AS `bukti_bank_id`,`b`.`cabang_id` AS `cabang_id`,`b`.`cabang_nama` AS `cabang_nama`,`a`.`bukti_bank_nomor` AS `bukti_bank_nomor`,`a`.`bukti_bank_tanggal` AS `bukti_bank_tanggal`,`a`.`bukti_bank_lampiran` AS `bukti_bank_lampiran`,`c`.`partner_id` AS `partner_id`,`c`.`partner_nama` AS `partner_nama`,`a`.`bukti_bank_catatan` AS `bukti_bank_catatan`,`a`.`bukti_bank_jumlah_bayar` AS `bukti_bank_jumlah_bayar`,`a`.`bukti_bank_tipe` AS `bukti_bank_tipe`,if((`a`.`bukti_bank_tipe` = 1),'Bukti Bank Keluar','Bukti Bank Masuk') AS `bukti_bank_tipe_nama`,`a`.`bukti_bank_status` AS `bukti_bank_status`,`a`.`bukti_bank_created_date` AS `bukti_bank_created_date`,`a`.`bukti_bank_created_by` AS `bukti_bank_created_by`,`a`.`bukti_bank_updated_date` AS `bukti_bank_updated_date`,`a`.`bukti_bank_updated_by` AS `bukti_bank_updated_by`,`a`.`bukti_bank_revised` AS `bukti_bank_revised` from ((`t_bukti_bank` `a` join `m_cabang` `b` on((`b`.`cabang_id` = `a`.`m_cabang_id`))) join `m_partner` `c` on((`c`.`partner_id` = `a`.`m_partner_id`)))) */;

/*View structure for view v_bukti_bgcek */

/*!50001 DROP TABLE IF EXISTS `v_bukti_bgcek` */;
/*!50001 DROP VIEW IF EXISTS `v_bukti_bgcek` */;

/*!50001 CREATE VIEW `v_bukti_bgcek` AS (select `a`.`bukti_bgcek_id` AS `bukti_bgcek_id`,`b`.`cabang_id` AS `cabang_id`,`b`.`cabang_nama` AS `cabang_nama`,`a`.`bukti_bgcek_nomor` AS `bukti_bgcek_nomor`,`a`.`bukti_bgcek_tanggal` AS `bukti_bgcek_tanggal`,`c`.`partner_id` AS `partner_id`,`c`.`partner_nama` AS `partner_nama`,`a`.`bukti_bgcek_catatan` AS `bukti_bgcek_catatan`,`a`.`bukti_bgcek_jumlah_bayar` AS `bukti_bgcek_jumlah_bayar`,`a`.`bukti_bgcek_tipe` AS `bukti_bgcek_tipe`,if((`a`.`bukti_bgcek_tipe` = 1),'Bukti Bank Keluar','Bukti Bank Masuk') AS `bukti_bgcek_tipe_nama`,`a`.`bukti_bgcek_status` AS `bukti_bgcek_status`,`a`.`bukti_bgcek_created_date` AS `bukti_bgcek_created_date`,`a`.`bukti_bgcek_created_by` AS `bukti_bgcek_created_by`,`a`.`bukti_bgcek_updated_date` AS `bukti_bgcek_updated_date`,`a`.`bukti_bgcek_updated_by` AS `bukti_bgcek_updated_by`,`a`.`bukti_bgcek_revised` AS `bukti_bgcek_revised` from ((`t_bukti_bgcek` `a` join `m_cabang` `b` on((`b`.`cabang_id` = `a`.`m_cabang_id`))) join `m_partner` `c` on((`c`.`partner_id` = `a`.`m_partner_id`)))) */;

/*View structure for view v_bukti_kas */

/*!50001 DROP TABLE IF EXISTS `v_bukti_kas` */;
/*!50001 DROP VIEW IF EXISTS `v_bukti_kas` */;

/*!50001 CREATE VIEW `v_bukti_kas` AS (select `a`.`bukti_kas_id` AS `bukti_kas_id`,`b`.`cabang_id` AS `cabang_id`,`b`.`cabang_nama` AS `cabang_nama`,`a`.`bukti_kas_nomor` AS `bukti_kas_nomor`,`a`.`bukti_kas_tanggal` AS `bukti_kas_tanggal`,`a`.`bukti_kas_lampiran` AS `bukti_kas_lampiran`,`c`.`partner_id` AS `partner_id`,`c`.`partner_nama` AS `partner_nama`,`a`.`bukti_kas_catatan` AS `bukti_kas_catatan`,`a`.`bukti_kas_jumlah_bayar` AS `bukti_kas_jumlah_bayar`,`a`.`bukti_kas_tipe` AS `bukti_kas_tipe`,if((`a`.`bukti_kas_tipe` = 1),'Bukti Bank Keluar','Bukti Bank Masuk') AS `bukti_kas_tipe_nama`,`a`.`bukti_kas_status` AS `bukti_kas_status`,`a`.`bukti_kas_created_date` AS `bukti_kas_created_date`,`a`.`bukti_kas_created_by` AS `bukti_kas_created_by`,`a`.`bukti_kas_updated_date` AS `bukti_kas_updated_date`,`a`.`bukti_kas_updated_by` AS `bukti_kas_updated_by`,`a`.`bukti_kas_revised` AS `bukti_kas_revised` from ((`t_bukti_kas` `a` join `m_cabang` `b` on((`b`.`cabang_id` = `a`.`m_cabang_id`))) join `m_partner` `c` on((`c`.`partner_id` = `a`.`m_partner_id`)))) */;

/*View structure for view v_category_2 */

/*!50001 DROP TABLE IF EXISTS `v_category_2` */;
/*!50001 DROP VIEW IF EXISTS `v_category_2` */;

/*!50001 CREATE VIEW `v_category_2` AS select `m_category_2`.`category_2_id` AS `category_2_id`,`m_category_2`.`m_jenis_barang_id` AS `m_jenis_barang_id`,`m_jenis_barang`.`jenis_barang_nama` AS `jenis_barang_nama`,`m_category_2`.`category_2_nama` AS `category_2_nama`,`m_category_2`.`category_2_status_aktif` AS `category_2_status_aktif`,`m_category_2`.`category_2_create_date` AS `category_2_create_date`,`m_category_2`.`category_2_create_by` AS `category_2_create_by`,`m_category_2`.`category_2_update_date` AS `category_2_update_date`,`m_category_2`.`category_2_update_by` AS `category_2_update_by`,`m_category_2`.`category_2_revised` AS `category_2_revised` from (`m_jenis_barang` join `m_category_2` on((`m_category_2`.`m_jenis_barang_id` = `m_jenis_barang`.`jenis_barang_id`))) */;

/*View structure for view v_category_konsinyasi */

/*!50001 DROP TABLE IF EXISTS `v_category_konsinyasi` */;
/*!50001 DROP VIEW IF EXISTS `v_category_konsinyasi` */;

/*!50001 CREATE VIEW `v_category_konsinyasi` AS select `m_barang`.`barang_id` AS `barang_id`,`m_jenis_barang`.`jenis_barang_id` AS `jenis_barang_id`,`m_category_2`.`category_2_id` AS `category_2_id`,`m_barang`.`barang_kode` AS `barang_kode`,`m_barang`.`barang_nomor` AS `barang_nomor`,`m_barang`.`barang_nama` AS `barang_nama`,`m_barang`.`m_satuan_id` AS `m_satuan_id`,`m_barang`.`m_brand_id` AS `m_brand_id`,`m_barang`.`harga_beli` AS `harga_beli` from ((`m_barang` join `m_jenis_barang`) join `m_category_2`) */;

/*View structure for view v_coa */

/*!50001 DROP TABLE IF EXISTS `v_coa` */;
/*!50001 DROP VIEW IF EXISTS `v_coa` */;

/*!50001 CREATE VIEW `v_coa` AS (select `m_coa`.`coa_id` AS `coa_id`,`m_coa`.`coa_kode` AS `coa_kode`,`m_coa`.`coa_header` AS `coa_header`,`m_coa`.`coa_subheader` AS `coa_subheader`,`m_coa`.`coa_tipe` AS `coa_tipe`,if((`m_coa`.`coa_tipe` = 1),'Header',if((`m_coa`.`coa_tipe` = 2),'Sub Header','Nama Perkiraan')) AS `coa_tipe_nama`,`m_coa`.`coa_nama` AS `coa_nama`,`m_coa`.`coa_keterangan` AS `coa_keterangan` from `m_coa`) */;

/*View structure for view v_estimasi_penjualan */

/*!50001 DROP TABLE IF EXISTS `v_estimasi_penjualan` */;
/*!50001 DROP VIEW IF EXISTS `v_estimasi_penjualan` */;

/*!50001 CREATE VIEW `v_estimasi_penjualan` AS select `a`.`estimasi_penjualan_id` AS `estimasi_penjualan_id`,`a`.`estimasi_penjualan_nomor` AS `estimasi_penjualan_nomor`,`b`.`cabang_id` AS `cabang_id`,`b`.`cabang_nama` AS `cabang_nama`,`a`.`estimasi_penjualan_periode` AS `estimasi_penjualan_periode`,`a`.`estimasi_penjualan_status` AS `estimasi_penjualan_status`,if((`a`.`estimasi_penjualan_status` = 1),'Estimasi Baru',if((`a`.`estimasi_penjualan_status` = 2),'Estimasi Diterima',if((`a`.`estimasi_penjualan_status` = 3),'Disetujui',if((`a`.`estimasi_penjualan_status` = 4),'Pembuatan Jadwal Produksi','Selesai')))) AS `estimasi_penjualan_status_nama`,`a`.`estimasi_penjualan_created_date` AS `estimasi_penjualan_created_date`,`a`.`estimasi_penjualan_created_by` AS `estimasi_penjualan_created_by`,`a`.`estimasi_penjualan_update_date` AS `estimasi_penjualan_update_date`,`a`.`estimasi_penjualan_update_by` AS `estimasi_penjualan_update_by`,`a`.`estimasi_penjualan_revised` AS `estimasi_penjualan_revised` from (`t_estimasi_penjualan` `a` join `m_cabang` `b` on((`b`.`cabang_id` = `a`.`m_cabang_id`))) */;

/*View structure for view v_faktur_penjualan */

/*!50001 DROP TABLE IF EXISTS `v_faktur_penjualan` */;
/*!50001 DROP VIEW IF EXISTS `v_faktur_penjualan` */;

/*!50001 CREATE VIEW `v_faktur_penjualan` AS (select `a`.`faktur_penjualan_id` AS `faktur_penjualan_id`,`a`.`faktur_penjualan_nomor` AS `faktur_penjualan_nomor`,`b`.`cabang_id` AS `cabang_id`,`b`.`cabang_nama` AS `cabang_nama`,`a`.`faktur_penjualan_tanggal` AS `faktur_penjualan_tanggal`,`a`.`faktur_penjualan_jatuh_tempo` AS `faktur_penjualan_jatuh_tempo`,`c`.`surat_jalan_id` AS `surat_jalan_id`,`c`.`surat_jalan_nomor` AS `surat_jalan_nomor`,`a`.`faktur_penjualan_tujuan_transfer` AS `faktur_penjualan_tujuan_transfer` from ((`t_faktur_penjualan` `a` join `m_cabang` `b` on((`b`.`cabang_id` = `a`.`m_cabang_id`))) join `t_surat_jalan` `c` on((`c`.`surat_jalan_id` = `a`.`t_surat_jalan_id`)))) */;

/*View structure for view v_gudang */

/*!50001 DROP TABLE IF EXISTS `v_gudang` */;
/*!50001 DROP VIEW IF EXISTS `v_gudang` */;

/*!50001 CREATE VIEW `v_gudang` AS select `a`.`gudang_id` AS `gudang_id`,`a`.`gudang_nama` AS `gudang_nama`,`a`.`gudang_alamat` AS `gudang_alamat`,`a`.`gudang_kota` AS `gudang_kota`,`a`.`gudang_telepon` AS `gudang_telepon`,`a`.`gudang_fax` AS `gudang_fax`,`a`.`gudang_email` AS `gudang_email`,`a`.`m_cabang_id` AS `m_cabang_id`,`a`.`m_jenis_gudang_id` AS `m_jenis_gudang_id`,`a`.`gudang_status_aktif` AS `gudang_status_aktif`,`a`.`gudang_create_date` AS `gudang_create_date`,`a`.`gudang_create_by` AS `gudang_create_by`,`a`.`gudang_update_date` AS `gudang_update_date`,`a`.`gudang_update_by` AS `gudang_update_by`,`a`.`gudang_revised` AS `gudang_revised`,`b`.`jenis_gudang_nama` AS `jenis_gudang_nama`,`c`.`cabang_nama` AS `cabang_nama` from ((`m_gudang` `a` left join `m_jenis_gudang` `b` on((`a`.`m_jenis_gudang_id` = `b`.`jenis_gudang_id`))) left join `m_cabang` `c` on((`a`.`m_cabang_id` = `c`.`cabang_id`))) */;

/*View structure for view v_jadwal_produksi */

/*!50001 DROP TABLE IF EXISTS `v_jadwal_produksi` */;
/*!50001 DROP VIEW IF EXISTS `v_jadwal_produksi` */;

/*!50001 CREATE VIEW `v_jadwal_produksi` AS (select `a`.`jadwal_produksi_id` AS `jadwal_produksi_id`,`a`.`jadwal_produksi_nomor` AS `jadwal_produksi_nomor`,`a`.`jadwal_produksi_periode` AS `jadwal_produksi_periode`,`b`.`cabang_id` AS `cabang_id`,`b`.`cabang_nama` AS `cabang_nama`,`a`.`jadwal_produksi_shift` AS `jadwal_produksi_shift`,`a`.`jadwal_produksi_jenis` AS `jadwal_produksi_jenis`,`a`.`jadwal_produksi_kebutuhan` AS `jadwal_produksi_kebutuhan`,`c`.`estimasi_penjualan_id` AS `estimasi_penjualan_id`,`c`.`estimasi_penjualan_nomor` AS `estimasi_penjualan_nomor`,`a`.`t_so_customer_id` AS `so_customer_id`,`d`.`so_customer_nomor` AS `so_customer_nomor`,`a`.`jadwal_produksi_status` AS `jadwal_produksi_status`,if((`a`.`jadwal_produksi_status` = 1),'Jadwal Produksi Baru',if((`a`.`jadwal_produksi_status` = 2),'Jadwal Produksi Disetujui','Jadwal Produksi Direalisasi')) AS `jadwal_produksi_status_nama`,`a`.`jadwal_produksi_status_date` AS `jadwal_produksi_status_date`,`a`.`jadwal_produksi_created_date` AS `jadwal_produksi_created_date`,`a`.`jadwal_produksi_created_by` AS `jadwal_produksi_created_by`,`a`.`jadwal_produksi_update_date` AS `jadwal_produksi_update_date`,`a`.`jadwal_produksi_update_by` AS `jadwal_produksi_update_by`,`a`.`jadwal_produksi_revised` AS `jadwal_produksi_revised` from (((`t_jadwal_produksi` `a` join `m_cabang` `b` on((`b`.`cabang_id` = `a`.`m_cabang_id`))) left join `t_estimasi_penjualan` `c` on((`c`.`estimasi_penjualan_id` = `a`.`t_estimasi_penjualan_id`))) left join `t_so_customer` `d` on((`d`.`so_customer_id` = `a`.`t_so_customer_id`)))) */;

/*View structure for view v_jurnal */

/*!50001 DROP TABLE IF EXISTS `v_jurnal` */;
/*!50001 DROP VIEW IF EXISTS `v_jurnal` */;

/*!50001 CREATE VIEW `v_jurnal` AS (select `a`.`jurnal_id` AS `jurnal_id`,`a`.`jurnal_tanggal` AS `jurnal_tanggal`,`b`.`cabang_id` AS `cabang_id`,`b`.`cabang_nama` AS `cabang_nama`,`c`.`coa_id` AS `coa_id`,`c`.`coa_nama` AS `coa_nama`,`a`.`jurnal_refrensi_nomor` AS `jurnal_refrensi_nomor`,`a`.`jurnal_keterangan` AS `jurnal_keterangan`,`a`.`jurnal_debit` AS `jurnal_debit`,`a`.`jurnal_kredit` AS `jurnal_kredit` from ((`t_jurnal` `a` join `m_cabang` `b` on((`b`.`cabang_id` = `a`.`m_cabang_id`))) join `m_coa` `c` on((`c`.`coa_id` = `a`.`m_coa_id`)))) */;

/*View structure for view v_kartu_stok */

/*!50001 DROP TABLE IF EXISTS `v_kartu_stok` */;
/*!50001 DROP VIEW IF EXISTS `v_kartu_stok` */;

/*!50001 CREATE VIEW `v_kartu_stok` AS (select `a`.`barang_id` AS `barang_id`,`b`.`jenis_barang_id` AS `jenis_barang_id`,`b`.`jenis_barang_nama` AS `jenis_barang_nama`,`a`.`barang_kode` AS `barang_kode`,`a`.`barang_nama` AS `barang_nama`,`c`.`satuan_id` AS `satuan_id`,`c`.`satuan_nama` AS `satuan_nama`,`a`.`barang_minimum_stok` AS `stok_minimum`,`d`.`stok_gudang_jumlah` AS `stok_gudang`,`e`.`gudang_id` AS `gudang_id`,`e`.`gudang_nama` AS `gudang_nama`,`f`.`cabang_id` AS `cabang_id`,`f`.`cabang_nama` AS `cabang_nama`,`g`.`kartu_stok_tanggal` AS `kartu_stok_tanggal`,`g`.`kartu_stok_id` AS `kartu_stok_id`,`g`.`kartu_stok_referensi` AS `kartu_stok_referensi`,`g`.`kartu_stok_saldo` AS `kartu_stok_saldo`,if((`g`.`kartu_stok_penyesuaian` = 0),`g`.`kartu_stok_masuk`,`g`.`kartu_stok_penyesuaian`) AS `kartu_stok_masuk`,`g`.`kartu_stok_keluar` AS `kartu_stok_keluar`,if((`g`.`kartu_stok_penyesuaian` = 0),((`g`.`kartu_stok_saldo` + `g`.`kartu_stok_masuk`) - `g`.`kartu_stok_keluar`),`g`.`kartu_stok_penyesuaian`) AS `kartu_stok_sisa`,`g`.`kartu_stok_penyesuaian` AS `kartu_stok_penyesuaian`,`g`.`kartu_stok_keterangan` AS `kartu_stok_keterangan` from ((((((`m_barang` `a` join `m_jenis_barang` `b` on((`b`.`jenis_barang_id` = `a`.`m_jenis_barang_id`))) join `m_satuan` `c` on((`c`.`satuan_id` = `a`.`m_satuan_id`))) join `t_stok_gudang` `d` on((`d`.`m_barang_id` = `a`.`barang_id`))) join `m_gudang` `e` on((`e`.`gudang_id` = `d`.`m_gudang_id`))) join `m_cabang` `f` on((`f`.`cabang_id` = `e`.`m_cabang_id`))) join `t_kartu_stok` `g` on(((`g`.`m_barang_id` = `a`.`barang_id`) and (`g`.`m_gudang_id` = `e`.`gudang_id`))))) */;

/*View structure for view v_karyawan */

/*!50001 DROP TABLE IF EXISTS `v_karyawan` */;
/*!50001 DROP VIEW IF EXISTS `v_karyawan` */;

/*!50001 CREATE VIEW `v_karyawan` AS select `a`.`karyawan_id` AS `karyawan_id`,`a`.`karyawan_nip` AS `karyawan_nip`,`a`.`karyawan_nama` AS `karyawan_nama`,`a`.`karyawan_alamat` AS `karyawan_alamat`,`a`.`karyawan_telepon` AS `karyawan_telepon`,`a`.`m_type_karyawan_id` AS `m_type_karyawan_id`,`a`.`m_cabang_id` AS `m_cabang_id`,`a`.`m_departemen_id` AS `m_departemen_id`,`a`.`karyawan_status_aktif` AS `karyawan_status_aktif`,`a`.`karyawan_create_date` AS `karyawan_create_date`,`a`.`karyawan_create_by` AS `karyawan_create_by`,`a`.`karyawan_update_date` AS `karyawan_update_date`,`a`.`karyawan_update_by` AS `karyawan_update_by`,`a`.`karyawan_revised` AS `karyawan_revised`,`b`.`type_karyawan_nama` AS `type_karyawan_nama`,`c`.`cabang_nama` AS `cabang_nama` from (((`m_karyawan` `a` left join `m_type_karyawan` `b` on((`a`.`m_type_karyawan_id` = `b`.`type_karyawan_id`))) left join `m_cabang` `c` on((`a`.`m_cabang_id` = `c`.`cabang_id`))) left join `m_departemen` `d` on((`a`.`m_departemen_id` = `d`.`departemen_id`))) */;

/*View structure for view v_kas */

/*!50001 DROP TABLE IF EXISTS `v_kas` */;
/*!50001 DROP VIEW IF EXISTS `v_kas` */;

/*!50001 CREATE VIEW `v_kas` AS select `a`.`kas_id` AS `kas_id`,`b`.`cabang_id` AS `cabang_id`,`b`.`cabang_nama` AS `cabang_nama`,`a`.`kas_nama` AS `kas_nama`,`a`.`kas_status_aktif` AS `kas_status_aktif`,`a`.`kas_created_date` AS `kas_created_date`,`a`.`kas_created_by` AS `kas_created_by`,`a`.`kas_update_date` AS `kas_update_date`,`a`.`kas_update_by` AS `kas_update_by`,`a`.`kas_revised` AS `kas_revised` from (`m_kas` `a` join `m_cabang` `b` on((`b`.`cabang_id` = `a`.`m_cabang_id`))) */;

/*View structure for view v_keluar_barang */

/*!50001 DROP TABLE IF EXISTS `v_keluar_barang` */;
/*!50001 DROP VIEW IF EXISTS `v_keluar_barang` */;

/*!50001 CREATE VIEW `v_keluar_barang` AS (select `a`.`keluar_barang_id` AS `keluar_barang_id`,`b`.`cabang_id` AS `cabang_id`,`b`.`cabang_nama` AS `cabang_nama`,`a`.`keluar_barang_nomor` AS `keluar_barang_nomor`,`a`.`keluar_barang_tanggal` AS `keluar_barang_tanggal`,`a`.`keluar_barang_jenis` AS `keluar_barang_jenis`,if((`a`.`keluar_barang_jenis` = 1),'Bahan Baku',if((`a`.`keluar_barang_jenis` = 2),'Bahan Penolong','Lain Lain')) AS `keluar_barang_jenis_nama`,`c`.`gudang_id` AS `gudang_id_permintaan`,`c`.`gudang_nama` AS `gudang_nama_permintaan`,`d`.`gudang_id` AS `gudang_id_tujuan`,`d`.`gudang_nama` AS `gudang_nama_tujuan`,`e`.`departemen_id` AS `departemen_id`,`e`.`departemen_nama` AS `departemen_nama`,`a`.`keluar_barang_status` AS `keluar_barang_status`,`f`.`status_nama` AS `keluar_barang_status_nama`,`a`.`keluar_barang_status_date` AS `keluar_barang_status_date`,`a`.`keluar_barang_penerima` AS `keluar_barang_penerima`,`a`.`keluar_barang_penyerah` AS `keluar_barang_penyerah`,`a`.`keluar_barang_pembuat` AS `keluar_barang_pembuat`,`a`.`keluar_barang_printed` AS `keluar_barang_printed`,`a`.`keluar_barang_created_date` AS `keluar_barang_created_date`,`a`.`keluar_barang_created_by` AS `keluar_barang_created_by`,`a`.`keluar_barang_update_date` AS `keluar_barang_update_date`,`a`.`keluar_barang_update_by` AS `keluar_barang_update_by`,`a`.`keluar_barang_revised` AS `keluar_barang_revised` from (((((`t_keluar_barang` `a` left join `m_cabang` `b` on((`b`.`cabang_id` = `a`.`m_cabang_id`))) left join `m_gudang` `c` on((`c`.`gudang_id` = `a`.`m_gudang_id_permintaan`))) left join `m_gudang` `d` on((`d`.`gudang_id` = `a`.`m_gudang_id_tujuan`))) left join `m_departemen` `e` on((`e`.`departemen_id` = `a`.`m_departemen_id`))) left join `s_keluar_barangstatus` `f` on((`f`.`keluar_barangstatus_id` = `a`.`keluar_barang_status`)))) */;

/*View structure for view v_ketidaksesuaian_spesifikasi */

/*!50001 DROP TABLE IF EXISTS `v_ketidaksesuaian_spesifikasi` */;
/*!50001 DROP VIEW IF EXISTS `v_ketidaksesuaian_spesifikasi` */;

/*!50001 CREATE VIEW `v_ketidaksesuaian_spesifikasi` AS (select `a`.`ketidaksesuaian_spesifikasi_id` AS `ketidaksesuaian_spesifikasi_id`,`a`.`ketidaksesuaian_spesifikasi_nomor` AS `ketidaksesuaian_spesifikasi_nomor`,`a`.`ketidaksesuaian_spesifikasi_tanggal` AS `ketidaksesuaian_spesifikasi_tanggal`,`b`.`cabang_id` AS `cabang_id`,`b`.`cabang_nama` AS `cabang_nama`,`c`.`perolehan_produksi_id` AS `perolehan_produksi_id`,`c`.`perolehan_produksi_nomor` AS `perolehan_produksi_nomor`,`a`.`ketidaksesuaian_spesifikasi_created_date` AS `ketidaksesuaian_spesifikasi_created_date`,`a`.`ketidaksesuaian_spesifikasi_created_by` AS `ketidaksesuaian_spesifikasi_created_by`,`a`.`ketidaksesuaian_spesifikasi_update_date` AS `ketidaksesuaian_spesifikasi_update_date`,`a`.`ketidaksesuaian_spesifikasi_update_by` AS `ketidaksesuaian_spesifikasi_update_by`,`a`.`ketidaksesuaian_spesifikasi_revised` AS `ketidaksesuaian_spesifikasi_revised` from ((`t_ketidaksesuaian_spesifikasi` `a` join `m_cabang` `b` on((`b`.`cabang_id` = `a`.`m_cabang_id`))) join `t_perolehan_produksi` `c` on((`c`.`perolehan_produksi_id` = `a`.`t_jadwal_produksi_id`)))) */;

/*View structure for view v_konsinyasi */

/*!50001 DROP TABLE IF EXISTS `v_konsinyasi` */;
/*!50001 DROP VIEW IF EXISTS `v_konsinyasi` */;

/*!50001 CREATE VIEW `v_konsinyasi` AS select `m_konsinyasi`.`konsinyasi_id` AS `konsinyasi_id`,`m_konsinyasi`.`m_jenis_barang_id` AS `m_jenis_barang_id`,`m_jenis_barang`.`jenis_barang_nama` AS `jenis_barang_nama`,`m_konsinyasi`.`m_category_2_id` AS `m_category_2_id`,`m_category_2`.`category_2_nama` AS `category_2_nama`,`m_konsinyasi`.`m_barang_id` AS `m_barang_id`,`m_barang`.`barang_nama` AS `barang_nama`,`m_konsinyasi`.`konsinyasi_status_aktif` AS `konsinyasi_status_aktif`,`m_konsinyasi`.`konsinyasi_create_date` AS `konsinyasi_create_date`,`m_konsinyasi`.`konsinyasi_create_by` AS `konsinyasi_create_by`,`m_konsinyasi`.`konsinyasi_update_date` AS `konsinyasi_update_date`,`m_konsinyasi`.`konsinyasi_update_by` AS `konsinyasi_update_by`,`m_konsinyasi`.`konsinyasi_revised` AS `konsinyasi_revised` from (((`m_konsinyasi` join `m_jenis_barang` on((`m_konsinyasi`.`m_jenis_barang_id` = `m_jenis_barang`.`jenis_barang_id`))) join `m_category_2` on((`m_konsinyasi`.`m_category_2_id` = `m_category_2`.`category_2_id`))) join `m_barang` on((`m_konsinyasi`.`m_barang_id` = `m_barang`.`barang_id`))) */;

/*View structure for view v_laporan_spp_belum_realisasi */

/*!50001 DROP TABLE IF EXISTS `v_laporan_spp_belum_realisasi` */;
/*!50001 DROP VIEW IF EXISTS `v_laporan_spp_belum_realisasi` */;

/*!50001 CREATE VIEW `v_laporan_spp_belum_realisasi` AS (select `e`.`cabang_id` AS `cabang_id`,`e`.`cabang_nama` AS `cabang_nama`,`f`.`gudang_id` AS `gudang_id`,`f`.`gudang_nama` AS `gudang_nama`,`a`.`permintaan_pembelian_nomor` AS `permintaan_pembelian_nomor`,`a`.`permintaan_pembelian_tanggal` AS `permintaan_pembelian_tanggal`,`c`.`barang_kode` AS `barang_kode`,`c`.`barang_nama` AS `barang_nama`,`b`.`permintaan_pembeliandet_qty` AS `permintaan_pembelian_qty`,`d`.`satuan_nama` AS `satuan_nama`,`a`.`permintaan_pembelian_alasan` AS `permintaan_pembelian_alasan` from (((((`t_permintaan_pembelian` `a` join `t_permintaan_pembeliandet` `b` on((`b`.`t_permintaan_pembelian_id` = `a`.`permintaan_pembelian_id`))) join `m_barang` `c` on((`c`.`barang_id` = `b`.`m_barang_id`))) join `m_satuan` `d` on((`d`.`satuan_id` = `c`.`m_satuan_id`))) join `m_cabang` `e` on((`e`.`cabang_id` = `a`.`m_cabang_id`))) join `m_gudang` `f` on((`f`.`gudang_id` = `a`.`m_gudang_id_permintaan`))) where (`a`.`permintaan_pembelian_status` < 3)) */;

/*View structure for view v_mutasi_bankkas */

/*!50001 DROP TABLE IF EXISTS `v_mutasi_bankkas` */;
/*!50001 DROP VIEW IF EXISTS `v_mutasi_bankkas` */;

/*!50001 CREATE VIEW `v_mutasi_bankkas` AS (select `a`.`mutasi_bankkas_id` AS `mutasi_bankkas_id`,`a`.`mutasi_bankkas_nomor` AS `mutasi_bankkas_nomor`,`a`.`mutasi_bankkas_tanggal` AS `mutasi_bankkas_tanggal`,`a`.`mutasi_bankkas_tipe` AS `mutasi_bankkas_tipe`,if((`a`.`mutasi_bankkas_tipe` = 1),'Mutasi Bank ke Kas',if((`a`.`mutasi_bankkas_tipe` = 2),'Mutasi Bank ke Kas','Mutasi Bank ke Bank')) AS `mutasi_bankkas_tipe_nama`,if((`a`.`mutasi_bankkas_tipe` = 1),`b`.`bank_nama`,if((`a`.`mutasi_bankkas_tipe` = 2),`d`.`kas_nama`,`b`.`bank_nama`)) AS `mutasi_bankkas_dari`,if((`a`.`mutasi_bankkas_tipe` = 1),`h`.`kas_nama`,if((`a`.`mutasi_bankkas_tipe` = 2),`f`.`bank_nama`,`f`.`bank_nama`)) AS `mutasi_bankkas_ke`,if((`a`.`mutasi_bankkas_tipe` = 1),`c`.`cabang_id`,`e`.`cabang_id`) AS `cabang_id`,if((`a`.`mutasi_bankkas_tipe` = 1),`c`.`cabang_nama`,`e`.`cabang_nama`) AS `cabang_nama`,`a`.`mutasi_bankkas_nominal` AS `mutasi_bankkas_nominal` from ((((((((`t_mutasi_bankkas` `a` left join `m_bank` `b` on((`b`.`bank_id` = `a`.`mutasi_bankkas_refrensi_id1`))) left join `m_cabang` `c` on((`c`.`cabang_id` = `b`.`m_cabang_id`))) left join `m_kas` `d` on((`d`.`kas_id` = `a`.`mutasi_bankkas_refrensi_id2`))) left join `m_cabang` `e` on((`e`.`cabang_id` = `d`.`m_cabang_id`))) left join `m_bank` `f` on((`f`.`bank_id` = `a`.`mutasi_bankkas_refrensi_id2`))) left join `m_cabang` `g` on((`g`.`cabang_id` = `f`.`m_cabang_id`))) left join `m_kas` `h` on((`h`.`kas_id` = `a`.`mutasi_bankkas_refrensi_id2`))) left join `m_cabang` `i` on((`i`.`cabang_id` = `h`.`m_cabang_id`)))) */;

/*View structure for view v_nota_debet */

/*!50001 DROP TABLE IF EXISTS `v_nota_debet` */;
/*!50001 DROP VIEW IF EXISTS `v_nota_debet` */;

/*!50001 CREATE VIEW `v_nota_debet` AS (select `a`.`nota_debet_id` AS `nota_debet_id`,`a`.`nota_debet_nomor` AS `nota_debet_nomor`,`a`.`nota_debet_tanggal` AS `nota_debet_tanggal`,`e`.`retur_pembelian_id` AS `retur_pembelian_id`,`e`.`retur_pembelian_nomor` AS `retur_pembelian_nomor`,`e`.`retur_pembelian_tanggal` AS `retur_pembelian_tanggal`,`b`.`cabang_id` AS `cabang_id`,`b`.`cabang_nama` AS `cabang_nama`,`c`.`partner_id` AS `partner_id`,`c`.`partner_nama` AS `partner_nama`,`d`.`gudang_id` AS `gudang_id`,`d`.`gudang_nama` AS `gudang_nama`,`a`.`nota_debet_subtotal` AS `nota_debet_subtotal`,`a`.`nota_debet_ppn` AS `nota_debet_ppn`,`a`.`nota_debet_total` AS `nota_debet_total`,`a`.`nota_debet_catatan` AS `nota_debet_catatan`,`a`.`nota_debet_metode_pembayaran` AS `nota_debet_metode_pembayaran`,`a`.`nota_debet_status` AS `nota_debet_status`,if((`a`.`nota_debet_status` = 1),'Nota Debet Baru',if((`a`.`nota_debet_status` = 2),'Nota Debet Diterima','Nota Debet Disetujui')) AS `nota_debet_status_nama`,`a`.`nota_debet_status_date` AS `nota_debet_status_date`,`a`.`nota_debet_printed` AS `nota_debet_printed`,`a`.`nota_debet_created_date` AS `nota_debet_created_date`,`a`.`nota_debet_created_by` AS `nota_debet_created_by`,`a`.`nota_debet_update_date` AS `nota_debet_update_date`,`a`.`nota_debet_update_by` AS `nota_debet_update_by`,`a`.`nota_debet_revised` AS `nota_debet_revised` from ((((`t_nota_debet` `a` join `m_cabang` `b` on((`b`.`cabang_id` = `a`.`m_cabang_id`))) join `m_partner` `c` on((`c`.`partner_id` = `a`.`m_partner_id`))) join `m_gudang` `d` on((`d`.`gudang_id` = `a`.`m_gudang_id`))) join `t_retur_pembelian` `e` on((`e`.`retur_pembelian_id` = `a`.`t_retur_pembelian_id`)))) */;

/*View structure for view v_nota_kredit */

/*!50001 DROP TABLE IF EXISTS `v_nota_kredit` */;
/*!50001 DROP VIEW IF EXISTS `v_nota_kredit` */;

/*!50001 CREATE VIEW `v_nota_kredit` AS (select `a`.`nota_kredit_id` AS `nota_kredit_id`,`a`.`nota_kredit_nomor` AS `nota_kredit_nomor`,`b`.`cabang_id` AS `cabang_id`,`b`.`cabang_nama` AS `cabang_nama`,`a`.`nota_kredit_tanggal` AS `nota_kredit_tanggal`,`a`.`nota_kredit_jenis` AS `nota_kredit_jenis`,if((`a`.`nota_kredit_jenis` = 0),`c`.`sj_retur_nomor`,`d`.`bpbr_nomor`) AS `nomor_refrensi`,`c`.`sj_retur_id` AS `sj_retur_id`,`c`.`sj_retur_nomor` AS `sj_retur_nomor`,`a`.`nota_kredit_netto` AS `nota_kredit_netto`,`a`.`nota_kredit_potongan_harga` AS `nota_kredit_potongan_harga`,`a`.`nota_kredit_uang_muka` AS `nota_kredit_uang_muka`,`a`.`nota_kredit_ppn` AS `nota_kredit_ppn`,`a`.`nota_kredit_total` AS `nota_kredit_total`,`a`.`nota_kredit_catatan` AS `nota_kredit_catatan` from (((`t_nota_kredit` `a` join `m_cabang` `b` on((`b`.`cabang_id` = `a`.`m_cabang_id`))) left join `t_sj_retur` `c` on((`c`.`sj_retur_id` = `a`.`referensi_id`))) left join `t_bpbr` `d` on((`d`.`bpbr_id` = `a`.`referensi_id`)))) */;

/*View structure for view v_order */

/*!50001 DROP TABLE IF EXISTS `v_order` */;
/*!50001 DROP VIEW IF EXISTS `v_order` */;

/*!50001 CREATE VIEW `v_order` AS (select `a`.`order_id` AS `order_id`,`a`.`order_nomor` AS `order_nomor`,`a`.`order_type` AS `order_type`,if((`a`.`order_type` = 0),'PO','WO') AS `order_jenis_nama`,`a`.`order_tanggal` AS `order_tanggal`,`b`.`cabang_id` AS `cabang_id`,`b`.`cabang_nama` AS `cabang_nama`,`c`.`penawaran_id` AS `penawaran_id`,`c`.`penawaran_nomor` AS `penawaran_nomor`,`d`.`partner_id` AS `partner_id`,`d`.`partner_nama` AS `partner_nama`,`a`.`order_nama_dikirim` AS `order_nama_dikirim`,`a`.`order_alamat_dikirim` AS `order_alamat_dikirim`,`a`.`order_hp_fax` AS `order_hp_fax`,`a`.`order_subtotal` AS `order_subtotal`,`a`.`order_ppn` AS `order_ppn`,`a`.`order_total` AS `order_total`,`a`.`order_tanggal_kirim` AS `order_tanggal_kirim`,`a`.`order_pembayaran` AS `order_pembayaran`,if((`a`.`order_pembayaran` = 1),'Tunai','Kredit') AS `order_pembayaran_nama`,`a`.`order_status` AS `order_status`,if((`a`.`order_type` = 0),if((`a`.`order_status` = 1),'PO Baru',if((`a`.`order_status` = 2),'PO Diterima ',if((`a`.`order_status` = 3),'PO Disetujui',if((`a`.`order_status` = 4),'PO Berjalan',if((`a`.`order_status` = 5),'PO Selesai',if((`a`.`order_status` = -(1)),'PO Tidak Disetujui','PO Edited')))))),if((`a`.`order_status` = 1),'WO Baru',if((`a`.`order_status` = 2),'WO Diterima ',if((`a`.`order_status` = 3),'WO Disetujui',if((`a`.`order_status` = 4),'WO Berjalan',if((`a`.`order_status` = 5),'WO Selesai',if((`a`.`order_status` = -(1)),'WO Tidak Disetujui','WO Edited'))))))) AS `order_status_nama`,`a`.`order_status_date` AS `order_status_date`,`a`.`order_printed` AS `order_printed`,`a`.`order_created_date` AS `order_created_date`,`a`.`order_created_by` AS `order_created_by`,`a`.`order_update_date` AS `order_update_date`,`a`.`order_update_by` AS `order_update_by`,`a`.`order_revised` AS `order_revised` from (((`t_order` `a` join `m_cabang` `b` on((`b`.`cabang_id` = `a`.`m_cabang_id`))) join `t_penawaran` `c` on((`c`.`penawaran_id` = `a`.`order_referensi_id`))) join `m_partner` `d` on((`d`.`partner_id` = `a`.`m_supplier_id`)))) */;

/*View structure for view v_payment_request */

/*!50001 DROP TABLE IF EXISTS `v_payment_request` */;
/*!50001 DROP VIEW IF EXISTS `v_payment_request` */;

/*!50001 CREATE VIEW `v_payment_request` AS (select `a`.`payment_request_id` AS `payment_request_id`,`b`.`cabang_id` AS `cabang_id`,`b`.`cabang_nama` AS `cabang_nama`,`a`.`payment_request_nomor` AS `payment_request_nomor`,`a`.`payment_request_tanggal` AS `payment_request_tanggal`,`a`.`payment_request_lampiran` AS `payment_request_lampiran`,`c`.`partner_id` AS `partner_id`,`c`.`partner_nama` AS `partner_nama`,`a`.`payment_request_keperluan` AS `payment_request_keperluan`,`a`.`payment_request_voucher` AS `payment_request_voucher`,`a`.`payment_request_discount` AS `payment_request_discount`,`a`.`payment_request_jumlah_bayar` AS `payment_request_jumlah_bayar`,`a`.`payment_request_tipe_pengeluaran` AS `payment_request_tipe_pengeluaran`,if((`a`.`payment_request_tipe_pengeluaran` = 1),'Bank',if((`a`.`payment_request_tipe_pengeluaran` = 2),'Kas','Giro')) AS `payment_request_tipe_pengeluaran_nama`,`a`.`pengeluaran_id` AS `pengeluaran_id`,if((`a`.`payment_request_tipe_pengeluaran` = 1),`d`.`bank_nama`,`e`.`kas_nama`) AS `payment_request_pengeluaran_nama`,`a`.`payment_request_status` AS `payment_request_status`,if((`a`.`payment_request_status` = 1),'Payment Request Baru',if((`a`.`payment_request_status` = 2),'Payment Request Disetujui','Payment Request Tidak Disetujui')) AS `payment_request_status_nama`,`a`.`payment_request_created_date` AS `payment_request_created_date`,`a`.`payment_request_created_by` AS `payment_request_created_by`,`a`.`payment_request_updated_date` AS `payment_request_updated_date`,`a`.`payment_request_updated_by` AS `payment_request_updated_by`,`a`.`payment_request_revised` AS `payment_request_revised` from ((((`t_payment_request` `a` join `m_cabang` `b` on((`b`.`cabang_id` = `a`.`m_cabang_id`))) join `m_partner` `c` on((`c`.`partner_id` = `a`.`m_partner_id`))) left join `m_bank` `d` on((`d`.`bank_id` = `a`.`pengeluaran_id`))) left join `m_kas` `e` on((`e`.`kas_id` = `a`.`pengeluaran_id`)))) */;

/*View structure for view v_payment_request_piutang */

/*!50001 DROP TABLE IF EXISTS `v_payment_request_piutang` */;
/*!50001 DROP VIEW IF EXISTS `v_payment_request_piutang` */;

/*!50001 CREATE VIEW `v_payment_request_piutang` AS (select `a`.`payment_request_piutang_id` AS `payment_request_piutang_id`,`b`.`cabang_id` AS `cabang_id`,`b`.`cabang_nama` AS `cabang_nama`,`a`.`payment_request_piutang_nomor` AS `payment_request_piutang_nomor`,`a`.`payment_request_piutang_tanggal` AS `payment_request_piutang_tanggal`,`a`.`payment_request_piutang_lampiran` AS `payment_request_piutang_lampiran`,`c`.`partner_id` AS `partner_id`,`c`.`partner_nama` AS `partner_nama`,`a`.`payment_request_piutang_keperluan` AS `payment_request_piutang_keperluan`,`a`.`payment_request_piutang_voucher` AS `payment_request_piutang_voucher`,`a`.`payment_request_piutang_discount` AS `payment_request_piutang_discount`,`a`.`payment_request_piutang_jumlah_bayar` AS `payment_request_piutang_jumlah_bayar`,`a`.`payment_request_piutang_tipe_pemasukkan` AS `payment_request_piutang_tipe_pemasukkan`,if((`a`.`payment_request_piutang_tipe_pemasukkan` = 1),'Bank',if((`a`.`payment_request_piutang_tipe_pemasukkan` = 2),'Kas','Giro')) AS `payment_request_piutang_tipe_pemasukkan_nama`,`a`.`pemasukkan_id` AS `pemasukkan_id`,if((`a`.`payment_request_piutang_tipe_pemasukkan` = 1),`d`.`bank_nama`,`e`.`kas_nama`) AS `payment_request_piutang_pemasukkan_nama`,`a`.`payment_request_piutang_status` AS `payment_request_piutang_status`,if((`a`.`payment_request_piutang_status` = 1),'Pelunasan Piutang Baru',if((`a`.`payment_request_piutang_status` = 2),'Pelunasan Piutang Disetujui','Pelunasan Piutang Tidak Disetujui')) AS `payment_request_piutang_status_nama`,`a`.`payment_request_piutang_created_date` AS `payment_request_piutang_created_date`,`a`.`payment_request_piutang_created_by` AS `payment_request_piutang_created_by`,`a`.`payment_request_piutang_updated_date` AS `payment_request_piutang_updated_date`,`a`.`payment_request_piutang_updated_by` AS `payment_request_piutang_updated_by`,`a`.`payment_request_piutang_revised` AS `payment_request_piutang_revised` from ((((`t_payment_request_piutang` `a` join `m_cabang` `b` on((`b`.`cabang_id` = `a`.`m_cabang_id`))) join `m_partner` `c` on((`c`.`partner_id` = `a`.`m_partner_id`))) left join `m_bank` `d` on((`d`.`bank_id` = `a`.`pemasukkan_id`))) left join `m_kas` `e` on((`e`.`kas_id` = `a`.`pemasukkan_id`)))) */;

/*View structure for view v_penawaran */

/*!50001 DROP TABLE IF EXISTS `v_penawaran` */;
/*!50001 DROP VIEW IF EXISTS `v_penawaran` */;

/*!50001 CREATE VIEW `v_penawaran` AS (select `a`.`penawaran_id` AS `penawaran_id`,`a`.`penawaran_nomor` AS `penawaran_nomor`,`a`.`penawaran_jenis` AS `penawaran_jenis`,if((`a`.`penawaran_jenis` = 1),'Pembelian','Maklon') AS `penawaran_jenis_nama`,`a`.`penawaran_tanggal` AS `penawaran_tanggal`,`b`.`cabang_id` AS `cabang_id`,`b`.`cabang_nama` AS `cabang_nama`,`a`.`penawaran_step` AS `penawaran_step`,`a`.`penawaran_status` AS `penawaran_status`,if((`a`.`penawaran_status` = 1),'Penawaran Baru',if((`a`.`penawaran_status` = 2),'Pemilihan Supplier',if((`a`.`penawaran_status` = 3),'Pengisian Harga',if((`a`.`penawaran_status` = 4),'Penawaran Selesai','Penawaran Dibatalkan')))) AS `penawaran_status_nama`,`a`.`penawaran_status_date` AS `penawaran_status_date`,`a`.`penawaran_printed` AS `penawaran_printed`,`a`.`penawaran_create_date` AS `penawaran_create_date`,`a`.`penawaran_create_by` AS `penawaran_create_by`,`a`.`penawaran_update_date` AS `penawaran_update_date`,`a`.`penawaran_update_by` AS `penawaran_update_by`,`a`.`penawaran_revised` AS `penawaran_revised` from (`t_penawaran` `a` join `m_cabang` `b` on((`b`.`cabang_id` = `a`.`m_cabang_id`)))) */;

/*View structure for view v_penerimaan_barang */

/*!50001 DROP TABLE IF EXISTS `v_penerimaan_barang` */;
/*!50001 DROP VIEW IF EXISTS `v_penerimaan_barang` */;

/*!50001 CREATE VIEW `v_penerimaan_barang` AS (select `a`.`penerimaan_barang_id` AS `penerimaan_barang_id`,`a`.`penerimaan_barang_nomor` AS `penerimaan_barang_nomor`,`a`.`penerimaan_barang_tanggal` AS `penerimaan_barang_tanggal`,`b`.`cabang_id` AS `cabang_id`,`b`.`cabang_nama` AS `cabang_nama`,`c`.`order_id` AS `order_id`,`c`.`order_nomor` AS `order_nomor`,`a`.`penerimaan_barang_tanggal_terima` AS `penerimaan_barang_tanggal_terima`,`a`.`penerimaan_barang_status` AS `penerimaan_barang_status`,if((`a`.`penerimaan_barang_status` = 1),'BPB Baru',if((`a`.`penerimaan_barang_status` = 2),'BPB Berjalan','BPB Selesai')) AS `penerimaan_barang_status_nama`,`a`.`penerimaan_barang_status_date` AS `penerimaan_barang_status_date`,`a`.`penerimaan_barang_printed` AS `penerimaan_barang_printed`,`a`.`penerimaan_barang_created_date` AS `penerimaan_barang_created_date`,`a`.`penerimaan_barang_created_by` AS `penerimaan_barang_created_by`,`a`.`penerimaan_barang_update_date` AS `penerimaan_barang_update_date`,`a`.`penerimaan_barang_update_by` AS `penerimaan_barang_update_by`,`a`.`penerimaan_barang_revised` AS `penerimaan_barang_revised` from ((`t_penerimaan_barang` `a` join `m_cabang` `b` on((`b`.`cabang_id` = `a`.`m_cabang_id`))) join `t_order` `c` on((`c`.`order_id` = `a`.`t_order_id`)))) */;

/*View structure for view v_penerimaan_barang_retur */

/*!50001 DROP TABLE IF EXISTS `v_penerimaan_barang_retur` */;
/*!50001 DROP VIEW IF EXISTS `v_penerimaan_barang_retur` */;

/*!50001 CREATE VIEW `v_penerimaan_barang_retur` AS (select `a`.`bpbr_id` AS `bpbr_id`,`a`.`bpbr_nomor` AS `bpbr_nomor`,`b`.`cabang_id` AS `cabang_id`,`b`.`cabang_nama` AS `cabang_nama`,`a`.`bpbr_tanggal` AS `bpbr_tanggal`,`c`.`retur_penjualan_id` AS `retur_penjualan_id`,`c`.`retur_penjualan_nomor` AS `retur_penjualan_nomor`,`a`.`bpbr_pengecekan` AS `bpbr_pengecekan`,`a`.`bpbr_catatan` AS `bpbr_catatan` from ((`t_bpbr` `a` join `m_cabang` `b` on((`b`.`cabang_id` = `a`.`m_cabang_id`))) left join `t_retur_penjualan` `c` on((`c`.`retur_penjualan_id` = `a`.`t_retur_penjualan_id`)))) */;

/*View structure for view v_pengeluaran_kaskecil */

/*!50001 DROP TABLE IF EXISTS `v_pengeluaran_kaskecil` */;
/*!50001 DROP VIEW IF EXISTS `v_pengeluaran_kaskecil` */;

/*!50001 CREATE VIEW `v_pengeluaran_kaskecil` AS (select `a`.`pengeluaran_kaskecil_id` AS `pengeluaran_kaskecil_id`,`a`.`pengeluaran_kaskecil_nomor` AS `pengeluaran_kaskecil_nomor`,`a`.`pengeluaran_kaskecil_tanggal` AS `pengeluaran_kaskecil_tanggal`,`b`.`kas_id` AS `kas_id`,`b`.`kas_nama` AS `kas_nama`,`a`.`pengeluaran_kaskecil_total` AS `pengeluaran_kaskecil_total` from ((`t_pengeluaran_kaskecil` `a` left join `m_kas` `b` on((`b`.`kas_id` = `a`.`m_kas_id`))) left join `m_cabang` `c` on((`c`.`cabang_id` = `b`.`m_cabang_id`)))) */;

/*View structure for view v_pengembalian_barang */

/*!50001 DROP TABLE IF EXISTS `v_pengembalian_barang` */;
/*!50001 DROP VIEW IF EXISTS `v_pengembalian_barang` */;

/*!50001 CREATE VIEW `v_pengembalian_barang` AS select `a`.`pengembalian_barang_id` AS `pengembalian_barang_id`,`a`.`pengembalian_barang_nomor` AS `pengembalian_barang_nomor`,`a`.`pengembalian_barang_awal` AS `pengembalian_barang_awal`,`a`.`pengembalian_barang_tujuan` AS `pengembalian_barang_tujuan`,`a`.`pengembalian_barang_status` AS `pengembalian_barang_status`,if((`a`.`pengembalian_barang_status` = '1'),'Pengembalian Barang Baru','Pengembalian Barang Diterima') AS `pengembalian_barang_status_nama`,`a`.`pengembalian_barang_created_date` AS `pengembalian_barang_created_date`,`a`.`pengembalian_barang_created_by` AS `pengembalian_barang_created_by`,`a`.`pengembalian_barang_update_date` AS `pengembalian_barang_update_date`,`a`.`pengembalian_barang_update_by` AS `pengembalian_barang_update_by`,`a`.`pengembalian_barang_revised` AS `pengembalian_barang_revised`,`b`.`cabang_id` AS `cabang_id`,`b`.`cabang_nama` AS `cabang_nama` from (`t_pengembalian_barang` `a` join `m_cabang` `b` on((`b`.`cabang_id` = `a`.`m_cabang_id`))) */;

/*View structure for view v_pengubahan_bahan */

/*!50001 DROP TABLE IF EXISTS `v_pengubahan_bahan` */;
/*!50001 DROP VIEW IF EXISTS `v_pengubahan_bahan` */;

/*!50001 CREATE VIEW `v_pengubahan_bahan` AS select `a`.`pengubahan_bahan_id` AS `pengubahan_bahan_id`,`a`.`pengubahan_bahan_nomor` AS `pengubahan_bahan_nomor`,`a`.`pengubahan_bahan_tanggal` AS `pengubahan_bahan_tanggal`,`a`.`pengubahan_bahan_status` AS `pengubahan_bahan_status`,if((`a`.`pengubahan_bahan_status` = '1'),'Pengubahan Bahan Baru',if((`a`.`pengubahan_bahan_status` = '2'),'Pengubahan Bahan Diverifikasi',if((`a`.`pengubahan_bahan_status` = '3'),'Pengubahan Bahan Diterima','Pengubahan Bahan Disetujui'))) AS `pengubahan_bahan_status_nama`,`a`.`pengubahan_bahan_created_date` AS `pengubahan_bahan_created_date`,`a`.`pengubahan_bahan_created_by` AS `pengubahan_bahan_created_by`,`a`.`pengubahan_bahan_update_date` AS `pengubahan_bahan_update_date`,`a`.`pengubahan_bahan_update_by` AS `pengubahan_bahan_update_by`,`a`.`pengubahan_bahan_revised` AS `pengubahan_bahan_revised`,`b`.`cabang_id` AS `cabang_id`,`b`.`cabang_nama` AS `cabang_nama` from (`t_pengubahan_bahan` `a` join `m_cabang` `b` on((`b`.`cabang_id` = `a`.`m_cabang_id`))) */;

/*View structure for view v_perhitungan_kebutuhan */

/*!50001 DROP TABLE IF EXISTS `v_perhitungan_kebutuhan` */;
/*!50001 DROP VIEW IF EXISTS `v_perhitungan_kebutuhan` */;

/*!50001 CREATE VIEW `v_perhitungan_kebutuhan` AS (select `a`.`perhitungan_kebutuhan_id` AS `perhitungan_kebutuhan_id`,`a`.`perhitungan_kebutuhan_nomor` AS `perhitungan_kebutuhan_nomor`,`a`.`perhitungan_kebutuhan_tanggal` AS `perhitungan_kebutuhan_tanggal`,`b`.`cabang_id` AS `cabang_id`,`b`.`cabang_nama` AS `cabang_nama`,`c`.`jadwal_produksi_id` AS `jadwal_produksi_id`,`c`.`jadwal_produksi_nomor` AS `jadwal_produksi_nomor`,`a`.`perhitungan_kebutuhan_status` AS `perhitungan_kebutuhan_status`,if((`a`.`perhitungan_kebutuhan_status` = 1),'Perhitungan Kebutuhan Baru',if((`a`.`perhitungan_kebutuhan_status` = 2),'Perhitungan Kebutuhan Diterima','Perhitungan Kebutuhan Direalisasi')) AS `perhitungan_kebutuhan_status_nama`,`a`.`perhitungan_kebutuhan_status_date` AS `perhitungan_kebutuhan_status_date`,`a`.`perhitungan_kebutuhan_created_date` AS `perhitungan_kebutuhan_created_date`,`a`.`perhitungan_kebutuhan_created_by` AS `perhitungan_kebutuhan_created_by`,`a`.`perhitungan_kebutuhan_update_date` AS `perhitungan_kebutuhan_update_date`,`a`.`perhitungan_kebutuhan_update_by` AS `perhitungan_kebutuhan_update_by`,`a`.`perhitungan_kebutuhan_revised` AS `perhitungan_kebutuhan_revised` from ((`t_perhitungan_kebutuhan` `a` join `m_cabang` `b` on((`b`.`cabang_id` = `a`.`m_cabang_id`))) join `t_jadwal_produksi` `c` on((`c`.`jadwal_produksi_id` = `a`.`t_jadwal_produksi_id`)))) */;

/*View structure for view v_permintaan_jasa */

/*!50001 DROP TABLE IF EXISTS `v_permintaan_jasa` */;
/*!50001 DROP VIEW IF EXISTS `v_permintaan_jasa` */;

/*!50001 CREATE VIEW `v_permintaan_jasa` AS (select `a`.`permintaan_jasa_id` AS `permintaan_jasa_id`,`b`.`cabang_id` AS `cabang_id`,`b`.`cabang_nama` AS `cabang_nama`,`a`.`permintaan_jasa_nomor` AS `permintaan_jasa_nomor`,`c`.`departemen_id` AS `departemen_id`,`c`.`departemen_nama` AS `departemen_nama`,`a`.`permintaan_jasa_tanggal` AS `permintaan_jasa_tanggal`,`a`.`permintaan_jasa_tanggal_dibutuhkan` AS `permintaan_jasa_tanggal_dibutuhkan`,`a`.`permintaan_jasa_status` AS `permintaan_jasa_status`,if((`a`.`permintaan_jasa_status` = 1),'PJ Baru',if((`a`.`permintaan_jasa_status` = 2),'PJ Diterima',if((`a`.`permintaan_jasa_status` = 3),'PJ Ditawarkan',if((`a`.`permintaan_jasa_status` = 4),'PJ Disetujui','PJ Selesai')))) AS `permintaan_jasa_status_nama`,`a`.`permintaan_jasa_status_date` AS `permintaan_jasa_status_date`,`a`.`permintaan_jasa_printed` AS `permintaan_jasa_printed`,`a`.`permintaan_jasa_created_date` AS `permintaan_jasa_created_date`,`a`.`permintaan_jasa_created_by` AS `permintaan_jasa_created_by`,`a`.`permintaan_jasa_update_date` AS `permintaan_jasa_update_date`,`a`.`permintaan_jasa_update_by` AS `permintaan_jasa_update_by`,`a`.`permintaan_jasa_revised` AS `permintaan_jasa_revised` from ((`t_permintaan_jasa` `a` left join `m_cabang` `b` on((`b`.`cabang_id` = `a`.`m_cabang_id`))) left join `m_departemen` `c` on((`c`.`departemen_id` = `a`.`m_departemen_id`)))) */;

/*View structure for view v_permintaan_pembelian */

/*!50001 DROP TABLE IF EXISTS `v_permintaan_pembelian` */;
/*!50001 DROP VIEW IF EXISTS `v_permintaan_pembelian` */;

/*!50001 CREATE VIEW `v_permintaan_pembelian` AS (select `a`.`permintaan_pembelian_id` AS `permintaan_pembelian_id`,`b`.`cabang_id` AS `cabang_id`,`b`.`cabang_nama` AS `cabang_nama`,`a`.`permintaan_pembelian_nomor` AS `permintaan_pembelian_nomor`,`a`.`permintaan_pembelian_tanggal` AS `permintaan_pembelian_tanggal`,`a`.`permintaan_pembelian_tanggal_dibutuhkan` AS `permintaan_pembelian_tanggal_dibutuhkan`,`a`.`permintaan_pembelian_jenis` AS `permintaan_pembelian_jenis`,if((`a`.`permintaan_pembelian_jenis` = 1),'Penting','Biasa') AS `permintaan_pembelian_jenis_nama`,`c`.`gudang_id` AS `gudang_id_permintaan`,`c`.`gudang_nama` AS `gudang_nama_permintaan`,`a`.`permintaan_pembelian_status` AS `permintaan_pembelian_status`,if((`a`.`permintaan_pembelian_status` = 1),'SPP Baru',if((`a`.`permintaan_pembelian_status` = 2),'SPP Diterima',if((`a`.`permintaan_pembelian_status` = 3),'SPP Ditawarkan',if((`a`.`permintaan_pembelian_status` = 4),'SPP Disetujui',if((`a`.`permintaan_pembelian_status` = 100),'SPP Dibatalkan','SPP Selesai'))))) AS `permintaan_pembelian_status_nama`,`a`.`permintaan_pembelian_status_date` AS `permintaan_pembelian_status_date`,`a`.`permintaan_pembelian_penerima` AS `permintaan_pembelian_penerima`,`a`.`permintaan_pembelian_penyetuju` AS `permintaan_pembelian_penyetuju`,`a`.`permintaan_pembelian_pembuat` AS `permintaan_pembelian_pembuat`,`a`.`permintaan_pembelian_printed` AS `permintaan_pembelian_printed`,`a`.`permintaan_pembelian_created_date` AS `permintaan_pembelian_created_date`,`a`.`permintaan_pembelian_created_by` AS `permintaan_pembelian_created_by`,`a`.`permintaan_pembelian_update_date` AS `permintaan_pembelian_update_date`,`a`.`permintaan_pembelian_update_by` AS `permintaan_pembelian_update_by`,`a`.`permintaan_pembelian_revised` AS `permintaan_pembelian_revised` from ((`t_permintaan_pembelian` `a` left join `m_cabang` `b` on((`b`.`cabang_id` = `a`.`m_cabang_id`))) left join `m_gudang` `c` on((`c`.`gudang_id` = `a`.`m_gudang_id_permintaan`)))) */;

/*View structure for view v_perolehan_produksi */

/*!50001 DROP TABLE IF EXISTS `v_perolehan_produksi` */;
/*!50001 DROP VIEW IF EXISTS `v_perolehan_produksi` */;

/*!50001 CREATE VIEW `v_perolehan_produksi` AS select `a`.`perolehan_produksi_id` AS `perolehan_produksi_id`,`a`.`perolehan_produksi_nomor` AS `perolehan_produksi_nomor`,`a`.`perolehan_produksi_total` AS `perolehan_produksi_total`,`a`.`perolehan_produksi_afalan` AS `perolehan_produksi_afalan`,`a`.`perolehan_produksi_created_date` AS `perolehan_produksi_created_date`,`a`.`perolehan_produksi_created_by` AS `perolehan_produksi_created_by`,`a`.`perolehan_produksi_update_date` AS `perolehan_produksi_update_date`,`a`.`perolehan_produksi_update_by` AS `perolehan_produksi_update_by`,`a`.`perolehan_produksi_revised` AS `perolehan_produksi_revised`,`b`.`cabang_id` AS `cabang_id`,`b`.`cabang_nama` AS `cabang_nama`,`c`.`gudang_id` AS `gudang_id`,`c`.`gudang_nama` AS `gudang_nama` from ((`t_perolehan_produksi` `a` join `m_cabang` `b` on((`b`.`cabang_id` = `a`.`m_cabang_id`))) left join `m_gudang` `c` on((`c`.`gudang_id` = `a`.`m_gudang_id`))) */;

/*View structure for view v_po_customer */

/*!50001 DROP TABLE IF EXISTS `v_po_customer` */;
/*!50001 DROP VIEW IF EXISTS `v_po_customer` */;

/*!50001 CREATE VIEW `v_po_customer` AS (select `a`.`po_customer_id` AS `po_customer_id`,`b`.`cabang_id` AS `cabang_id`,`b`.`cabang_nama` AS `cabang_nama`,`a`.`po_customer_nomor` AS `po_customer_nomor`,`a`.`po_customer_tanggal` AS `po_customer_tanggal`,`c`.`partner_id` AS `partner_id`,`c`.`partner_nama` AS `partner_nama`,`a`.`po_customer_kontak_person` AS `po_customer_kontak_person`,`a`.`po_customer_nama_pelanggan` AS `po_customer_nama_pelanggan`,`a`.`po_customer_perjanjian_bayar` AS `po_customer_perjanjian_bayar`,`a`.`po_customer_jasaangkut_jenis` AS `po_customer_jasaangkut_jenis`,if((`a`.`po_customer_jasaangkut_jenis` = 1),'Ekspedisi','Kirim Sendiri') AS `po_customer_jasaangkut_jenis_nama`,`a`.`po_customer_ekspedisi` AS `po_customer_ekspedisi`,`a`.`po_customer_jasaangkut_bayar` AS `po_customer_jasaangkut_bayar`,if((`a`.`po_customer_jasaangkut_bayar` = 1),'Bayar Kantor','Bayar Toko') AS `po_customer_jasaangkut_bayar_nama`,`a`.`po_customer_catatan` AS `po_customer_catatan`,`a`.`po_customer_step` AS `po_customer_step`,`a`.`po_customer_status` AS `po_customer_status`,if((`a`.`po_customer_status` = 1),'Draft PO',if((`a`.`po_customer_status` = 2),'Cek Stok Barang',if((`a`.`po_customer_status` = 3),'Cek Kredit Limit',if((`a`.`po_customer_status` = 4),'Menunggu Persetujuan',if((`a`.`po_customer_status` = 5),'PO Diterima',if((`a`.`po_customer_status` = 6),'Terbit SO','PO Tidak Diterima')))))) AS `po_customer_status_nama_old`,if((`a`.`po_customer_status` = 1),'PO Pending',if((`a`.`po_customer_status` = 2),'PO Pending',if((`a`.`po_customer_status` = 3),'PO Pending',if((`a`.`po_customer_status` = 4),'PO Pending',if((`a`.`po_customer_status` = 5),'PO Disetujui',if((`a`.`po_customer_status` = 6),'PO Disetujui',if((`a`.`po_customer_status` = 7),'PO Cancel',if((`a`.`po_customer_status` = 8),'PO Cancel Kredit Limit','PO Revisi')))))))) AS `po_customer_status_nama_lama`,if((`a`.`po_customer_status` = 1),'Draft PO',if((`a`.`po_customer_status` = 2),'Cek Stok Barang',if((`a`.`po_customer_status` = 3),'Cek Kredit Limit',if((`a`.`po_customer_status` = 4),'Menunggu Persetujuan',if((`a`.`po_customer_status` = 5),'PO Direvisi',if((`a`.`po_customer_status` = 6),'PO sesuai',if((`a`.`po_customer_status` = 7),'PO Pending',if((`a`.`po_customer_status` = 8),'PO dicancel (Manajer)',if((`a`.`po_customer_status` = 9),'PO disetujui (Manajer)',if((`a`.`po_customer_status` = 10),'PO disetujui (Admin)','Terbit SO')))))))))) AS `po_customer_status_nama` from ((`t_po_customer` `a` join `m_cabang` `b` on((`b`.`cabang_id` = `a`.`m_cabang_id`))) join `m_partner` `c` on((`c`.`partner_id` = `a`.`m_partner_id`)))) */;

/*View structure for view v_retur_pembelian */

/*!50001 DROP TABLE IF EXISTS `v_retur_pembelian` */;
/*!50001 DROP VIEW IF EXISTS `v_retur_pembelian` */;

/*!50001 CREATE VIEW `v_retur_pembelian` AS (select `a`.`retur_pembelian_id` AS `retur_pembelian_id`,`a`.`retur_pembelian_nomor` AS `retur_pembelian_nomor`,`a`.`retur_pembelian_tanggal` AS `retur_pembelian_tanggal`,`b`.`cabang_id` AS `cabang_id`,`b`.`cabang_nama` AS `cabang_nama`,`c`.`penerimaan_barang_id` AS `penerimaan_barang_id`,`c`.`penerimaan_barang_nomor` AS `penerimaan_barang_nomor`,`d`.`order_ppn` AS `order_ppn`,`a`.`retur_pembelian_status` AS `retur_pembelian_status`,if((`a`.`retur_pembelian_status` = 1),'Retur Pembelian Baru',if((`a`.`retur_pembelian_status` = 2),'Retur Pembelian Diterima',if((`a`.`retur_pembelian_status` = 3),'Retur Pembelian Disetujui','Pembuatan Nota Debet'))) AS `retur_pembelian_status_nama`,`a`.`retur_pembelian_status_date` AS `retur_pembelian_status_date`,`a`.`retur_pembelian_printed` AS `retur_pembelian_printed`,`a`.`retur_pembelian_created_date` AS `retur_pembelian_created_date`,`a`.`retur_pembelian_created_by` AS `retur_pembelian_created_by`,`a`.`retur_pembelian_update_date` AS `retur_pembelian_update_date`,`a`.`retur_pembelian_update_by` AS `retur_pembelian_update_by`,`a`.`retur_pembelian_revised` AS `retur_pembelian_revised` from (((`t_retur_pembelian` `a` join `m_cabang` `b` on((`b`.`cabang_id` = `a`.`m_cabang_id`))) join `t_penerimaan_barang` `c` on((`c`.`penerimaan_barang_id` = `a`.`t_penerimaan_barang_id`))) join `t_order` `d` on((`d`.`order_id` = `c`.`t_order_id`)))) */;

/*View structure for view v_retur_penjualan */

/*!50001 DROP TABLE IF EXISTS `v_retur_penjualan` */;
/*!50001 DROP VIEW IF EXISTS `v_retur_penjualan` */;

/*!50001 CREATE VIEW `v_retur_penjualan` AS (select `a`.`retur_penjualan_id` AS `retur_penjualan_id`,`a`.`retur_penjualan_nomor` AS `retur_penjualan_nomor`,`b`.`cabang_id` AS `cabang_id`,`b`.`cabang_nama` AS `cabang_nama`,`a`.`retur_penjualan_tanggal` AS `retur_penjualan_tanggal`,`a`.`retur_penjualan_status_pengembalianbarang` AS `retur_penjualan_status_pengembalianbarang`,`c`.`sj_retur_id` AS `sj_retur_id`,`c`.`sj_retur_nomor` AS `sj_retur_nomor`,`a`.`retur_penjualan_aksi_bayar` AS `retur_penjualan_aksi_bayar`,`a`.`retur_penjualan_alasan` AS `retur_penjualan_alasan`,`a`.`retur_penjualan_status` AS `retur_penjualan_status`,if((`a`.`retur_penjualan_status` = 1),'Draft Permintaan Retur',if((`a`.`retur_penjualan_status` = 2),'Pengecekan Kebijakan',if((`a`.`retur_penjualan_status` = 3),'Otorisasi Manajer',if((`a`.`retur_penjualan_status` = 4),'Retur Diterima','Retur Ditolak')))) AS `retur_penjualan_status_nama` from ((`t_retur_penjualan` `a` join `m_cabang` `b` on((`b`.`cabang_id` = `a`.`m_cabang_id`))) left join `t_sj_retur` `c` on((`c`.`sj_retur_id` = `a`.`t_sj_retur_id`)))) */;

/*View structure for view v_saldo_bankkas */

/*!50001 DROP TABLE IF EXISTS `v_saldo_bankkas` */;
/*!50001 DROP VIEW IF EXISTS `v_saldo_bankkas` */;

/*!50001 CREATE VIEW `v_saldo_bankkas` AS (select `a`.`saldo_bankkas_id` AS `saldo_bankkas_id`,`a`.`saldo_bankkas_tipe` AS `saldo_bankkas_tipe`,if((`a`.`saldo_bankkas_tipe` = 1),'Saldo Bank','Saldo Kas') AS `saldo_bankkas_tipe_nama`,if((`a`.`saldo_bankkas_tipe` = 1),`b`.`bank_id`,`d`.`kas_id`) AS `bankkas_id`,if((`a`.`saldo_bankkas_tipe` = 1),`b`.`bank_nama`,`d`.`kas_nama`) AS `bankkas_nama`,if((`a`.`saldo_bankkas_tipe` = 1),`c`.`cabang_id`,`e`.`cabang_id`) AS `cabang_id`,if((`a`.`saldo_bankkas_tipe` = 1),`c`.`cabang_nama`,`e`.`cabang_nama`) AS `cabang_nama`,if((`a`.`saldo_bankkas_tipe` = 1),`b`.`bank_status_aktif`,`d`.`kas_status_aktif`) AS `bankkas_status_aktif`,`a`.`saldo_bankkas_nominal` AS `saldo_bankkas_nominal` from ((((`t_saldo_bankkas` `a` left join `m_bank` `b` on((`b`.`bank_id` = `a`.`saldo_bankkas_refrensi_id`))) left join `m_cabang` `c` on((`c`.`cabang_id` = `b`.`m_cabang_id`))) left join `m_kas` `d` on((`d`.`kas_id` = `a`.`saldo_bankkas_refrensi_id`))) left join `m_cabang` `e` on((`e`.`cabang_id` = `d`.`m_cabang_id`)))) */;

/*View structure for view v_serah_terima */

/*!50001 DROP TABLE IF EXISTS `v_serah_terima` */;
/*!50001 DROP VIEW IF EXISTS `v_serah_terima` */;

/*!50001 CREATE VIEW `v_serah_terima` AS select `a`.`serah_terima_id` AS `serah_terima_id`,`a`.`serah_terima_nomor` AS `serah_terima_nomor`,`a`.`serah_terima_daribagian` AS `serah_terima_daribagian`,`a`.`serah_terima_darishift` AS `serah_terima_darishift`,`a`.`serah_terima_kebagian` AS `serah_terima_kebagian`,`a`.`serah_terima_keshift` AS `serah_terima_keshift`,`a`.`serah_terima_status` AS `serah_terima_status`,if((`a`.`serah_terima_status` = '1'),'Serah Terima Baru','Serah Terima Diterima') AS `serah_terima_status_nama`,`a`.`serah_terima_created_date` AS `serah_terima_created_date`,`a`.`serah_terima_created_by` AS `serah_terima_created_by`,`a`.`serah_terima_update_date` AS `serah_terima_update_date`,`a`.`serah_terima_update_by` AS `serah_terima_update_by`,`a`.`serah_terima_revised` AS `serah_terima_revised`,`b`.`cabang_id` AS `cabang_id`,`b`.`cabang_nama` AS `cabang_nama` from (`t_serah_terima` `a` join `m_cabang` `b` on((`b`.`cabang_id` = `a`.`m_cabang_id`))) */;

/*View structure for view v_so_customer */

/*!50001 DROP TABLE IF EXISTS `v_so_customer` */;
/*!50001 DROP VIEW IF EXISTS `v_so_customer` */;

/*!50001 CREATE VIEW `v_so_customer` AS (select `a`.`so_customer_id` AS `so_customer_id`,`b`.`cabang_id` AS `cabang_id`,`b`.`cabang_nama` AS `cabang_nama`,`a`.`so_customer_nomor` AS `so_customer_nomor`,`a`.`so_customer_tanggal` AS `so_customer_tanggal`,`c`.`po_customer_id` AS `po_customer_id`,`c`.`po_customer_nomor` AS `po_customer_nomor`,`a`.`so_customer_status` AS `so_customer_status`,if((`a`.`so_customer_status` = 1),'SO Baru',if((`a`.`so_customer_status` = 2),'SO Disetujui',if((`a`.`so_customer_status` = 3),'Terbit SJ',if((`a`.`so_customer_status` = 4),'SO Tidak Disetujui','Terbit Faktur')))) AS `so_customer_status_nama` from ((`t_so_customer` `a` join `m_cabang` `b` on((`b`.`cabang_id` = `a`.`m_cabang_id`))) join `t_po_customer` `c` on((`c`.`po_customer_id` = `a`.`t_po_customer_id`)))) */;

/*View structure for view v_stok_gudang */

/*!50001 DROP TABLE IF EXISTS `v_stok_gudang` */;
/*!50001 DROP VIEW IF EXISTS `v_stok_gudang` */;

/*!50001 CREATE VIEW `v_stok_gudang` AS (select `a`.`barang_id` AS `barang_id`,`b`.`jenis_barang_id` AS `jenis_barang_id`,`b`.`jenis_barang_nama` AS `jenis_barang_nama`,`a`.`barang_nomor` AS `barang_nomor`,`a`.`barang_nama` AS `barang_nama`,`a`.`barang_status_aktif` AS `barang_status_aktif`,`c`.`satuan_id` AS `satuan_id`,`c`.`satuan_nama` AS `satuan_nama`,`a`.`barang_minimum_stok` AS `stok_minimum`,`d`.`stok_gudang_jumlah` AS `stok_gudang`,`e`.`gudang_id` AS `gudang_id`,`e`.`gudang_nama` AS `gudang_nama`,`f`.`cabang_id` AS `id_cabang`,`f`.`cabang_nama` AS `cabang_nama` from (((((`m_barang` `a` join `m_jenis_barang` `b` on((`b`.`jenis_barang_id` = `a`.`m_jenis_barang_id`))) join `m_satuan` `c` on((`c`.`satuan_id` = `a`.`m_satuan_id`))) join `t_stok_gudang` `d` on((`d`.`m_barang_id` = `a`.`barang_id`))) join `m_gudang` `e` on((`e`.`gudang_id` = `d`.`m_gudang_id`))) join `m_cabang` `f` on((`f`.`cabang_id` = `e`.`m_cabang_id`)))) */;

/*View structure for view v_sub_atribut */

/*!50001 DROP TABLE IF EXISTS `v_sub_atribut` */;
/*!50001 DROP VIEW IF EXISTS `v_sub_atribut` */;

/*!50001 CREATE VIEW `v_sub_atribut` AS (select `a`.`sub_atribut_id` AS `sub_atribut_id`,`a`.`m_atribut_id` AS `m_atribut_id`,`a`.`sub_atribut_jenis` AS `sub_atribut_jenis`,`a`.`sub_atribut_nama` AS `sub_atribut_nama`,`a`.`sub_atribut_satuan` AS `sub_atribut_satuan`,`a`.`sub_atribut_default_value` AS `sub_atribut_default_value`,`a`.`sub_atribut_status_aktif` AS `sub_atribut_status_aktif`,`a`.`sub_atribut_create_date` AS `sub_atribut_create_date`,`a`.`sub_atribut_create_by` AS `sub_atribut_create_by`,`a`.`sub_atribut_update_date` AS `sub_atribut_update_date`,`a`.`sub_atribut_update_by` AS `sub_atribut_update_by`,`a`.`sub_atribut_revised` AS `sub_atribut_revised`,`b`.`atribut_nama` AS `atribut_nama`,`b`.`m_barang_id` AS `m_barang_id`,`e`.`barang_nama` AS `barang_nama`,`f`.`satuan_nama` AS `satuan_nama` from (((`m_sub_atribut_barang` `a` left join `m_atribut_barang` `b` on((`a`.`m_atribut_id` = `b`.`atribut_id`))) left join `m_barang` `e` on((`b`.`m_barang_id` = `e`.`barang_id`))) left join `m_satuan` `f` on((`a`.`sub_atribut_satuan` = `f`.`satuan_id`)))) */;

/*View structure for view v_surat_jalan */

/*!50001 DROP TABLE IF EXISTS `v_surat_jalan` */;
/*!50001 DROP VIEW IF EXISTS `v_surat_jalan` */;

/*!50001 CREATE VIEW `v_surat_jalan` AS (select `a`.`surat_jalan_id` AS `surat_jalan_id`,`a`.`surat_jalan_nomor` AS `surat_jalan_nomor`,`b`.`cabang_id` AS `cabang_id`,`b`.`cabang_nama` AS `cabang_nama`,`a`.`surat_jalan_jenis` AS `surat_jalan_jenis`,if((`a`.`surat_jalan_jenis` = 0),'Surat Jalan Retur',if((`a`.`surat_jalan_jenis` = 2),'Surat Jalan Work Order','Surat Jalan Sales Order')) AS `surat_jalan_jenis_nama`,if((`a`.`surat_jalan_jenis` = 0),`e`.`nota_debet_nomor`,if((`a`.`surat_jalan_jenis` = 2),`d`.`order_nomor`,`f`.`so_customer_nomor`)) AS `nomor_referensi`,`a`.`surat_jalan_tanggal` AS `surat_jalan_tanggal`,`a`.`surat_jalan_tanggal_kirim` AS `surat_jalan_tanggal_kirim`,`a`.`surat_jalan_ekspedisi` AS `surat_jalan_ekspedisi`,`a`.`t_so_customer_id` AS `so_customer_id`,`e`.`nota_debet_id` AS `nota_debet_id`,`e`.`nota_debet_nomor` AS `nota_debet_nomor`,`c`.`partner_id` AS `partner_id`,`c`.`partner_nama` AS `partner_nama`,`d`.`order_id` AS `order_id`,`d`.`order_nomor` AS `order_nomor`,`a`.`surat_jalan_status` AS `surat_jalan_status`,`a`.`surat_jalan_status_date` AS `surat_jalan_status_date`,`a`.`surat_jalan_created_date` AS `surat_jalan_created_date`,`a`.`surat_jalan_created_by` AS `surat_jalan_created_by`,`a`.`surat_jalan_update_date` AS `surat_jalan_update_date`,`a`.`surat_jalan_update_by` AS `surat_jalan_update_by`,`a`.`surat_jalan_revised` AS `surat_jalan_revised` from (((((`t_surat_jalan` `a` join `m_cabang` `b` on((`b`.`cabang_id` = `a`.`m_cabang_id`))) join `m_partner` `c` on((`c`.`partner_id` = `a`.`m_partner_id`))) left join `t_order` `d` on((`d`.`order_id` = `a`.`t_order_id`))) left join `t_nota_debet` `e` on((`e`.`nota_debet_id` = `a`.`t_nota_debet_id`))) left join `t_so_customer` `f` on((`f`.`so_customer_id` = `a`.`t_so_customer_id`)))) */;

/*View structure for view v_transfer_gudang */

/*!50001 DROP TABLE IF EXISTS `v_transfer_gudang` */;
/*!50001 DROP VIEW IF EXISTS `v_transfer_gudang` */;

/*!50001 CREATE VIEW `v_transfer_gudang` AS select `a`.`transfer_gudang_id` AS `transfer_gudang_id`,`a`.`transfer_gudang_nomor` AS `transfer_gudang_nomor`,`a`.`transfer_gudang_tanggal` AS `transfer_gudang_tanggal`,`b`.`gudang_id` AS `gudang_id_awal`,`b`.`gudang_nama` AS `gudang_nama_awal`,`c`.`cabang_id` AS `cabang_id_awal`,`c`.`cabang_nama` AS `cabang_nama_awal`,`a`.`transfer_gudang_tanggal_terima` AS `transfer_gudang_tanggal_terima`,`d`.`gudang_id` AS `gudang_id_akhir`,`d`.`gudang_nama` AS `gudang_nama_akhir`,`e`.`cabang_id` AS `cabang_id_akhir`,`e`.`cabang_nama` AS `cabang_nama_akhir`,`a`.`transfer_gudang_status` AS `transfer_gudang_status`,if((`a`.`transfer_gudang_status` = 1),'Transfer Gudang Baru',if((`a`.`transfer_gudang_status` = 2),'Transfer Gudang Diterima','Transfer Gudang Ditolak')) AS `transfer_gudang_status_nama`,`a`.`transfer_gudang_created_date` AS `transfer_gudang_created_date`,`a`.`transfer_gudang_created_by` AS `transfer_gudang_created_by`,`a`.`transfer_gudang_update_date` AS `transfer_gudang_update_date`,`a`.`transfer_gudang_update_by` AS `transfer_gudang_update_by`,`a`.`transfer_gudang_revised` AS `transfer_gudang_revised` from ((((`t_transfer_gudang` `a` left join `m_gudang` `b` on((`a`.`m_gudang_id_awal` = `b`.`gudang_id`))) left join `m_cabang` `c` on((`a`.`m_cabang_id_awal` = `c`.`cabang_id`))) left join `m_gudang` `d` on((`a`.`m_gudang_id_akhir` = `d`.`gudang_id`))) left join `m_cabang` `e` on((`a`.`m_cabang_id_akhir` = `e`.`cabang_id`))) */;

/*View structure for view v_user */

/*!50001 DROP TABLE IF EXISTS `v_user` */;
/*!50001 DROP VIEW IF EXISTS `v_user` */;

/*!50001 CREATE VIEW `v_user` AS select `a`.`user_id` AS `user_id`,`a`.`user_username` AS `user_username`,`b`.`karyawan_id` AS `karyawan_id`,`b`.`karyawan_nama` AS `karyawan_nama`,`a`.`user_status_aktif` AS `user_status_aktif`,if((`a`.`user_status_aktif` = 'y'),'Aktif','Non Aktif') AS `user_status_nama` from (`s_user` `a` left join `m_karyawan` `b` on((`a`.`m_karyawan_id` = `b`.`karyawan_id`))) */;

/*!40101 SET SQL_MODE=@OLD_SQL_MODE */;
/*!40014 SET FOREIGN_KEY_CHECKS=@OLD_FOREIGN_KEY_CHECKS */;
/*!40014 SET UNIQUE_CHECKS=@OLD_UNIQUE_CHECKS */;
/*!40111 SET SQL_NOTES=@OLD_SQL_NOTES */;
